roboflow_path,roboflow_rel_path,roboflow_split,match_path,match_rel_path,match_split,source,method,distance,decision
C:\Pywork\dental\dental\data\raw\zenodo\panoramic_radiography_yolo_dataset_14_classes\test\images\v15.jpg,test/images/v15.jpg,test,C:\Pywork\dental\dental\data\detection_hierarchical\images\train\test_217.png,test_217.png,train,existing,dhash,5,exclude
C:\Pywork\dental\dental\data\raw\zenodo\panoramic_radiography_yolo_dataset_14_classes\test\images\v23.jpg,test/images/v23.jpg,test,C:\Pywork\dental\dental\data\detection_hierarchical\images\train\test_17.png,test_17.png,train,existing,dhash,7,exclude
C:\Pywork\dental\dental\data\raw\zenodo\panoramic_radiography_yolo_dataset_14_classes\test\images\v52.jpg,test/images/v52.jpg,test,C:\Pywork\dental\dental\data\detection_hierarchical\images\train\cx_015457.jpg,cx_015457.jpg,train,existing,dhash,6,exclude
C:\Pywork\dental\dental\data\raw\zenodo\panoramic_radiography_yolo_dataset_14_classes\test\images\v61.jpg,test/images/v61.jpg,test,C:\Pywork\dental\dental\data\detection_hierarchical\images\train\umfih_1267.jpg,umfih_1267.jpg,train,existing,dhash,8,exclude
C:\Pywork\dental\dental\data\raw\zenodo\panoramic_radiography_yolo_dataset_14_classes\test\images\v64.jpg,test/images/v64.jpg,test,C:\Pywork\dental\dental\data\detection_hierarchical\images\train\umfih_1538.jpg,umfih_1538.jpg,train,existing,dhash,8,exclude
C:\Pywork\dental\dental\data\raw\zenodo\panoramic_radiography_yolo_dataset_14_classes\test\images\v65.jpg,test/images/v65.jpg,test,C:\Pywork\dental\dental\data\detection_hierarchical\images\train\umfih_1045.jpg,umfih_1045.jpg,train,existing,dhash,8,exclude
C:\Pywork\dental\dental\data\raw\zenodo\panoramic_radiography_yolo_dataset_14_classes\test\images\v66.jpg,test/images/v66.jpg,test,C:\Pywork\dental\dental\data\detection_hierarchical\images\train\umfih_1198.jpg,umfih_1198.jpg,train,existing,dhash,5,exclude
C:\Pywork\dental\dental\data\raw\zenodo\panoramic_radiography_yolo_dataset_14_classes\test\images\v72.jpg,test/images/v72.jpg,test,C:\Pywork\dental\dental\data\detection_hierarchical\images\train\umfih_1039.jpg,umfih_1039.jpg,train,existing,dhash,7,exclude
C:\Pywork\dental\dental\data\raw\zenodo\panoramic_radiography_yolo_dataset_14_classes\test\images\v78.jpg,test/images/v78.jpg,test,C:\Pywork\dental\dental\data\detection_hierarchical\images\train\umfih_394.jpg,umfih_394.jpg,train,existing,dhash,6,exclude
C:\Pywork\dental\dental\data\raw\zenodo\panoramic_radiography_yolo_dataset_14_classes\test\images\v79.jpg,test/images/v79.jpg,test,C:\Pywork\dental\dental\data\detection_hierarchical\images\train\umfih_43.jpg,umfih_43.jpg,train,existing,dhash,7,exclude
C:\Pywork\dental\dental\data\raw\zenodo\panoramic_radiography_yolo_dataset_14_classes\test\images\v80.jpg,test/images/v80.jpg,test,C:\Pywork\dental\dental\data\detection_hierarchical\images\train\umfih_223.jpg,umfih_223.jpg,train,existing,dhash,5,exclude
C:\Pywork\dental\dental\data\raw\zenodo\panoramic_radiography_yolo_dataset_14_classes\test\images\v81.jpg,test/images/v81.jpg,test,C:\Pywork\dental\dental\data\detection_hierarchical\images\train\umfih_1051.jpg,umfih_1051.jpg,train,existing,dhash,8,exclude
C:\Pywork\dental\dental\data\raw\zenodo\panoramic_radiography_yolo_dataset_14_classes\test\images\v83.jpg,test/images/v83.jpg,test,C:\Pywork\dental\dental\data\detection_hierarchical\images\train\umfih_82.jpg,umfih_82.jpg,train,existing,dhash,8,exclude
C:\Pywork\dental\dental\data\raw\zenodo\panoramic_radiography_yolo_dataset_14_classes\test\images\v84.jpg,test/images/v84.jpg,test,C:\Pywork\dental\dental\data\detection_hierarchical\images\train\cx_022076.jpg,cx_022076.jpg,train,existing,dhash,6,exclude
C:\Pywork\dental\dental\data\raw\zenodo\panoramic_radiography_yolo_dataset_14_classes\test\images\v86.jpg,test/images/v86.jpg,test,C:\Pywork\dental\dental\data\detection_hierarchical\images\train\umfih_43.jpg,umfih_43.jpg,train,existing,dhash,6,exclude
C:\Pywork\dental\dental\data\raw\zenodo\panoramic_radiography_yolo_dataset_14_classes\test\images\v9.jpg,test/images/v9.jpg,test,C:\Pywork\dental\dental\data\detection_hierarchical\images\train\cx_010103.jpg,cx_010103.jpg,train,existing,dhash,6,exclude
C:\Pywork\dental\dental\data\raw\zenodo\panoramic_radiography_yolo_dataset_14_classes\test\images\v90.jpg,test/images/v90.jpg,test,C:\Pywork\dental\dental\data\detection_hierarchical\images\val\cx_013115.jpg,cx_013115.jpg,val,existing,dhash,7,exclude
C:\Pywork\dental\dental\data\raw\zenodo\panoramic_radiography_yolo_dataset_14_classes\test\images\v93.jpg,test/images/v93.jpg,test,C:\Pywork\dental\dental\data\detection_hierarchical\images\train\umfih_874.jpg,umfih_874.jpg,train,existing,dhash,6,exclude
C:\Pywork\dental\dental\data\raw\zenodo\panoramic_radiography_yolo_dataset_14_classes\test\images\v98.jpg,test/images/v98.jpg,test,C:\Pywork\dental\dental\data\detection_hierarchical\images\train\umfih_53.jpg,umfih_53.jpg,train,existing,dhash,8,exclude
C:\Pywork\dental\dental\data\raw\zenodo\panoramic_radiography_yolo_dataset_14_classes\test_alte_cabinete\Ext-validation\images\1.jpg,test_alte_cabinete/Ext-validation/images/1.jpg,roboflow,C:\Pywork\dental\dental\data\detection_hierarchical\images\train\test_140.png,test_140.png,train,existing,dhash,8,exclude
C:\Pywork\dental\dental\data\raw\zenodo\panoramic_radiography_yolo_dataset_14_classes\test_alte_cabinete\Ext-validation\images\100.jpg,test_alte_cabinete/Ext-validation/images/100.jpg,roboflow,C:\Pywork\dental\dental\data\detection_hierarchical\images\train\cx_014618.jpg,cx_014618.jpg,train,existing,dhash,8,exclude
C:\Pywork\dental\dental\data\raw\zenodo\panoramic_radiography_yolo_dataset_14_classes\test_alte_cabinete\Ext-validation\images\101.jpg,test_alte_cabinete/Ext-validation/images/101.jpg,roboflow,C:\Pywork\dental\dental\data\detection_hierarchical\images\train\umfih_975.jpg,umfih_975.jpg,train,existing,dhash,6,exclude
C:\Pywork\dental\dental\data\raw\zenodo\panoramic_radiography_yolo_dataset_14_classes\test_alte_cabinete\Ext-validation\images\106.jpg,test_alte_cabinete/Ext-validation/images/106.jpg,roboflow,C:\Pywork\dental\dental\data\detection_hierarchical\images\train\umfih_307.jpg,umfih_307.jpg,train,existing,dhash,8,exclude
C:\Pywork\dental\dental\data\raw\zenodo\panoramic_radiography_yolo_dataset_14_classes\test_alte_cabinete\Ext-validation\images\107.jpg,test_alte_cabinete/Ext-validation/images/107.jpg,roboflow,C:\Pywork\dental\dental\data\detection_hierarchical\images\train\cx_022077.jpg,cx_022077.jpg,train,existing,dhash,7,exclude
C:\Pywork\dental\dental\data\raw\zenodo\panoramic_radiography_yolo_dataset_14_classes\test_alte_cabinete\Ext-validation\images\11.jpg,test_alte_cabinete/Ext-validation/images/11.jpg,roboflow,C:\Pywork\dental\dental\data\detection_hierarchical\images\test\cx_019802.jpg,cx_019802.jpg,test,existing,dhash,7,exclude
C:\Pywork\dental\dental\data\raw\zenodo\panoramic_radiography_yolo_dataset_14_classes\test_alte_cabinete\Ext-validation\images\113.jpg,test_alte_cabinete/Ext-validation/images/113.jpg,roboflow,C:\Pywork\dental\dental\data\detection_hierarchical\images\train\umfih_942.jpg,umfih_942.jpg,train,existing,dhash,7,exclude
C:\Pywork\dental\dental\data\raw\zenodo\panoramic_radiography_yolo_dataset_14_classes\test_alte_cabinete\Ext-validation\images\114.jpg,test_alte_cabinete/Ext-validation/images/114.jpg,roboflow,C:\Pywork\dental\dental\data\detection_hierarchical\images\train\cx_022366.jpg,cx_022366.jpg,train,existing,dhash,8,exclude
C:\Pywork\dental\dental\data\raw\zenodo\panoramic_radiography_yolo_dataset_14_classes\test_alte_cabinete\Ext-validation\images\119.jpg,test_alte_cabinete/Ext-validation/images/119.jpg,roboflow,C:\Pywork\dental\dental\data\detection_hierarchical\images\train\cx_024111.jpg,cx_024111.jpg,train,existing,dhash,7,exclude
C:\Pywork\dental\dental\data\raw\zenodo\panoramic_radiography_yolo_dataset_14_classes\test_alte_cabinete\Ext-validation\images\123.jpg,test_alte_cabinete/Ext-validation/images/123.jpg,roboflow,C:\Pywork\dental\dental\data\detection_hierarchical\images\train\umfih_724.jpg,umfih_724.jpg,train,existing,dhash,6,exclude
C:\Pywork\dental\dental\data\raw\zenodo\panoramic_radiography_yolo_dataset_14_classes\test_alte_cabinete\Ext-validation\images\126.jpg,test_alte_cabinete/Ext-validation/images/126.jpg,roboflow,C:\Pywork\dental\dental\data\detection_hierarchical\images\train\cx_020617.jpg,cx_020617.jpg,train,existing,dhash,5,exclude
C:\Pywork\dental\dental\data\raw\zenodo\panoramic_radiography_yolo_dataset_14_classes\test_alte_cabinete\Ext-validation\images\127.jpg,test_alte_cabinete/Ext-validation/images/127.jpg,roboflow,C:\Pywork\dental\dental\data\detection_hierarchical\images\train\umfih_307.jpg,umfih_307.jpg,train,existing,dhash,8,exclude
C:\Pywork\dental\dental\data\raw\zenodo\panoramic_radiography_yolo_dataset_14_classes\test_alte_cabinete\Ext-validation\images\129.jpg,test_alte_cabinete/Ext-validation/images/129.jpg,roboflow,C:\Pywork\dental\dental\data\detection_hierarchical\images\train\umfih_1533.jpg,umfih_1533.jpg,train,existing,dhash,6,exclude
C:\Pywork\dental\dental\data\raw\zenodo\panoramic_radiography_yolo_dataset_14_classes\test_alte_cabinete\Ext-validation\images\130.jpg,test_alte_cabinete/Ext-validation/images/130.jpg,roboflow,C:\Pywork\dental\dental\data\detection_hierarchical\images\train\cx_007400.jpg,cx_007400.jpg,train,existing,dhash,7,exclude
C:\Pywork\dental\dental\data\raw\zenodo\panoramic_radiography_yolo_dataset_14_classes\test_alte_cabinete\Ext-validation\images\131.jpg,test_alte_cabinete/Ext-validation/images/131.jpg,roboflow,C:\Pywork\dental\dental\data\detection_hierarchical\images\train\cx_013847.jpg,cx_013847.jpg,train,existing,dhash,8,exclude
C:\Pywork\dental\dental\data\raw\zenodo\panoramic_radiography_yolo_dataset_14_classes\test_alte_cabinete\Ext-validation\images\132.jpg,test_alte_cabinete/Ext-validation/images/132.jpg,roboflow,C:\Pywork\dental\dental\data\detection_hierarchical\images\train\cx_013157.jpg,cx_013157.jpg,train,existing,dhash,7,exclude
C:\Pywork\dental\dental\data\raw\zenodo\panoramic_radiography_yolo_dataset_14_classes\test_alte_cabinete\Ext-validation\images\135.jpg,test_alte_cabinete/Ext-validation/images/135.jpg,roboflow,C:\Pywork\dental\dental\data\detection_hierarchical\images\train\umfih_1438.jpg,umfih_1438.jpg,train,existing,dhash,8,exclude
C:\Pywork\dental\dental\data\raw\zenodo\panoramic_radiography_yolo_dataset_14_classes\test_alte_cabinete\Ext-validation\images\137.jpg,test_alte_cabinete/Ext-validation/images/137.jpg,roboflow,C:\Pywork\dental\dental\data\detection_hierarchical\images\train\cx_016460.jpg,cx_016460.jpg,train,existing,dhash,5,exclude
C:\Pywork\dental\dental\data\raw\zenodo\panoramic_radiography_yolo_dataset_14_classes\test_alte_cabinete\Ext-validation\images\138.jpg,test_alte_cabinete/Ext-validation/images/138.jpg,roboflow,C:\Pywork\dental\dental\data\detection_hierarchical\images\train\cx_023183.jpg,cx_023183.jpg,train,existing,dhash,8,exclude
C:\Pywork\dental\dental\data\raw\zenodo\panoramic_radiography_yolo_dataset_14_classes\test_alte_cabinete\Ext-validation\images\15.jpg,test_alte_cabinete/Ext-validation/images/15.jpg,roboflow,C:\Pywork\dental\dental\data\detection_hierarchical\images\train\cx_025116.jpg,cx_025116.jpg,train,existing,dhash,7,exclude
C:\Pywork\dental\dental\data\raw\zenodo\panoramic_radiography_yolo_dataset_14_classes\test_alte_cabinete\Ext-validation\images\150.jpg,test_alte_cabinete/Ext-validation/images/150.jpg,roboflow,C:\Pywork\dental\dental\data\detection_hierarchical\images\train\cx_016669.jpg,cx_016669.jpg,train,existing,dhash,6,exclude
C:\Pywork\dental\dental\data\raw\zenodo\panoramic_radiography_yolo_dataset_14_classes\test_alte_cabinete\Ext-validation\images\152.jpg,test_alte_cabinete/Ext-validation/images/152.jpg,roboflow,C:\Pywork\dental\dental\data\detection_hierarchical\images\train\test_120.png,test_120.png,train,existing,dhash,6,exclude
C:\Pywork\dental\dental\data\raw\zenodo\panoramic_radiography_yolo_dataset_14_classes\test_alte_cabinete\Ext-validation\images\159.jpg,test_alte_cabinete/Ext-validation/images/159.jpg,roboflow,C:\Pywork\dental\dental\data\detection_hierarchical\images\train\cx_009458.jpg,cx_009458.jpg,train,existing,dhash,8,exclude
C:\Pywork\dental\dental\data\raw\zenodo\panoramic_radiography_yolo_dataset_14_classes\test_alte_cabinete\Ext-validation\images\160.jpg,test_alte_cabinete/Ext-validation/images/160.jpg,roboflow,C:\Pywork\dental\dental\data\detection_hierarchical\images\train\cx_000834.jpg,cx_000834.jpg,train,existing,dhash,8,exclude
C:\Pywork\dental\dental\data\raw\zenodo\panoramic_radiography_yolo_dataset_14_classes\test_alte_cabinete\Ext-validation\images\161.jpg,test_alte_cabinete/Ext-validation/images/161.jpg,roboflow,C:\Pywork\dental\dental\data\detection_hierarchical\images\train\cx_010922.jpg,cx_010922.jpg,train,existing,dhash,8,exclude
C:\Pywork\dental\dental\data\raw\zenodo\panoramic_radiography_yolo_dataset_14_classes\test_alte_cabinete\Ext-validation\images\166.jpg,test_alte_cabinete/Ext-validation/images/166.jpg,roboflow,C:\Pywork\dental\dental\data\detection_hierarchical\images\train\umfih_1293.jpg,umfih_1293.jpg,train,existing,dhash,6,exclude
C:\Pywork\dental\dental\data\raw\zenodo\panoramic_radiography_yolo_dataset_14_classes\test_alte_cabinete\Ext-validation\images\167.jpg,test_alte_cabinete/Ext-validation/images/167.jpg,roboflow,C:\Pywork\dental\dental\data\detection_hierarchical\images\train\test_197.png,test_197.png,train,existing,dhash,6,exclude
C:\Pywork\dental\dental\data\raw\zenodo\panoramic_radiography_yolo_dataset_14_classes\test_alte_cabinete\Ext-validation\images\169.jpg,test_alte_cabinete/Ext-validation/images/169.jpg,roboflow,C:\Pywork\dental\dental\data\detection_hierarchical\images\train\cx_028600.jpg,cx_028600.jpg,train,existing,dhash,7,exclude
C:\Pywork\dental\dental\data\raw\zenodo\panoramic_radiography_yolo_dataset_14_classes\test_alte_cabinete\Ext-validation\images\176.jpg,test_alte_cabinete/Ext-validation/images/176.jpg,roboflow,C:\Pywork\dental\dental\data\detection_hierarchical\images\train\umfih_1154.jpg,umfih_1154.jpg,train,existing,dhash,5,exclude
C:\Pywork\dental\dental\data\raw\zenodo\panoramic_radiography_yolo_dataset_14_classes\test_alte_cabinete\Ext-validation\images\177.jpg,test_alte_cabinete/Ext-validation/images/177.jpg,roboflow,C:\Pywork\dental\dental\data\detection_hierarchical\images\train\umfih_1378.jpg,umfih_1378.jpg,train,existing,dhash,5,exclude
C:\Pywork\dental\dental\data\raw\zenodo\panoramic_radiography_yolo_dataset_14_classes\test_alte_cabinete\Ext-validation\images\178.jpg,test_alte_cabinete/Ext-validation/images/178.jpg,roboflow,C:\Pywork\dental\dental\data\detection_hierarchical\images\train\umfih_261.jpg,umfih_261.jpg,train,existing,dhash,6,exclude
C:\Pywork\dental\dental\data\raw\zenodo\panoramic_radiography_yolo_dataset_14_classes\test_alte_cabinete\Ext-validation\images\179.jpg,test_alte_cabinete/Ext-validation/images/179.jpg,roboflow,C:\Pywork\dental\dental\data\detection_hierarchical\images\val\umfih_1130.jpg,umfih_1130.jpg,val,existing,dhash,8,exclude
C:\Pywork\dental\dental\data\raw\zenodo\panoramic_radiography_yolo_dataset_14_classes\test_alte_cabinete\Ext-validation\images\19.jpg,test_alte_cabinete/Ext-validation/images/19.jpg,roboflow,C:\Pywork\dental\dental\data\detection_hierarchical\images\train\cx_009458.jpg,cx_009458.jpg,train,existing,dhash,8,exclude
C:\Pywork\dental\dental\data\raw\zenodo\panoramic_radiography_yolo_dataset_14_classes\test_alte_cabinete\Ext-validation\images\23.jpg,test_alte_cabinete/Ext-validation/images/23.jpg,roboflow,C:\Pywork\dental\dental\data\detection_hierarchical\images\train\cx_016899.jpg,cx_016899.jpg,train,existing,dhash,8,exclude
C:\Pywork\dental\dental\data\raw\zenodo\panoramic_radiography_yolo_dataset_14_classes\test_alte_cabinete\Ext-validation\images\24.jpg,test_alte_cabinete/Ext-validation/images/24.jpg,roboflow,C:\Pywork\dental\dental\data\detection_hierarchical\images\train\umfih_86.jpg,umfih_86.jpg,train,existing,dhash,5,exclude
C:\Pywork\dental\dental\data\raw\zenodo\panoramic_radiography_yolo_dataset_14_classes\test_alte_cabinete\Ext-validation\images\27.jpg,test_alte_cabinete/Ext-validation/images/27.jpg,roboflow,C:\Pywork\dental\dental\data\detection_hierarchical\images\train\test_112.png,test_112.png,train,existing,dhash,8,exclude
C:\Pywork\dental\dental\data\raw\zenodo\panoramic_radiography_yolo_dataset_14_classes\test_alte_cabinete\Ext-validation\images\28.jpg,test_alte_cabinete/Ext-validation/images/28.jpg,roboflow,C:\Pywork\dental\dental\data\detection_hierarchical\images\train\cx_023183.jpg,cx_023183.jpg,train,existing,dhash,5,exclude
C:\Pywork\dental\dental\data\raw\zenodo\panoramic_radiography_yolo_dataset_14_classes\test_alte_cabinete\Ext-validation\images\29.jpg,test_alte_cabinete/Ext-validation/images/29.jpg,roboflow,C:\Pywork\dental\dental\data\detection_hierarchical\images\train\cx_024111.jpg,cx_024111.jpg,train,existing,dhash,7,exclude
C:\Pywork\dental\dental\data\raw\zenodo\panoramic_radiography_yolo_dataset_14_classes\test_alte_cabinete\Ext-validation\images\3.jpg,test_alte_cabinete/Ext-validation/images/3.jpg,roboflow,C:\Pywork\dental\dental\data\detection_hierarchical\images\train\umfih_796.jpg,umfih_796.jpg,train,existing,dhash,6,exclude
C:\Pywork\dental\dental\data\raw\zenodo\panoramic_radiography_yolo_dataset_14_classes\test_alte_cabinete\Ext-validation\images\30.jpg,test_alte_cabinete/Ext-validation/images/30.jpg,roboflow,C:\Pywork\dental\dental\data\detection_hierarchical\images\train\umfih_1531.jpg,umfih_1531.jpg,train,existing,dhash,7,exclude
C:\Pywork\dental\dental\data\raw\zenodo\panoramic_radiography_yolo_dataset_14_classes\test_alte_cabinete\Ext-validation\images\32.jpg,test_alte_cabinete/Ext-validation/images/32.jpg,roboflow,C:\Pywork\dental\dental\data\detection_hierarchical\images\train\cx_008022.jpg,cx_008022.jpg,train,existing,dhash,6,exclude
C:\Pywork\dental\dental\data\raw\zenodo\panoramic_radiography_yolo_dataset_14_classes\test_alte_cabinete\Ext-validation\images\37.jpg,test_alte_cabinete/Ext-validation/images/37.jpg,roboflow,C:\Pywork\dental\dental\data\detection_hierarchical\images\train\cx_013157.jpg,cx_013157.jpg,train,existing,dhash,8,exclude
C:\Pywork\dental\dental\data\raw\zenodo\panoramic_radiography_yolo_dataset_14_classes\test_alte_cabinete\Ext-validation\images\4.jpg,test_alte_cabinete/Ext-validation/images/4.jpg,roboflow,C:\Pywork\dental\dental\data\detection_hierarchical\images\train\cx_007285.jpg,cx_007285.jpg,train,existing,dhash,7,exclude
C:\Pywork\dental\dental\data\raw\zenodo\panoramic_radiography_yolo_dataset_14_classes\test_alte_cabinete\Ext-validation\images\41.jpg,test_alte_cabinete/Ext-validation/images/41.jpg,roboflow,C:\Pywork\dental\dental\data\detection_hierarchical\images\train\cx_015948.jpg,cx_015948.jpg,train,existing,dhash,7,exclude
C:\Pywork\dental\dental\data\raw\zenodo\panoramic_radiography_yolo_dataset_14_classes\test_alte_cabinete\Ext-validation\images\45.jpg,test_alte_cabinete/Ext-validation/images/45.jpg,roboflow,C:\Pywork\dental\dental\data\detection_hierarchical\images\train\cx_026308.jpg,cx_026308.jpg,train,existing,dhash,6,exclude
C:\Pywork\dental\dental\data\raw\zenodo\panoramic_radiography_yolo_dataset_14_classes\test_alte_cabinete\Ext-validation\images\5.jpg,test_alte_cabinete/Ext-validation/images/5.jpg,roboflow,C:\Pywork\dental\dental\data\detection_hierarchical\images\train\umfih_132.jpg,umfih_132.jpg,train,existing,dhash,8,exclude
C:\Pywork\dental\dental\data\raw\zenodo\panoramic_radiography_yolo_dataset_14_classes\test_alte_cabinete\Ext-validation\images\58.jpg,test_alte_cabinete/Ext-validation/images/58.jpg,roboflow,C:\Pywork\dental\dental\data\detection_hierarchical\images\train\cx_002056.jpg,cx_002056.jpg,train,existing,dhash,8,exclude
C:\Pywork\dental\dental\data\raw\zenodo\panoramic_radiography_yolo_dataset_14_classes\test_alte_cabinete\Ext-validation\images\6.jpg,test_alte_cabinete/Ext-validation/images/6.jpg,roboflow,C:\Pywork\dental\dental\data\detection_hierarchical\images\train\umfih_1186.jpg,umfih_1186.jpg,train,existing,dhash,8,exclude
C:\Pywork\dental\dental\data\raw\zenodo\panoramic_radiography_yolo_dataset_14_classes\test_alte_cabinete\Ext-validation\images\61.jpg,test_alte_cabinete/Ext-validation/images/61.jpg,roboflow,C:\Pywork\dental\dental\data\detection_hierarchical\images\train\cx_006639.jpg,cx_006639.jpg,train,existing,dhash,5,exclude
C:\Pywork\dental\dental\data\raw\zenodo\panoramic_radiography_yolo_dataset_14_classes\test_alte_cabinete\Ext-validation\images\63.jpg,test_alte_cabinete/Ext-validation/images/63.jpg,roboflow,C:\Pywork\dental\dental\data\detection_hierarchical\images\train\umfih_1533.jpg,umfih_1533.jpg,train,existing,dhash,7,exclude
C:\Pywork\dental\dental\data\raw\zenodo\panoramic_radiography_yolo_dataset_14_classes\test_alte_cabinete\Ext-validation\images\65.jpg,test_alte_cabinete/Ext-validation/images/65.jpg,roboflow,C:\Pywork\dental\dental\data\detection_hierarchical\images\train\cx_020617.jpg,cx_020617.jpg,train,existing,dhash,7,exclude
C:\Pywork\dental\dental\data\raw\zenodo\panoramic_radiography_yolo_dataset_14_classes\test_alte_cabinete\Ext-validation\images\66.jpg,test_alte_cabinete/Ext-validation/images/66.jpg,roboflow,C:\Pywork\dental\dental\data\detection_hierarchical\images\train\cx_019889.jpg,cx_019889.jpg,train,existing,dhash,6,exclude
C:\Pywork\dental\dental\data\raw\zenodo\panoramic_radiography_yolo_dataset_14_classes\test_alte_cabinete\Ext-validation\images\67.jpg,test_alte_cabinete/Ext-validation/images/67.jpg,roboflow,C:\Pywork\dental\dental\data\detection_hierarchical\images\train\cx_009908.jpg,cx_009908.jpg,train,existing,dhash,8,exclude
C:\Pywork\dental\dental\data\raw\zenodo\panoramic_radiography_yolo_dataset_14_classes\test_alte_cabinete\Ext-validation\images\69.jpg,test_alte_cabinete/Ext-validation/images/69.jpg,roboflow,C:\Pywork\dental\dental\data\detection_hierarchical\images\train\cx_025407.jpg,cx_025407.jpg,train,existing,dhash,7,exclude
C:\Pywork\dental\dental\data\raw\zenodo\panoramic_radiography_yolo_dataset_14_classes\test_alte_cabinete\Ext-validation\images\7.jpg,test_alte_cabinete/Ext-validation/images/7.jpg,roboflow,C:\Pywork\dental\dental\data\detection_hierarchical\images\train\umfih_996.jpg,umfih_996.jpg,train,existing,dhash,8,exclude
C:\Pywork\dental\dental\data\raw\zenodo\panoramic_radiography_yolo_dataset_14_classes\test_alte_cabinete\Ext-validation\images\70.jpg,test_alte_cabinete/Ext-validation/images/70.jpg,roboflow,C:\Pywork\dental\dental\data\detection_hierarchical\images\test\cx_025609.jpg,cx_025609.jpg,test,existing,dhash,8,exclude
C:\Pywork\dental\dental\data\raw\zenodo\panoramic_radiography_yolo_dataset_14_classes\test_alte_cabinete\Ext-validation\images\72.jpg,test_alte_cabinete/Ext-validation/images/72.jpg,roboflow,C:\Pywork\dental\dental\data\detection_hierarchical\images\train\umfih_1438.jpg,umfih_1438.jpg,train,existing,dhash,6,exclude
C:\Pywork\dental\dental\data\raw\zenodo\panoramic_radiography_yolo_dataset_14_classes\test_alte_cabinete\Ext-validation\images\74.jpg,test_alte_cabinete/Ext-validation/images/74.jpg,roboflow,C:\Pywork\dental\dental\data\detection_hierarchical\images\train\cx_016490.jpg,cx_016490.jpg,train,existing,dhash,8,exclude
C:\Pywork\dental\dental\data\raw\zenodo\panoramic_radiography_yolo_dataset_14_classes\test_alte_cabinete\Ext-validation\images\75.jpg,test_alte_cabinete/Ext-validation/images/75.jpg,roboflow,C:\Pywork\dental\dental\data\detection_hierarchical\images\test\cx_006206.jpg,cx_006206.jpg,test,existing,dhash,5,exclude
C:\Pywork\dental\dental\data\raw\zenodo\panoramic_radiography_yolo_dataset_14_classes\test_alte_cabinete\Ext-validation\images\78.jpg,test_alte_cabinete/Ext-validation/images/78.jpg,roboflow,C:\Pywork\dental\dental\data\detection_hierarchical\images\train\test_197.png,test_197.png,train,existing,dhash,6,exclude
C:\Pywork\dental\dental\data\raw\zenodo\panoramic_radiography_yolo_dataset_14_classes\test_alte_cabinete\Ext-validation\images\80.jpg,test_alte_cabinete/Ext-validation/images/80.jpg,roboflow,C:\Pywork\dental\dental\data\detection_hierarchical\images\train\umfih_1474.jpg,umfih_1474.jpg,train,existing,dhash,7,exclude
C:\Pywork\dental\dental\data\raw\zenodo\panoramic_radiography_yolo_dataset_14_classes\test_alte_cabinete\Ext-validation\images\81.jpg,test_alte_cabinete/Ext-validation/images/81.jpg,roboflow,C:\Pywork\dental\dental\data\detection_hierarchical\images\train\cx_013307.jpg,cx_013307.jpg,train,existing,dhash,8,exclude
C:\Pywork\dental\dental\data\raw\zenodo\panoramic_radiography_yolo_dataset_14_classes\test_alte_cabinete\Ext-validation\images\87.jpg,test_alte_cabinete/Ext-validation/images/87.jpg,roboflow,C:\Pywork\dental\dental\data\detection_hierarchical\images\train\cx_014483.jpg,cx_014483.jpg,train,existing,dhash,8,exclude
C:\Pywork\dental\dental\data\raw\zenodo\panoramic_radiography_yolo_dataset_14_classes\test_alte_cabinete\Ext-validation\images\89.jpg,test_alte_cabinete/Ext-validation/images/89.jpg,roboflow,C:\Pywork\dental\dental\data\detection_hierarchical\images\test\cx_016075.jpg,cx_016075.jpg,test,existing,dhash,7,exclude
C:\Pywork\dental\dental\data\raw\zenodo\panoramic_radiography_yolo_dataset_14_classes\test_alte_cabinete\Ext-validation\images\92.jpg,test_alte_cabinete/Ext-validation/images/92.jpg,roboflow,C:\Pywork\dental\dental\data\detection_hierarchical\images\train\cx_013013.jpg,cx_013013.jpg,train,existing,dhash,7,exclude
C:\Pywork\dental\dental\data\raw\zenodo\panoramic_radiography_yolo_dataset_14_classes\test_alte_cabinete\Ext-validation\images\93.jpg,test_alte_cabinete/Ext-validation/images/93.jpg,roboflow,C:\Pywork\dental\dental\data\detection_hierarchical\images\train\umfih_583.jpg,umfih_583.jpg,train,existing,dhash,8,exclude
C:\Pywork\dental\dental\data\raw\zenodo\panoramic_radiography_yolo_dataset_14_classes\test_alte_cabinete\Ext-validation\images\96.jpg,test_alte_cabinete/Ext-validation/images/96.jpg,roboflow,C:\Pywork\dental\dental\data\detection_hierarchical\images\train\umfih_117.jpg,umfih_117.jpg,train,existing,dhash,6,exclude
C:\Pywork\dental\dental\data\raw\zenodo\panoramic_radiography_yolo_dataset_14_classes\test_alte_cabinete\Ext-validation\images\98.jpg,test_alte_cabinete/Ext-validation/images/98.jpg,roboflow,C:\Pywork\dental\dental\data\detection_hierarchical\images\train\cx_017049.jpg,cx_017049.jpg,train,existing,dhash,7,exclude
C:\Pywork\dental\dental\data\raw\zenodo\panoramic_radiography_yolo_dataset_14_classes\train\images\1003.jpg,train/images/1003.jpg,train,C:\Pywork\dental\dental\data\detection_hierarchical\images\train\umfih_1031.jpg,umfih_1031.jpg,train,existing,dhash,6,exclude
C:\Pywork\dental\dental\data\raw\zenodo\panoramic_radiography_yolo_dataset_14_classes\train\images\1026.jpg,train/images/1026.jpg,train,C:\Pywork\dental\dental\data\detection_hierarchical\images\train\cx_019889.jpg,cx_019889.jpg,train,existing,dhash,6,exclude
C:\Pywork\dental\dental\data\raw\zenodo\panoramic_radiography_yolo_dataset_14_classes\train\images\1072.jpg,train/images/1072.jpg,train,C:\Pywork\dental\dental\data\detection_hierarchical\images\train\umfih_1073.jpg,umfih_1073.jpg,train,existing,dhash,5,exclude
C:\Pywork\dental\dental\data\raw\zenodo\panoramic_radiography_yolo_dataset_14_classes\train\images\1093.jpg,train/images/1093.jpg,train,C:\Pywork\dental\dental\data\detection_hierarchical\images\train\umfih_642.jpg,umfih_642.jpg,train,existing,dhash,8,exclude
C:\Pywork\dental\dental\data\raw\zenodo\panoramic_radiography_yolo_dataset_14_classes\train\images\1096.jpg,train/images/1096.jpg,train,C:\Pywork\dental\dental\data\detection_hierarchical\images\train\umfih_1092.jpg,umfih_1092.jpg,train,existing,dhash,8,exclude
C:\Pywork\dental\dental\data\raw\zenodo\panoramic_radiography_yolo_dataset_14_classes\train\images\1097.jpg,train/images/1097.jpg,train,C:\Pywork\dental\dental\data\detection_hierarchical\images\train\umfih_642.jpg,umfih_642.jpg,train,existing,dhash,7,exclude
C:\Pywork\dental\dental\data\raw\zenodo\panoramic_radiography_yolo_dataset_14_classes\train\images\1104.jpg,train/images/1104.jpg,train,C:\Pywork\dental\dental\data\detection_hierarchical\images\train\cx_016871.jpg,cx_016871.jpg,train,existing,dhash,6,exclude
C:\Pywork\dental\dental\data\raw\zenodo\panoramic_radiography_yolo_dataset_14_classes\train\images\1139.jpg,train/images/1139.jpg,train,C:\Pywork\dental\dental\data\detection_hierarchical\images\test\umfih_v40.jpg,umfih_v40.jpg,test,existing,dhash,7,exclude
C:\Pywork\dental\dental\data\raw\zenodo\panoramic_radiography_yolo_dataset_14_classes\train\images\1178.jpg,train/images/1178.jpg,train,C:\Pywork\dental\dental\data\detection_hierarchical\images\train\umfih_1031.jpg,umfih_1031.jpg,train,existing,dhash,6,exclude
C:\Pywork\dental\dental\data\raw\zenodo\panoramic_radiography_yolo_dataset_14_classes\train\images\121.jpg,train/images/121.jpg,train,C:\Pywork\dental\dental\data\detection_hierarchical\images\test\cx_007311.jpg,cx_007311.jpg,test,existing,dhash,5,exclude
C:\Pywork\dental\dental\data\raw\zenodo\panoramic_radiography_yolo_dataset_14_classes\train\images\1232.jpg,train/images/1232.jpg,train,C:\Pywork\dental\dental\data\detection_hierarchical\images\train\umfih_438.jpg,umfih_438.jpg,train,existing,dhash,8,exclude
C:\Pywork\dental\dental\data\raw\zenodo\panoramic_radiography_yolo_dataset_14_classes\train\images\1233.jpg,train/images/1233.jpg,train,C:\Pywork\dental\dental\data\detection_hierarchical\images\train\umfih_406.jpg,umfih_406.jpg,train,existing,dhash,8,exclude
C:\Pywork\dental\dental\data\raw\zenodo\panoramic_radiography_yolo_dataset_14_classes\train\images\1247.jpg,train/images/1247.jpg,train,C:\Pywork\dental\dental\data\detection_hierarchical\images\test\umfih_v71.jpg,umfih_v71.jpg,test,existing,dhash,5,exclude
C:\Pywork\dental\dental\data\raw\zenodo\panoramic_radiography_yolo_dataset_14_classes\train\images\1262.jpg,train/images/1262.jpg,train,C:\Pywork\dental\dental\data\detection_hierarchical\images\train\umfih_1533.jpg,umfih_1533.jpg,train,existing,dhash,6,exclude
C:\Pywork\dental\dental\data\raw\zenodo\panoramic_radiography_yolo_dataset_14_classes\train\images\1287.jpg,train/images/1287.jpg,train,C:\Pywork\dental\dental\data\detection_hierarchical\images\train\umfih_982.jpg,umfih_982.jpg,train,existing,dhash,8,exclude
C:\Pywork\dental\dental\data\raw\zenodo\panoramic_radiography_yolo_dataset_14_classes\train\images\1303.jpg,train/images/1303.jpg,train,C:\Pywork\dental\dental\data\detection_hierarchical\images\train\umfih_642.jpg,umfih_642.jpg,train,existing,dhash,8,exclude
C:\Pywork\dental\dental\data\raw\zenodo\panoramic_radiography_yolo_dataset_14_classes\train\images\1304.jpg,train/images/1304.jpg,train,C:\Pywork\dental\dental\data\detection_hierarchical\images\train\umfih_225.jpg,umfih_225.jpg,train,existing,dhash,8,exclude
C:\Pywork\dental\dental\data\raw\zenodo\panoramic_radiography_yolo_dataset_14_classes\train\images\1308.jpg,train/images/1308.jpg,train,C:\Pywork\dental\dental\data\detection_hierarchical\images\train\umfih_1092.jpg,umfih_1092.jpg,train,existing,dhash,8,exclude
C:\Pywork\dental\dental\data\raw\zenodo\panoramic_radiography_yolo_dataset_14_classes\train\images\1316.jpg,train/images/1316.jpg,train,C:\Pywork\dental\dental\data\detection_hierarchical\images\train\umfih_176.jpg,umfih_176.jpg,train,existing,dhash,7,exclude
C:\Pywork\dental\dental\data\raw\zenodo\panoramic_radiography_yolo_dataset_14_classes\train\images\1319.jpg,train/images/1319.jpg,train,C:\Pywork\dental\dental\data\detection_hierarchical\images\val\umfih_600.jpg,umfih_600.jpg,val,existing,dhash,6,exclude
C:\Pywork\dental\dental\data\raw\zenodo\panoramic_radiography_yolo_dataset_14_classes\train\images\1324.jpg,train/images/1324.jpg,train,C:\Pywork\dental\dental\data\detection_hierarchical\images\train\umfih_946.jpg,umfih_946.jpg,train,existing,dhash,5,exclude
C:\Pywork\dental\dental\data\raw\zenodo\panoramic_radiography_yolo_dataset_14_classes\train\images\1325.jpg,train/images/1325.jpg,train,C:\Pywork\dental\dental\data\detection_hierarchical\images\train\umfih_364.jpg,umfih_364.jpg,train,existing,dhash,8,exclude
C:\Pywork\dental\dental\data\raw\zenodo\panoramic_radiography_yolo_dataset_14_classes\train\images\1351.jpg,train/images/1351.jpg,train,C:\Pywork\dental\dental\data\detection_hierarchical\images\train\cx_012595.jpg,cx_012595.jpg,train,existing,dhash,5,exclude
C:\Pywork\dental\dental\data\raw\zenodo\panoramic_radiography_yolo_dataset_14_classes\train\images\1361.jpg,train/images/1361.jpg,train,C:\Pywork\dental\dental\data\detection_hierarchical\images\train\cx_014878.jpg,cx_014878.jpg,train,existing,dhash,5,exclude
C:\Pywork\dental\dental\data\raw\zenodo\panoramic_radiography_yolo_dataset_14_classes\train\images\1364.jpg,train/images/1364.jpg,train,C:\Pywork\dental\dental\data\detection_hierarchical\images\train\umfih_1157.jpg,umfih_1157.jpg,train,existing,dhash,8,exclude
C:\Pywork\dental\dental\data\raw\zenodo\panoramic_radiography_yolo_dataset_14_classes\train\images\1366.jpg,train/images/1366.jpg,train,C:\Pywork\dental\dental\data\detection_hierarchical\images\test\cx_013951.jpg,cx_013951.jpg,test,existing,dhash,7,exclude
C:\Pywork\dental\dental\data\raw\zenodo\panoramic_radiography_yolo_dataset_14_classes\train\images\1371.jpg,train/images/1371.jpg,train,C:\Pywork\dental\dental\data\detection_hierarchical\images\train\cx_027142.jpg,cx_027142.jpg,train,existing,dhash,5,exclude
C:\Pywork\dental\dental\data\raw\zenodo\panoramic_radiography_yolo_dataset_14_classes\train\images\1373.jpg,train/images/1373.jpg,train,C:\Pywork\dental\dental\data\detection_hierarchical\images\train\cx_015473.jpg,cx_015473.jpg,train,existing,dhash,8,exclude
C:\Pywork\dental\dental\data\raw\zenodo\panoramic_radiography_yolo_dataset_14_classes\train\images\1375.jpg,train/images/1375.jpg,train,C:\Pywork\dental\dental\data\detection_hierarchical\images\train\cx_028147.jpg,cx_028147.jpg,train,existing,dhash,6,exclude
C:\Pywork\dental\dental\data\raw\zenodo\panoramic_radiography_yolo_dataset_14_classes\train\images\1379.jpg,train/images/1379.jpg,train,C:\Pywork\dental\dental\data\detection_hierarchical\images\train\cx_020979.jpg,cx_020979.jpg,train,existing,dhash,6,exclude
C:\Pywork\dental\dental\data\raw\zenodo\panoramic_radiography_yolo_dataset_14_classes\train\images\1382.jpg,train/images/1382.jpg,train,C:\Pywork\dental\dental\data\detection_hierarchical\images\train\umfih_148.jpg,umfih_148.jpg,train,existing,dhash,5,exclude
C:\Pywork\dental\dental\data\raw\zenodo\panoramic_radiography_yolo_dataset_14_classes\train\images\1386.jpg,train/images/1386.jpg,train,C:\Pywork\dental\dental\data\detection_hierarchical\images\val\cx_024106.jpg,cx_024106.jpg,val,existing,dhash,7,exclude
C:\Pywork\dental\dental\data\raw\zenodo\panoramic_radiography_yolo_dataset_14_classes\train\images\1395.jpg,train/images/1395.jpg,train,C:\Pywork\dental\dental\data\detection_hierarchical\images\train\cx_023466.jpg,cx_023466.jpg,train,existing,dhash,7,exclude
C:\Pywork\dental\dental\data\raw\zenodo\panoramic_radiography_yolo_dataset_14_classes\train\images\1399.jpg,train/images/1399.jpg,train,C:\Pywork\dental\dental\data\detection_hierarchical\images\train\cx_021628.jpg,cx_021628.jpg,train,existing,dhash,8,exclude
C:\Pywork\dental\dental\data\raw\zenodo\panoramic_radiography_yolo_dataset_14_classes\train\images\1416.jpg,train/images/1416.jpg,train,C:\Pywork\dental\dental\data\detection_hierarchical\images\train\cx_000415.jpg,cx_000415.jpg,train,existing,dhash,6,exclude
C:\Pywork\dental\dental\data\raw\zenodo\panoramic_radiography_yolo_dataset_14_classes\train\images\1458.jpg,train/images/1458.jpg,train,C:\Pywork\dental\dental\data\detection_hierarchical\images\train\umfih_749.jpg,umfih_749.jpg,train,existing,dhash,8,exclude
C:\Pywork\dental\dental\data\raw\zenodo\panoramic_radiography_yolo_dataset_14_classes\train\images\146.jpg,train/images/146.jpg,train,C:\Pywork\dental\dental\data\detection_hierarchical\images\train\umfih_1157.jpg,umfih_1157.jpg,train,existing,dhash,5,exclude
C:\Pywork\dental\dental\data\raw\zenodo\panoramic_radiography_yolo_dataset_14_classes\train\images\1468.jpg,train/images/1468.jpg,train,C:\Pywork\dental\dental\data\detection_hierarchical\images\val\umfih_530.jpg,umfih_530.jpg,val,existing,dhash,6,exclude
C:\Pywork\dental\dental\data\raw\zenodo\panoramic_radiography_yolo_dataset_14_classes\train\images\1495.jpg,train/images/1495.jpg,train,C:\Pywork\dental\dental\data\detection_hierarchical\images\val\umfih_880.jpg,umfih_880.jpg,val,existing,dhash,8,exclude
C:\Pywork\dental\dental\data\raw\zenodo\panoramic_radiography_yolo_dataset_14_classes\train\images\1524.jpg,train/images/1524.jpg,train,C:\Pywork\dental\dental\data\detection_hierarchical\images\train\umfih_174.jpg,umfih_174.jpg,train,existing,dhash,7,exclude
C:\Pywork\dental\dental\data\raw\zenodo\panoramic_radiography_yolo_dataset_14_classes\train\images\1534.jpg,train/images/1534.jpg,train,C:\Pywork\dental\dental\data\detection_hierarchical\images\train\umfih_1438.jpg,umfih_1438.jpg,train,existing,dhash,7,exclude
C:\Pywork\dental\dental\data\raw\zenodo\panoramic_radiography_yolo_dataset_14_classes\train\images\156.jpg,train/images/156.jpg,train,C:\Pywork\dental\dental\data\detection_hierarchical\images\train\umfih_1157.jpg,umfih_1157.jpg,train,existing,dhash,8,exclude
C:\Pywork\dental\dental\data\raw\zenodo\panoramic_radiography_yolo_dataset_14_classes\train\images\165.jpg,train/images/165.jpg,train,C:\Pywork\dental\dental\data\detection_hierarchical\images\train\umfih_1432.jpg,umfih_1432.jpg,train,existing,dhash,8,exclude
C:\Pywork\dental\dental\data\raw\zenodo\panoramic_radiography_yolo_dataset_14_classes\train\images\167.jpg,train/images/167.jpg,train,C:\Pywork\dental\dental\data\detection_hierarchical\images\train\umfih_237.jpg,umfih_237.jpg,train,existing,dhash,8,exclude
C:\Pywork\dental\dental\data\raw\zenodo\panoramic_radiography_yolo_dataset_14_classes\train\images\169.jpg,train/images/169.jpg,train,C:\Pywork\dental\dental\data\detection_hierarchical\images\train\cx_027142.jpg,cx_027142.jpg,train,existing,dhash,8,exclude
C:\Pywork\dental\dental\data\raw\zenodo\panoramic_radiography_yolo_dataset_14_classes\train\images\178.jpg,train/images/178.jpg,train,C:\Pywork\dental\dental\data\detection_hierarchical\images\train\umfih_799.jpg,umfih_799.jpg,train,existing,dhash,5,exclude
C:\Pywork\dental\dental\data\raw\zenodo\panoramic_radiography_yolo_dataset_14_classes\train\images\18.jpg,train/images/18.jpg,train,C:\Pywork\dental\dental\data\detection_hierarchical\images\train\umfih_1134.jpg,umfih_1134.jpg,train,existing,dhash,7,exclude
C:\Pywork\dental\dental\data\raw\zenodo\panoramic_radiography_yolo_dataset_14_classes\train\images\182.jpg,train/images/182.jpg,train,C:\Pywork\dental\dental\data\detection_hierarchical\images\train\test_152.png,test_152.png,train,existing,dhash,7,exclude
C:\Pywork\dental\dental\data\raw\zenodo\panoramic_radiography_yolo_dataset_14_classes\train\images\188.jpg,train/images/188.jpg,train,C:\Pywork\dental\dental\data\detection_hierarchical\images\train\umfih_799.jpg,umfih_799.jpg,train,existing,dhash,7,exclude
C:\Pywork\dental\dental\data\raw\zenodo\panoramic_radiography_yolo_dataset_14_classes\train\images\201.jpg,train/images/201.jpg,train,C:\Pywork\dental\dental\data\detection_hierarchical\images\train\umfih_1039.jpg,umfih_1039.jpg,train,existing,dhash,7,exclude
C:\Pywork\dental\dental\data\raw\zenodo\panoramic_radiography_yolo_dataset_14_classes\train\images\204.jpg,train/images/204.jpg,train,C:\Pywork\dental\dental\data\detection_hierarchical\images\train\umfih_1038.jpg,umfih_1038.jpg,train,existing,dhash,6,exclude
C:\Pywork\dental\dental\data\raw\zenodo\panoramic_radiography_yolo_dataset_14_classes\train\images\207.jpg,train/images/207.jpg,train,C:\Pywork\dental\dental\data\detection_hierarchical\images\train\umfih_1258.jpg,umfih_1258.jpg,train,existing,dhash,5,exclude
C:\Pywork\dental\dental\data\raw\zenodo\panoramic_radiography_yolo_dataset_14_classes\train\images\209.jpg,train/images/209.jpg,train,C:\Pywork\dental\dental\data\detection_hierarchical\images\train\cx_022251.jpg,cx_022251.jpg,train,existing,dhash,8,exclude
C:\Pywork\dental\dental\data\raw\zenodo\panoramic_radiography_yolo_dataset_14_classes\train\images\211.jpg,train/images/211.jpg,train,C:\Pywork\dental\dental\data\detection_hierarchical\images\train\umfih_1286.jpg,umfih_1286.jpg,train,existing,dhash,6,exclude
C:\Pywork\dental\dental\data\raw\zenodo\panoramic_radiography_yolo_dataset_14_classes\train\images\214.jpg,train/images/214.jpg,train,C:\Pywork\dental\dental\data\detection_hierarchical\images\train\umfih_517.jpg,umfih_517.jpg,train,existing,dhash,7,exclude
C:\Pywork\dental\dental\data\raw\zenodo\panoramic_radiography_yolo_dataset_14_classes\train\images\217.jpg,train/images/217.jpg,train,C:\Pywork\dental\dental\data\detection_hierarchical\images\train\umfih_1309.jpg,umfih_1309.jpg,train,existing,dhash,7,exclude
C:\Pywork\dental\dental\data\raw\zenodo\panoramic_radiography_yolo_dataset_14_classes\train\images\221.jpg,train/images/221.jpg,train,C:\Pywork\dental\dental\data\detection_hierarchical\images\train\umfih_1274.jpg,umfih_1274.jpg,train,existing,dhash,8,exclude
C:\Pywork\dental\dental\data\raw\zenodo\panoramic_radiography_yolo_dataset_14_classes\train\images\224.jpg,train/images/224.jpg,train,C:\Pywork\dental\dental\data\detection_hierarchical\images\train\umfih_1045.jpg,umfih_1045.jpg,train,existing,dhash,6,exclude
C:\Pywork\dental\dental\data\raw\zenodo\panoramic_radiography_yolo_dataset_14_classes\train\images\226.jpg,train/images/226.jpg,train,C:\Pywork\dental\dental\data\detection_hierarchical\images\train\umfih_329.jpg,umfih_329.jpg,train,existing,dhash,8,exclude
C:\Pywork\dental\dental\data\raw\zenodo\panoramic_radiography_yolo_dataset_14_classes\train\images\234.jpg,train/images/234.jpg,train,C:\Pywork\dental\dental\data\detection_hierarchical\images\train\umfih_874.jpg,umfih_874.jpg,train,existing,dhash,5,exclude
C:\Pywork\dental\dental\data\raw\zenodo\panoramic_radiography_yolo_dataset_14_classes\train\images\241.jpg,train/images/241.jpg,train,C:\Pywork\dental\dental\data\detection_hierarchical\images\train\umfih_361.jpg,umfih_361.jpg,train,existing,dhash,6,exclude
C:\Pywork\dental\dental\data\raw\zenodo\panoramic_radiography_yolo_dataset_14_classes\train\images\245.jpg,train/images/245.jpg,train,C:\Pywork\dental\dental\data\detection_hierarchical\images\train\umfih_1424.jpg,umfih_1424.jpg,train,existing,dhash,8,exclude
C:\Pywork\dental\dental\data\raw\zenodo\panoramic_radiography_yolo_dataset_14_classes\train\images\25.jpg,train/images/25.jpg,train,C:\Pywork\dental\dental\data\detection_hierarchical\images\train\cx_017120.jpg,cx_017120.jpg,train,existing,dhash,5,exclude
C:\Pywork\dental\dental\data\raw\zenodo\panoramic_radiography_yolo_dataset_14_classes\train\images\252.jpg,train/images/252.jpg,train,C:\Pywork\dental\dental\data\detection_hierarchical\images\train\umfih_1213.jpg,umfih_1213.jpg,train,existing,dhash,7,exclude
C:\Pywork\dental\dental\data\raw\zenodo\panoramic_radiography_yolo_dataset_14_classes\train\images\262.jpg,train/images/262.jpg,train,C:\Pywork\dental\dental\data\detection_hierarchical\images\train\umfih_434.jpg,umfih_434.jpg,train,existing,dhash,5,exclude
C:\Pywork\dental\dental\data\raw\zenodo\panoramic_radiography_yolo_dataset_14_classes\train\images\274.jpg,train/images/274.jpg,train,C:\Pywork\dental\dental\data\detection_hierarchical\images\train\umfih_1528.jpg,umfih_1528.jpg,train,existing,dhash,7,exclude
C:\Pywork\dental\dental\data\raw\zenodo\panoramic_radiography_yolo_dataset_14_classes\train\images\283.jpg,train/images/283.jpg,train,C:\Pywork\dental\dental\data\detection_hierarchical\images\train\umfih_1535.jpg,umfih_1535.jpg,train,existing,dhash,8,exclude
C:\Pywork\dental\dental\data\raw\zenodo\panoramic_radiography_yolo_dataset_14_classes\train\images\284.jpg,train/images/284.jpg,train,C:\Pywork\dental\dental\data\detection_hierarchical\images\train\umfih_1203.jpg,umfih_1203.jpg,train,existing,dhash,8,exclude
C:\Pywork\dental\dental\data\raw\zenodo\panoramic_radiography_yolo_dataset_14_classes\train\images\289.jpg,train/images/289.jpg,train,C:\Pywork\dental\dental\data\detection_hierarchical\images\train\umfih_474.jpg,umfih_474.jpg,train,existing,dhash,8,exclude
C:\Pywork\dental\dental\data\raw\zenodo\panoramic_radiography_yolo_dataset_14_classes\train\images\309.jpg,train/images/309.jpg,train,C:\Pywork\dental\dental\data\detection_hierarchical\images\train\umfih_1448.jpg,umfih_1448.jpg,train,existing,dhash,7,exclude
C:\Pywork\dental\dental\data\raw\zenodo\panoramic_radiography_yolo_dataset_14_classes\train\images\312.jpg,train/images/312.jpg,train,C:\Pywork\dental\dental\data\detection_hierarchical\images\train\umfih_825.jpg,umfih_825.jpg,train,existing,dhash,5,exclude
C:\Pywork\dental\dental\data\raw\zenodo\panoramic_radiography_yolo_dataset_14_classes\train\images\322.jpg,train/images/322.jpg,train,C:\Pywork\dental\dental\data\detection_hierarchical\images\train\umfih_464.jpg,umfih_464.jpg,train,existing,dhash,6,exclude
C:\Pywork\dental\dental\data\raw\zenodo\panoramic_radiography_yolo_dataset_14_classes\train\images\323.jpg,train/images/323.jpg,train,C:\Pywork\dental\dental\data\detection_hierarchical\images\train\umfih_1473.jpg,umfih_1473.jpg,train,existing,dhash,5,exclude
C:\Pywork\dental\dental\data\raw\zenodo\panoramic_radiography_yolo_dataset_14_classes\train\images\328.jpg,train/images/328.jpg,train,C:\Pywork\dental\dental\data\detection_hierarchical\images\train\umfih_719.jpg,umfih_719.jpg,train,existing,dhash,8,exclude
C:\Pywork\dental\dental\data\raw\zenodo\panoramic_radiography_yolo_dataset_14_classes\train\images\348.jpg,train/images/348.jpg,train,C:\Pywork\dental\dental\data\detection_hierarchical\images\train\umfih_1478.jpg,umfih_1478.jpg,train,existing,dhash,8,exclude
C:\Pywork\dental\dental\data\raw\zenodo\panoramic_radiography_yolo_dataset_14_classes\train\images\367.jpg,train/images/367.jpg,train,C:\Pywork\dental\dental\data\detection_hierarchical\images\train\umfih_186.jpg,umfih_186.jpg,train,existing,dhash,6,exclude
C:\Pywork\dental\dental\data\raw\zenodo\panoramic_radiography_yolo_dataset_14_classes\train\images\368.jpg,train/images/368.jpg,train,C:\Pywork\dental\dental\data\detection_hierarchical\images\train\umfih_507.jpg,umfih_507.jpg,train,existing,dhash,7,exclude
C:\Pywork\dental\dental\data\raw\zenodo\panoramic_radiography_yolo_dataset_14_classes\train\images\376.jpg,train/images/376.jpg,train,C:\Pywork\dental\dental\data\detection_hierarchical\images\train\umfih_478.jpg,umfih_478.jpg,train,existing,dhash,8,exclude
C:\Pywork\dental\dental\data\raw\zenodo\panoramic_radiography_yolo_dataset_14_classes\train\images\393.jpg,train/images/393.jpg,train,C:\Pywork\dental\dental\data\detection_hierarchical\images\train\umfih_223.jpg,umfih_223.jpg,train,existing,dhash,5,exclude
C:\Pywork\dental\dental\data\raw\zenodo\panoramic_radiography_yolo_dataset_14_classes\train\images\401.jpg,train/images/401.jpg,train,C:\Pywork\dental\dental\data\detection_hierarchical\images\train\umfih_811.jpg,umfih_811.jpg,train,existing,dhash,8,exclude
C:\Pywork\dental\dental\data\raw\zenodo\panoramic_radiography_yolo_dataset_14_classes\train\images\422.jpg,train/images/422.jpg,train,C:\Pywork\dental\dental\data\detection_hierarchical\images\train\umfih_186.jpg,umfih_186.jpg,train,existing,dhash,6,exclude
C:\Pywork\dental\dental\data\raw\zenodo\panoramic_radiography_yolo_dataset_14_classes\train\images\423.jpg,train/images/423.jpg,train,C:\Pywork\dental\dental\data\detection_hierarchical\images\train\umfih_1045.jpg,umfih_1045.jpg,train,existing,dhash,7,exclude
C:\Pywork\dental\dental\data\raw\zenodo\panoramic_radiography_yolo_dataset_14_classes\train\images\424.jpg,train/images/424.jpg,train,C:\Pywork\dental\dental\data\detection_hierarchical\images\train\umfih_507.jpg,umfih_507.jpg,train,existing,dhash,7,exclude
C:\Pywork\dental\dental\data\raw\zenodo\panoramic_radiography_yolo_dataset_14_classes\train\images\427.jpg,train/images/427.jpg,train,C:\Pywork\dental\dental\data\detection_hierarchical\images\train\umfih_585.jpg,umfih_585.jpg,train,existing,dhash,7,exclude
C:\Pywork\dental\dental\data\raw\zenodo\panoramic_radiography_yolo_dataset_14_classes\train\images\437.jpg,train/images/437.jpg,train,C:\Pywork\dental\dental\data\detection_hierarchical\images\val\umfih_950.jpg,umfih_950.jpg,val,existing,dhash,7,exclude
C:\Pywork\dental\dental\data\raw\zenodo\panoramic_radiography_yolo_dataset_14_classes\train\images\444.jpg,train/images/444.jpg,train,C:\Pywork\dental\dental\data\detection_hierarchical\images\train\umfih_1061.jpg,umfih_1061.jpg,train,existing,dhash,8,exclude
C:\Pywork\dental\dental\data\raw\zenodo\panoramic_radiography_yolo_dataset_14_classes\train\images\445.jpg,train/images/445.jpg,train,C:\Pywork\dental\dental\data\detection_hierarchical\images\train\umfih_497.jpg,umfih_497.jpg,train,existing,dhash,8,exclude
C:\Pywork\dental\dental\data\raw\zenodo\panoramic_radiography_yolo_dataset_14_classes\train\images\449.jpg,train/images/449.jpg,train,C:\Pywork\dental\dental\data\detection_hierarchical\images\train\umfih_392.jpg,umfih_392.jpg,train,existing,dhash,6,exclude
C:\Pywork\dental\dental\data\raw\zenodo\panoramic_radiography_yolo_dataset_14_classes\train\images\459.jpg,train/images/459.jpg,train,C:\Pywork\dental\dental\data\detection_hierarchical\images\train\umfih_799.jpg,umfih_799.jpg,train,existing,dhash,8,exclude
C:\Pywork\dental\dental\data\raw\zenodo\panoramic_radiography_yolo_dataset_14_classes\train\images\469.jpg,train/images/469.jpg,train,C:\Pywork\dental\dental\data\detection_hierarchical\images\train\umfih_31.jpg,umfih_31.jpg,train,existing,dhash,5,exclude
C:\Pywork\dental\dental\data\raw\zenodo\panoramic_radiography_yolo_dataset_14_classes\train\images\486.jpg,train/images/486.jpg,train,C:\Pywork\dental\dental\data\detection_hierarchical\images\val\test_209.png,test_209.png,val,existing,dhash,7,exclude
C:\Pywork\dental\dental\data\raw\zenodo\panoramic_radiography_yolo_dataset_14_classes\train\images\493.jpg,train/images/493.jpg,train,C:\Pywork\dental\dental\data\detection_hierarchical\images\train\umfih_1037.jpg,umfih_1037.jpg,train,existing,dhash,8,exclude
C:\Pywork\dental\dental\data\raw\zenodo\panoramic_radiography_yolo_dataset_14_classes\train\images\496.jpg,train/images/496.jpg,train,C:\Pywork\dental\dental\data\detection_hierarchical\images\train\umfih_1025.jpg,umfih_1025.jpg,train,existing,dhash,8,exclude
C:\Pywork\dental\dental\data\raw\zenodo\panoramic_radiography_yolo_dataset_14_classes\train\images\526.jpg,train/images/526.jpg,train,C:\Pywork\dental\dental\data\detection_hierarchical\images\train\umfih_464.jpg,umfih_464.jpg,train,existing,dhash,6,exclude
C:\Pywork\dental\dental\data\raw\zenodo\panoramic_radiography_yolo_dataset_14_classes\train\images\536.jpg,train/images/536.jpg,train,C:\Pywork\dental\dental\data\detection_hierarchical\images\train\umfih_779.jpg,umfih_779.jpg,train,existing,dhash,5,exclude
C:\Pywork\dental\dental\data\raw\zenodo\panoramic_radiography_yolo_dataset_14_classes\train\images\549.jpg,train/images/549.jpg,train,C:\Pywork\dental\dental\data\detection_hierarchical\images\train\umfih_946.jpg,umfih_946.jpg,train,existing,dhash,6,exclude
C:\Pywork\dental\dental\data\raw\zenodo\panoramic_radiography_yolo_dataset_14_classes\train\images\563.jpg,train/images/563.jpg,train,C:\Pywork\dental\dental\data\detection_hierarchical\images\train\umfih_495.jpg,umfih_495.jpg,train,existing,dhash,8,exclude
C:\Pywork\dental\dental\data\raw\zenodo\panoramic_radiography_yolo_dataset_14_classes\train\images\573.jpg,train/images/573.jpg,train,C:\Pywork\dental\dental\data\detection_hierarchical\images\train\umfih_1213.jpg,umfih_1213.jpg,train,existing,dhash,7,exclude
C:\Pywork\dental\dental\data\raw\zenodo\panoramic_radiography_yolo_dataset_14_classes\train\images\584.jpg,train/images/584.jpg,train,C:\Pywork\dental\dental\data\detection_hierarchical\images\test\umfih_v32.jpg,umfih_v32.jpg,test,existing,dhash,5,exclude
C:\Pywork\dental\dental\data\raw\zenodo\panoramic_radiography_yolo_dataset_14_classes\train\images\588.jpg,train/images/588.jpg,train,C:\Pywork\dental\dental\data\detection_hierarchical\images\train\umfih_556.jpg,umfih_556.jpg,train,existing,dhash,5,exclude
C:\Pywork\dental\dental\data\raw\zenodo\panoramic_radiography_yolo_dataset_14_classes\train\images\597.jpg,train/images/597.jpg,train,C:\Pywork\dental\dental\data\detection_hierarchical\images\train\umfih_874.jpg,umfih_874.jpg,train,existing,dhash,6,exclude
C:\Pywork\dental\dental\data\raw\zenodo\panoramic_radiography_yolo_dataset_14_classes\train\images\601.jpg,train/images/601.jpg,train,C:\Pywork\dental\dental\data\detection_hierarchical\images\train\umfih_334.jpg,umfih_334.jpg,train,existing,dhash,7,exclude
C:\Pywork\dental\dental\data\raw\zenodo\panoramic_radiography_yolo_dataset_14_classes\train\images\604.jpg,train/images/604.jpg,train,C:\Pywork\dental\dental\data\detection_hierarchical\images\train\cx_010279.jpg,cx_010279.jpg,train,existing,dhash,8,exclude
C:\Pywork\dental\dental\data\raw\zenodo\panoramic_radiography_yolo_dataset_14_classes\train\images\607.jpg,train/images/607.jpg,train,C:\Pywork\dental\dental\data\detection_hierarchical\images\train\umfih_225.jpg,umfih_225.jpg,train,existing,dhash,7,exclude
C:\Pywork\dental\dental\data\raw\zenodo\panoramic_radiography_yolo_dataset_14_classes\train\images\615.jpg,train/images/615.jpg,train,C:\Pywork\dental\dental\data\detection_hierarchical\images\val\umfih_50.jpg,umfih_50.jpg,val,existing,dhash,8,exclude
C:\Pywork\dental\dental\data\raw\zenodo\panoramic_radiography_yolo_dataset_14_classes\train\images\617.jpg,train/images/617.jpg,train,C:\Pywork\dental\dental\data\detection_hierarchical\images\train\umfih_538.jpg,umfih_538.jpg,train,existing,dhash,7,exclude
C:\Pywork\dental\dental\data\raw\zenodo\panoramic_radiography_yolo_dataset_14_classes\train\images\619.jpg,train/images/619.jpg,train,C:\Pywork\dental\dental\data\detection_hierarchical\images\train\umfih_189.jpg,umfih_189.jpg,train,existing,dhash,6,exclude
C:\Pywork\dental\dental\data\raw\zenodo\panoramic_radiography_yolo_dataset_14_classes\train\images\622.jpg,train/images/622.jpg,train,C:\Pywork\dental\dental\data\detection_hierarchical\images\train\umfih_1454.jpg,umfih_1454.jpg,train,existing,dhash,8,exclude
C:\Pywork\dental\dental\data\raw\zenodo\panoramic_radiography_yolo_dataset_14_classes\train\images\624.jpg,train/images/624.jpg,train,C:\Pywork\dental\dental\data\detection_hierarchical\images\train\umfih_1548.jpg,umfih_1548.jpg,train,existing,dhash,6,exclude
C:\Pywork\dental\dental\data\raw\zenodo\panoramic_radiography_yolo_dataset_14_classes\train\images\626.jpg,train/images/626.jpg,train,C:\Pywork\dental\dental\data\detection_hierarchical\images\train\umfih_258.jpg,umfih_258.jpg,train,existing,dhash,6,exclude
C:\Pywork\dental\dental\data\raw\zenodo\panoramic_radiography_yolo_dataset_14_classes\train\images\627.jpg,train/images/627.jpg,train,C:\Pywork\dental\dental\data\detection_hierarchical\images\train\umfih_503.jpg,umfih_503.jpg,train,existing,dhash,6,exclude
C:\Pywork\dental\dental\data\raw\zenodo\panoramic_radiography_yolo_dataset_14_classes\train\images\629.jpg,train/images/629.jpg,train,C:\Pywork\dental\dental\data\detection_hierarchical\images\train\umfih_1029.jpg,umfih_1029.jpg,train,existing,dhash,8,exclude
C:\Pywork\dental\dental\data\raw\zenodo\panoramic_radiography_yolo_dataset_14_classes\train\images\634.jpg,train/images/634.jpg,train,C:\Pywork\dental\dental\data\detection_hierarchical\images\train\umfih_192.jpg,umfih_192.jpg,train,existing,dhash,6,exclude
C:\Pywork\dental\dental\data\raw\zenodo\panoramic_radiography_yolo_dataset_14_classes\train\images\637.jpg,train/images/637.jpg,train,C:\Pywork\dental\dental\data\detection_hierarchical\images\train\umfih_816.jpg,umfih_816.jpg,train,existing,dhash,8,exclude
C:\Pywork\dental\dental\data\raw\zenodo\panoramic_radiography_yolo_dataset_14_classes\train\images\646.jpg,train/images/646.jpg,train,C:\Pywork\dental\dental\data\detection_hierarchical\images\train\umfih_1257.jpg,umfih_1257.jpg,train,existing,dhash,8,exclude
C:\Pywork\dental\dental\data\raw\zenodo\panoramic_radiography_yolo_dataset_14_classes\train\images\649.jpg,train/images/649.jpg,train,C:\Pywork\dental\dental\data\detection_hierarchical\images\train\umfih_308.jpg,umfih_308.jpg,train,existing,dhash,7,exclude
C:\Pywork\dental\dental\data\raw\zenodo\panoramic_radiography_yolo_dataset_14_classes\train\images\651.jpg,train/images/651.jpg,train,C:\Pywork\dental\dental\data\detection_hierarchical\images\train\umfih_723.jpg,umfih_723.jpg,train,existing,dhash,7,exclude
C:\Pywork\dental\dental\data\raw\zenodo\panoramic_radiography_yolo_dataset_14_classes\train\images\653.jpg,train/images/653.jpg,train,C:\Pywork\dental\dental\data\detection_hierarchical\images\train\umfih_846.jpg,umfih_846.jpg,train,existing,dhash,6,exclude
C:\Pywork\dental\dental\data\raw\zenodo\panoramic_radiography_yolo_dataset_14_classes\train\images\654.jpg,train/images/654.jpg,train,C:\Pywork\dental\dental\data\detection_hierarchical\images\train\umfih_1455.jpg,umfih_1455.jpg,train,existing,dhash,6,exclude
C:\Pywork\dental\dental\data\raw\zenodo\panoramic_radiography_yolo_dataset_14_classes\train\images\655.jpg,train/images/655.jpg,train,C:\Pywork\dental\dental\data\detection_hierarchical\images\train\umfih_942.jpg,umfih_942.jpg,train,existing,dhash,5,exclude
C:\Pywork\dental\dental\data\raw\zenodo\panoramic_radiography_yolo_dataset_14_classes\train\images\659.jpg,train/images/659.jpg,train,C:\Pywork\dental\dental\data\detection_hierarchical\images\train\umfih_1294.jpg,umfih_1294.jpg,train,existing,dhash,8,exclude
C:\Pywork\dental\dental\data\raw\zenodo\panoramic_radiography_yolo_dataset_14_classes\train\images\663.jpg,train/images/663.jpg,train,C:\Pywork\dental\dental\data\detection_hierarchical\images\train\umfih_399.jpg,umfih_399.jpg,train,existing,dhash,5,exclude
C:\Pywork\dental\dental\data\raw\zenodo\panoramic_radiography_yolo_dataset_14_classes\train\images\667.jpg,train/images/667.jpg,train,C:\Pywork\dental\dental\data\detection_hierarchical\images\train\umfih_1203.jpg,umfih_1203.jpg,train,existing,dhash,7,exclude
C:\Pywork\dental\dental\data\raw\zenodo\panoramic_radiography_yolo_dataset_14_classes\train\images\671.jpg,train/images/671.jpg,train,C:\Pywork\dental\dental\data\detection_hierarchical\images\val\umfih_1220.jpg,umfih_1220.jpg,val,existing,dhash,8,exclude
C:\Pywork\dental\dental\data\raw\zenodo\panoramic_radiography_yolo_dataset_14_classes\train\images\675.jpg,train/images/675.jpg,train,C:\Pywork\dental\dental\data\detection_hierarchical\images\train\umfih_1268.jpg,umfih_1268.jpg,train,existing,dhash,7,exclude
C:\Pywork\dental\dental\data\raw\zenodo\panoramic_radiography_yolo_dataset_14_classes\train\images\678.jpg,train/images/678.jpg,train,C:\Pywork\dental\dental\data\detection_hierarchical\images\train\umfih_1475.jpg,umfih_1475.jpg,train,existing,dhash,6,exclude
C:\Pywork\dental\dental\data\raw\zenodo\panoramic_radiography_yolo_dataset_14_classes\train\images\681.jpg,train/images/681.jpg,train,C:\Pywork\dental\dental\data\detection_hierarchical\images\train\cx_016120.jpg,cx_016120.jpg,train,existing,dhash,7,exclude
C:\Pywork\dental\dental\data\raw\zenodo\panoramic_radiography_yolo_dataset_14_classes\train\images\683.jpg,train/images/683.jpg,train,C:\Pywork\dental\dental\data\detection_hierarchical\images\train\umfih_642.jpg,umfih_642.jpg,train,existing,dhash,8,exclude
C:\Pywork\dental\dental\data\raw\zenodo\panoramic_radiography_yolo_dataset_14_classes\train\images\689.jpg,train/images/689.jpg,train,C:\Pywork\dental\dental\data\detection_hierarchical\images\train\umfih_894.jpg,umfih_894.jpg,train,existing,dhash,8,exclude
C:\Pywork\dental\dental\data\raw\zenodo\panoramic_radiography_yolo_dataset_14_classes\train\images\691.jpg,train/images/691.jpg,train,C:\Pywork\dental\dental\data\detection_hierarchical\images\train\cx_017080.jpg,cx_017080.jpg,train,existing,dhash,7,exclude
C:\Pywork\dental\dental\data\raw\zenodo\panoramic_radiography_yolo_dataset_14_classes\train\images\692.jpg,train/images/692.jpg,train,C:\Pywork\dental\dental\data\detection_hierarchical\images\train\umfih_21.jpg,umfih_21.jpg,train,existing,dhash,7,exclude
C:\Pywork\dental\dental\data\raw\zenodo\panoramic_radiography_yolo_dataset_14_classes\train\images\694.jpg,train/images/694.jpg,train,C:\Pywork\dental\dental\data\detection_hierarchical\images\train\cx_010103.jpg,cx_010103.jpg,train,existing,dhash,6,exclude
C:\Pywork\dental\dental\data\raw\zenodo\panoramic_radiography_yolo_dataset_14_classes\train\images\699.jpg,train/images/699.jpg,train,C:\Pywork\dental\dental\data\detection_hierarchical\images\train\umfih_1333.jpg,umfih_1333.jpg,train,existing,dhash,7,exclude
C:\Pywork\dental\dental\data\raw\zenodo\panoramic_radiography_yolo_dataset_14_classes\train\images\704.jpg,train/images/704.jpg,train,C:\Pywork\dental\dental\data\detection_hierarchical\images\train\umfih_1454.jpg,umfih_1454.jpg,train,existing,dhash,8,exclude
C:\Pywork\dental\dental\data\raw\zenodo\panoramic_radiography_yolo_dataset_14_classes\train\images\707.jpg,train/images/707.jpg,train,C:\Pywork\dental\dental\data\detection_hierarchical\images\train\umfih_791.jpg,umfih_791.jpg,train,existing,dhash,6,exclude
C:\Pywork\dental\dental\data\raw\zenodo\panoramic_radiography_yolo_dataset_14_classes\train\images\708.jpg,train/images/708.jpg,train,C:\Pywork\dental\dental\data\detection_hierarchical\images\train\cx_016877.jpg,cx_016877.jpg,train,existing,dhash,8,exclude
C:\Pywork\dental\dental\data\raw\zenodo\panoramic_radiography_yolo_dataset_14_classes\train\images\717.jpg,train/images/717.jpg,train,C:\Pywork\dental\dental\data\detection_hierarchical\images\val\umfih_1270.jpg,umfih_1270.jpg,val,existing,dhash,7,exclude
C:\Pywork\dental\dental\data\raw\zenodo\panoramic_radiography_yolo_dataset_14_classes\train\images\721.jpg,train/images/721.jpg,train,C:\Pywork\dental\dental\data\detection_hierarchical\images\train\cx_022458.jpg,cx_022458.jpg,train,existing,dhash,7,exclude
C:\Pywork\dental\dental\data\raw\zenodo\panoramic_radiography_yolo_dataset_14_classes\train\images\732.jpg,train/images/732.jpg,train,C:\Pywork\dental\dental\data\detection_hierarchical\images\train\umfih_928.jpg,umfih_928.jpg,train,existing,dhash,7,exclude
C:\Pywork\dental\dental\data\raw\zenodo\panoramic_radiography_yolo_dataset_14_classes\train\images\741.jpg,train/images/741.jpg,train,C:\Pywork\dental\dental\data\detection_hierarchical\images\train\umfih_1258.jpg,umfih_1258.jpg,train,existing,dhash,8,exclude
C:\Pywork\dental\dental\data\raw\zenodo\panoramic_radiography_yolo_dataset_14_classes\train\images\76.jpg,train/images/76.jpg,train,C:\Pywork\dental\dental\data\detection_hierarchical\images\train\umfih_1041.jpg,umfih_1041.jpg,train,existing,dhash,7,exclude
C:\Pywork\dental\dental\data\raw\zenodo\panoramic_radiography_yolo_dataset_14_classes\train\images\766.jpg,train/images/766.jpg,train,C:\Pywork\dental\dental\data\detection_hierarchical\images\train\umfih_1497.jpg,umfih_1497.jpg,train,existing,dhash,8,exclude
C:\Pywork\dental\dental\data\raw\zenodo\panoramic_radiography_yolo_dataset_14_classes\train\images\78.jpg,train/images/78.jpg,train,C:\Pywork\dental\dental\data\detection_hierarchical\images\train\umfih_1545.jpg,umfih_1545.jpg,train,existing,dhash,6,exclude
C:\Pywork\dental\dental\data\raw\zenodo\panoramic_radiography_yolo_dataset_14_classes\train\images\806.jpg,train/images/806.jpg,train,C:\Pywork\dental\dental\data\detection_hierarchical\images\train\umfih_1454.jpg,umfih_1454.jpg,train,existing,dhash,8,exclude
C:\Pywork\dental\dental\data\raw\zenodo\panoramic_radiography_yolo_dataset_14_classes\train\images\809.jpg,train/images/809.jpg,train,C:\Pywork\dental\dental\data\detection_hierarchical\images\train\umfih_1061.jpg,umfih_1061.jpg,train,existing,dhash,7,exclude
C:\Pywork\dental\dental\data\raw\zenodo\panoramic_radiography_yolo_dataset_14_classes\train\images\817.jpg,train/images/817.jpg,train,C:\Pywork\dental\dental\data\detection_hierarchical\images\train\cx_016877.jpg,cx_016877.jpg,train,existing,dhash,8,exclude
C:\Pywork\dental\dental\data\raw\zenodo\panoramic_radiography_yolo_dataset_14_classes\train\images\842.jpg,train/images/842.jpg,train,C:\Pywork\dental\dental\data\detection_hierarchical\images\train\umfih_1454.jpg,umfih_1454.jpg,train,existing,dhash,8,exclude
C:\Pywork\dental\dental\data\raw\zenodo\panoramic_radiography_yolo_dataset_14_classes\train\images\845.jpg,train/images/845.jpg,train,C:\Pywork\dental\dental\data\detection_hierarchical\images\train\umfih_1195.jpg,umfih_1195.jpg,train,existing,dhash,7,exclude
C:\Pywork\dental\dental\data\raw\zenodo\panoramic_radiography_yolo_dataset_14_classes\train\images\849.jpg,train/images/849.jpg,train,C:\Pywork\dental\dental\data\detection_hierarchical\images\train\umfih_192.jpg,umfih_192.jpg,train,existing,dhash,7,exclude
C:\Pywork\dental\dental\data\raw\zenodo\panoramic_radiography_yolo_dataset_14_classes\train\images\85.jpg,train/images/85.jpg,train,C:\Pywork\dental\dental\data\detection_hierarchical\images\train\umfih_825.jpg,umfih_825.jpg,train,existing,dhash,5,exclude
C:\Pywork\dental\dental\data\raw\zenodo\panoramic_radiography_yolo_dataset_14_classes\train\images\854.jpg,train/images/854.jpg,train,C:\Pywork\dental\dental\data\detection_hierarchical\images\train\umfih_181.jpg,umfih_181.jpg,train,existing,dhash,6,exclude
C:\Pywork\dental\dental\data\raw\zenodo\panoramic_radiography_yolo_dataset_14_classes\train\images\856.jpg,train/images/856.jpg,train,C:\Pywork\dental\dental\data\detection_hierarchical\images\train\umfih_1024.jpg,umfih_1024.jpg,train,existing,dhash,5,exclude
C:\Pywork\dental\dental\data\raw\zenodo\panoramic_radiography_yolo_dataset_14_classes\train\images\861.jpg,train/images/861.jpg,train,C:\Pywork\dental\dental\data\detection_hierarchical\images\train\cx_011828.jpg,cx_011828.jpg,train,existing,dhash,7,exclude
C:\Pywork\dental\dental\data\raw\zenodo\panoramic_radiography_yolo_dataset_14_classes\train\images\865.jpg,train/images/865.jpg,train,C:\Pywork\dental\dental\data\detection_hierarchical\images\train\umfih_558.jpg,umfih_558.jpg,train,existing,dhash,8,exclude
C:\Pywork\dental\dental\data\raw\zenodo\panoramic_radiography_yolo_dataset_14_classes\train\images\87.jpg,train/images/87.jpg,train,C:\Pywork\dental\dental\data\detection_hierarchical\images\train\cx_020617.jpg,cx_020617.jpg,train,existing,dhash,8,exclude
C:\Pywork\dental\dental\data\raw\zenodo\panoramic_radiography_yolo_dataset_14_classes\train\images\876.jpg,train/images/876.jpg,train,C:\Pywork\dental\dental\data\detection_hierarchical\images\train\umfih_341.jpg,umfih_341.jpg,train,existing,dhash,8,exclude
C:\Pywork\dental\dental\data\raw\zenodo\panoramic_radiography_yolo_dataset_14_classes\train\images\878.jpg,train/images/878.jpg,train,C:\Pywork\dental\dental\data\detection_hierarchical\images\train\umfih_1006.jpg,umfih_1006.jpg,train,existing,dhash,5,exclude
C:\Pywork\dental\dental\data\raw\zenodo\panoramic_radiography_yolo_dataset_14_classes\train\images\88.jpg,train/images/88.jpg,train,C:\Pywork\dental\dental\data\detection_hierarchical\images\train\umfih_1309.jpg,umfih_1309.jpg,train,existing,dhash,7,exclude
C:\Pywork\dental\dental\data\raw\zenodo\panoramic_radiography_yolo_dataset_14_classes\train\images\883.jpg,train/images/883.jpg,train,C:\Pywork\dental\dental\data\detection_hierarchical\images\train\umfih_591.jpg,umfih_591.jpg,train,existing,dhash,7,exclude
C:\Pywork\dental\dental\data\raw\zenodo\panoramic_radiography_yolo_dataset_14_classes\train\images\903.jpg,train/images/903.jpg,train,C:\Pywork\dental\dental\data\detection_hierarchical\images\test\umfih_v85.jpg,umfih_v85.jpg,test,existing,dhash,8,exclude
C:\Pywork\dental\dental\data\raw\zenodo\panoramic_radiography_yolo_dataset_14_classes\train\images\91.jpg,train/images/91.jpg,train,C:\Pywork\dental\dental\data\detection_hierarchical\images\train\umfih_357.jpg,umfih_357.jpg,train,existing,dhash,5,exclude
C:\Pywork\dental\dental\data\raw\zenodo\panoramic_radiography_yolo_dataset_14_classes\train\images\929.jpg,train/images/929.jpg,train,C:\Pywork\dental\dental\data\detection_hierarchical\images\train\umfih_358.jpg,umfih_358.jpg,train,existing,dhash,5,exclude
C:\Pywork\dental\dental\data\raw\zenodo\panoramic_radiography_yolo_dataset_14_classes\train\images\931.jpg,train/images/931.jpg,train,C:\Pywork\dental\dental\data\detection_hierarchical\images\train\umfih_1243.jpg,umfih_1243.jpg,train,existing,dhash,7,exclude
C:\Pywork\dental\dental\data\raw\zenodo\panoramic_radiography_yolo_dataset_14_classes\train\images\935.jpg,train/images/935.jpg,train,C:\Pywork\dental\dental\data\detection_hierarchical\images\train\umfih_1443.jpg,umfih_1443.jpg,train,existing,dhash,6,exclude
C:\Pywork\dental\dental\data\raw\zenodo\panoramic_radiography_yolo_dataset_14_classes\train\images\937.jpg,train/images/937.jpg,train,C:\Pywork\dental\dental\data\detection_hierarchical\images\train\umfih_248.jpg,umfih_248.jpg,train,existing,dhash,6,exclude
C:\Pywork\dental\dental\data\raw\zenodo\panoramic_radiography_yolo_dataset_14_classes\train\images\945.jpg,train/images/945.jpg,train,C:\Pywork\dental\dental\data\detection_hierarchical\images\train\cx_016794.jpg,cx_016794.jpg,train,existing,dhash,6,exclude
C:\Pywork\dental\dental\data\raw\zenodo\panoramic_radiography_yolo_dataset_14_classes\train\images\968.jpg,train/images/968.jpg,train,C:\Pywork\dental\dental\data\detection_hierarchical\images\train\umfih_357.jpg,umfih_357.jpg,train,existing,dhash,7,exclude
C:\Pywork\dental\dental\data\raw\zenodo\panoramic_radiography_yolo_dataset_14_classes\train\images\969.jpg,train/images/969.jpg,train,C:\Pywork\dental\dental\data\detection_hierarchical\images\train\umfih_1268.jpg,umfih_1268.jpg,train,existing,dhash,5,exclude
C:\Pywork\dental\dental\data\raw\zenodo\panoramic_radiography_yolo_dataset_14_classes\train\images\98.jpg,train/images/98.jpg,train,C:\Pywork\dental\dental\data\detection_hierarchical\images\train\cx_012918.jpg,cx_012918.jpg,train,existing,dhash,6,exclude
C:\Pywork\dental\dental\data\raw\zenodo\panoramic_radiography_yolo_dataset_14_classes\train\images\984.jpg,train/images/984.jpg,train,C:\Pywork\dental\dental\data\detection_hierarchical\images\train\umfih_1045.jpg,umfih_1045.jpg,train,existing,dhash,6,exclude
C:\Pywork\dental\dental\data\raw\zenodo\panoramic_radiography_yolo_dataset_14_classes\train\images\989.jpg,train/images/989.jpg,train,C:\Pywork\dental\dental\data\detection_hierarchical\images\train\umfih_1203.jpg,umfih_1203.jpg,train,existing,dhash,8,exclude
C:\Pywork\dental\dental\data\raw\zenodo\panoramic_radiography_yolo_dataset_14_classes\valid\images\100.jpg,valid/images/100.jpg,val,C:\Pywork\dental\dental\data\detection_hierarchical\images\val\umfih_560.jpg,umfih_560.jpg,val,existing,dhash,8,exclude
C:\Pywork\dental\dental\data\raw\zenodo\panoramic_radiography_yolo_dataset_14_classes\valid\images\1000.jpg,valid/images/1000.jpg,val,C:\Pywork\dental\dental\data\detection_hierarchical\images\train\umfih_1203.jpg,umfih_1203.jpg,train,existing,dhash,8,exclude
C:\Pywork\dental\dental\data\raw\zenodo\panoramic_radiography_yolo_dataset_14_classes\valid\images\1080.jpg,valid/images/1080.jpg,val,C:\Pywork\dental\dental\data\detection_hierarchical\images\train\cx_014816.jpg,cx_014816.jpg,train,existing,dhash,7,exclude
C:\Pywork\dental\dental\data\raw\zenodo\panoramic_radiography_yolo_dataset_14_classes\valid\images\1310.jpg,valid/images/1310.jpg,val,C:\Pywork\dental\dental\data\detection_hierarchical\images\train\umfih_642.jpg,umfih_642.jpg,train,existing,dhash,7,exclude
C:\Pywork\dental\dental\data\raw\zenodo\panoramic_radiography_yolo_dataset_14_classes\valid\images\1330.jpg,valid/images/1330.jpg,val,C:\Pywork\dental\dental\data\detection_hierarchical\images\train\umfih_425.jpg,umfih_425.jpg,train,existing,dhash,8,exclude
C:\Pywork\dental\dental\data\raw\zenodo\panoramic_radiography_yolo_dataset_14_classes\valid\images\1360.jpg,valid/images/1360.jpg,val,C:\Pywork\dental\dental\data\detection_hierarchical\images\train\umfih_1138.jpg,umfih_1138.jpg,train,existing,dhash,8,exclude
C:\Pywork\dental\dental\data\raw\zenodo\panoramic_radiography_yolo_dataset_14_classes\valid\images\1380.jpg,valid/images/1380.jpg,val,C:\Pywork\dental\dental\data\detection_hierarchical\images\train\umfih_1352.jpg,umfih_1352.jpg,train,existing,dhash,8,exclude
C:\Pywork\dental\dental\data\raw\zenodo\panoramic_radiography_yolo_dataset_14_classes\valid\images\280.jpg,valid/images/280.jpg,val,C:\Pywork\dental\dental\data\detection_hierarchical\images\train\umfih_799.jpg,umfih_799.jpg,train,existing,dhash,8,exclude
C:\Pywork\dental\dental\data\raw\zenodo\panoramic_radiography_yolo_dataset_14_classes\valid\images\360.jpg,valid/images/360.jpg,val,C:\Pywork\dental\dental\data\detection_hierarchical\images\train\umfih_874.jpg,umfih_874.jpg,train,existing,dhash,6,exclude
C:\Pywork\dental\dental\data\raw\zenodo\panoramic_radiography_yolo_dataset_14_classes\valid\images\400.jpg,valid/images/400.jpg,val,C:\Pywork\dental\dental\data\detection_hierarchical\images\train\umfih_497.jpg,umfih_497.jpg,train,existing,dhash,8,exclude
C:\Pywork\dental\dental\data\raw\zenodo\panoramic_radiography_yolo_dataset_14_classes\valid\images\420.jpg,valid/images/420.jpg,val,C:\Pywork\dental\dental\data\detection_hierarchical\images\train\umfih_74.jpg,umfih_74.jpg,train,existing,dhash,7,exclude
C:\Pywork\dental\dental\data\raw\zenodo\panoramic_radiography_yolo_dataset_14_classes\valid\images\620.jpg,valid/images/620.jpg,val,C:\Pywork\dental\dental\data\detection_hierarchical\images\train\umfih_1017.jpg,umfih_1017.jpg,train,existing,dhash,7,exclude
C:\Pywork\dental\dental\data\raw\zenodo\panoramic_radiography_yolo_dataset_14_classes\valid\images\640.jpg,valid/images/640.jpg,val,C:\Pywork\dental\dental\data\detection_hierarchical\images\train\umfih_36.jpg,umfih_36.jpg,train,existing,dhash,6,exclude
C:\Pywork\dental\dental\data\raw\zenodo\panoramic_radiography_yolo_dataset_14_classes\valid\images\650.jpg,valid/images/650.jpg,val,C:\Pywork\dental\dental\data\detection_hierarchical\images\train\umfih_307.jpg,umfih_307.jpg,train,existing,dhash,8,exclude
C:\Pywork\dental\dental\data\raw\zenodo\panoramic_radiography_yolo_dataset_14_classes\valid\images\670.jpg,valid/images/670.jpg,val,C:\Pywork\dental\dental\data\detection_hierarchical\images\train\umfih_307.jpg,umfih_307.jpg,train,existing,dhash,6,exclude
C:\Pywork\dental\dental\data\raw\zenodo\panoramic_radiography_yolo_dataset_14_classes\valid\images\690.jpg,valid/images/690.jpg,val,C:\Pywork\dental\dental\data\detection_hierarchical\images\train\umfih_1039.jpg,umfih_1039.jpg,train,existing,dhash,5,exclude
C:\Pywork\dental\dental\data\raw\zenodo\panoramic_radiography_yolo_dataset_14_classes\valid\images\850.jpg,valid/images/850.jpg,val,C:\Pywork\dental\dental\data\detection_hierarchical\images\train\umfih_329.jpg,umfih_329.jpg,train,existing,dhash,8,exclude
C:\Pywork\dental\dental\data\raw\zenodo\panoramic_radiography_yolo_dataset_14_classes\valid\images\930.jpg,valid/images/930.jpg,val,C:\Pywork\dental\dental\data\detection_hierarchical\images\train\umfih_1039.jpg,umfih_1039.jpg,train,existing,dhash,7,exclude
C:\Pywork\dental\dental\data\raw\zenodo\panoramic_radiography_yolo_dataset_14_classes\test\images\v18.jpg,test/images/v18.jpg,test,C:\Pywork\dental\dental\data\raw\zenodo\panoramic_radiography_yolo_dataset_14_classes\test\images\v17.jpg,test/images/v17.jpg,test,roboflow,dhash,8,exclude
C:\Pywork\dental\dental\data\raw\zenodo\panoramic_radiography_yolo_dataset_14_classes\test\images\v20.jpg,test/images/v20.jpg,test,C:\Pywork\dental\dental\data\raw\zenodo\panoramic_radiography_yolo_dataset_14_classes\test\images\v10.jpg,test/images/v10.jpg,test,roboflow,dhash,8,exclude
C:\Pywork\dental\dental\data\raw\zenodo\panoramic_radiography_yolo_dataset_14_classes\test\images\v22.jpg,test/images/v22.jpg,test,C:\Pywork\dental\dental\data\raw\zenodo\panoramic_radiography_yolo_dataset_14_classes\test\images\v1.jpg,test/images/v1.jpg,test,roboflow,dhash,8,exclude
C:\Pywork\dental\dental\data\raw\zenodo\panoramic_radiography_yolo_dataset_14_classes\test\images\v24.jpg,test/images/v24.jpg,test,C:\Pywork\dental\dental\data\raw\zenodo\panoramic_radiography_yolo_dataset_14_classes\test\images\v15.jpg,test/images/v15.jpg,test,roboflow,dhash,8,exclude
C:\Pywork\dental\dental\data\raw\zenodo\panoramic_radiography_yolo_dataset_14_classes\test\images\v3.jpg,test/images/v3.jpg,test,C:\Pywork\dental\dental\data\raw\zenodo\panoramic_radiography_yolo_dataset_14_classes\test\images\v1.jpg,test/images/v1.jpg,test,roboflow,dhash,6,exclude
C:\Pywork\dental\dental\data\raw\zenodo\panoramic_radiography_yolo_dataset_14_classes\test\images\v32.jpg,test/images/v32.jpg,test,C:\Pywork\dental\dental\data\raw\zenodo\panoramic_radiography_yolo_dataset_14_classes\test\images\v16.jpg,test/images/v16.jpg,test,roboflow,dhash,5,exclude
C:\Pywork\dental\dental\data\raw\zenodo\panoramic_radiography_yolo_dataset_14_classes\test\images\v34.jpg,test/images/v34.jpg,test,C:\Pywork\dental\dental\data\raw\zenodo\panoramic_radiography_yolo_dataset_14_classes\test\images\v3.jpg,test/images/v3.jpg,test,roboflow,dhash,6,exclude
C:\Pywork\dental\dental\data\raw\zenodo\panoramic_radiography_yolo_dataset_14_classes\test\images\v35.jpg,test/images/v35.jpg,test,C:\Pywork\dental\dental\data\raw\zenodo\panoramic_radiography_yolo_dataset_14_classes\test\images\v3.jpg,test/images/v3.jpg,test,roboflow,dhash,6,exclude
C:\Pywork\dental\dental\data\raw\zenodo\panoramic_radiography_yolo_dataset_14_classes\test\images\v37.jpg,test/images/v37.jpg,test,C:\Pywork\dental\dental\data\raw\zenodo\panoramic_radiography_yolo_dataset_14_classes\test\images\v18.jpg,test/images/v18.jpg,test,roboflow,dhash,8,exclude
C:\Pywork\dental\dental\data\raw\zenodo\panoramic_radiography_yolo_dataset_14_classes\test\images\v38.jpg,test/images/v38.jpg,test,C:\Pywork\dental\dental\data\raw\zenodo\panoramic_radiography_yolo_dataset_14_classes\test\images\v29.jpg,test/images/v29.jpg,test,roboflow,dhash,8,exclude
C:\Pywork\dental\dental\data\raw\zenodo\panoramic_radiography_yolo_dataset_14_classes\test\images\v39.jpg,test/images/v39.jpg,test,C:\Pywork\dental\dental\data\raw\zenodo\panoramic_radiography_yolo_dataset_14_classes\test\images\v18.jpg,test/images/v18.jpg,test,roboflow,dhash,5,exclude
C:\Pywork\dental\dental\data\raw\zenodo\panoramic_radiography_yolo_dataset_14_classes\test\images\v53.jpg,test/images/v53.jpg,test,C:\Pywork\dental\dental\data\raw\zenodo\panoramic_radiography_yolo_dataset_14_classes\test\images\v10.jpg,test/images/v10.jpg,test,roboflow,dhash,6,exclude
C:\Pywork\dental\dental\data\raw\zenodo\panoramic_radiography_yolo_dataset_14_classes\test\images\v54.jpg,test/images/v54.jpg,test,C:\Pywork\dental\dental\data\raw\zenodo\panoramic_radiography_yolo_dataset_14_classes\test\images\v29.jpg,test/images/v29.jpg,test,roboflow,dhash,7,exclude
C:\Pywork\dental\dental\data\raw\zenodo\panoramic_radiography_yolo_dataset_14_classes\test\images\v55.jpg,test/images/v55.jpg,test,C:\Pywork\dental\dental\data\raw\zenodo\panoramic_radiography_yolo_dataset_14_classes\test\images\v16.jpg,test/images/v16.jpg,test,roboflow,dhash,6,exclude
C:\Pywork\dental\dental\data\raw\zenodo\panoramic_radiography_yolo_dataset_14_classes\test\images\v56.jpg,test/images/v56.jpg,test,C:\Pywork\dental\dental\data\raw\zenodo\panoramic_radiography_yolo_dataset_14_classes\test\images\v3.jpg,test/images/v3.jpg,test,roboflow,dhash,7,exclude
C:\Pywork\dental\dental\data\raw\zenodo\panoramic_radiography_yolo_dataset_14_classes\test\images\v57.jpg,test/images/v57.jpg,test,C:\Pywork\dental\dental\data\raw\zenodo\panoramic_radiography_yolo_dataset_14_classes\test\images\v56.jpg,test/images/v56.jpg,test,roboflow,dhash,8,exclude
C:\Pywork\dental\dental\data\raw\zenodo\panoramic_radiography_yolo_dataset_14_classes\test\images\v6.jpg,test/images/v6.jpg,test,C:\Pywork\dental\dental\data\raw\zenodo\panoramic_radiography_yolo_dataset_14_classes\test\images\v3.jpg,test/images/v3.jpg,test,roboflow,dhash,6,exclude
C:\Pywork\dental\dental\data\raw\zenodo\panoramic_radiography_yolo_dataset_14_classes\test\images\v7.jpg,test/images/v7.jpg,test,C:\Pywork\dental\dental\data\raw\zenodo\panoramic_radiography_yolo_dataset_14_classes\test\images\v53.jpg,test/images/v53.jpg,test,roboflow,dhash,5,exclude
C:\Pywork\dental\dental\data\raw\zenodo\panoramic_radiography_yolo_dataset_14_classes\test\images\v78.jpg,test/images/v78.jpg,test,C:\Pywork\dental\dental\data\raw\zenodo\panoramic_radiography_yolo_dataset_14_classes\test\images\v68.jpg,test/images/v68.jpg,test,roboflow,dhash,7,exclude
C:\Pywork\dental\dental\data\raw\zenodo\panoramic_radiography_yolo_dataset_14_classes\test\images\v8.jpg,test/images/v8.jpg,test,C:\Pywork\dental\dental\data\raw\zenodo\panoramic_radiography_yolo_dataset_14_classes\test\images\v16.jpg,test/images/v16.jpg,test,roboflow,dhash,7,exclude
C:\Pywork\dental\dental\data\raw\zenodo\panoramic_radiography_yolo_dataset_14_classes\test\images\v84.jpg,test/images/v84.jpg,test,C:\Pywork\dental\dental\data\raw\zenodo\panoramic_radiography_yolo_dataset_14_classes\test\images\v35.jpg,test/images/v35.jpg,test,roboflow,dhash,8,exclude
C:\Pywork\dental\dental\data\raw\zenodo\panoramic_radiography_yolo_dataset_14_classes\test\images\v85.jpg,test/images/v85.jpg,test,C:\Pywork\dental\dental\data\raw\zenodo\panoramic_radiography_yolo_dataset_14_classes\test\images\v68.jpg,test/images/v68.jpg,test,roboflow,dhash,7,exclude
C:\Pywork\dental\dental\data\raw\zenodo\panoramic_radiography_yolo_dataset_14_classes\test\images\v9.jpg,test/images/v9.jpg,test,C:\Pywork\dental\dental\data\raw\zenodo\panoramic_radiography_yolo_dataset_14_classes\test\images\v55.jpg,test/images/v55.jpg,test,roboflow,dhash,7,exclude
C:\Pywork\dental\dental\data\raw\zenodo\panoramic_radiography_yolo_dataset_14_classes\test\images\v93.jpg,test/images/v93.jpg,test,C:\Pywork\dental\dental\data\raw\zenodo\panoramic_radiography_yolo_dataset_14_classes\test\images\v84.jpg,test/images/v84.jpg,test,roboflow,dhash,8,exclude
C:\Pywork\dental\dental\data\raw\zenodo\panoramic_radiography_yolo_dataset_14_classes\test_alte_cabinete\Ext-validation\images\111.jpg,test_alte_cabinete/Ext-validation/images/111.jpg,roboflow,C:\Pywork\dental\dental\data\raw\zenodo\panoramic_radiography_yolo_dataset_14_classes\test_alte_cabinete\Ext-validation\images\104.jpg,test_alte_cabinete/Ext-validation/images/104.jpg,roboflow,roboflow,dhash,7,exclude
C:\Pywork\dental\dental\data\raw\zenodo\panoramic_radiography_yolo_dataset_14_classes\test_alte_cabinete\Ext-validation\images\113.jpg,test_alte_cabinete/Ext-validation/images/113.jpg,roboflow,C:\Pywork\dental\dental\data\raw\zenodo\panoramic_radiography_yolo_dataset_14_classes\test_alte_cabinete\Ext-validation\images\112.jpg,test_alte_cabinete/Ext-validation/images/112.jpg,roboflow,roboflow,dhash,8,exclude
C:\Pywork\dental\dental\data\raw\zenodo\panoramic_radiography_yolo_dataset_14_classes\test_alte_cabinete\Ext-validation\images\118.jpg,test_alte_cabinete/Ext-validation/images/118.jpg,roboflow,C:\Pywork\dental\dental\data\raw\zenodo\panoramic_radiography_yolo_dataset_14_classes\test_alte_cabinete\Ext-validation\images\10.jpg,test_alte_cabinete/Ext-validation/images/10.jpg,roboflow,roboflow,dhash,8,exclude
C:\Pywork\dental\dental\data\raw\zenodo\panoramic_radiography_yolo_dataset_14_classes\test_alte_cabinete\Ext-validation\images\123.jpg,test_alte_cabinete/Ext-validation/images/123.jpg,roboflow,C:\Pywork\dental\dental\data\raw\zenodo\panoramic_radiography_yolo_dataset_14_classes\test_alte_cabinete\Ext-validation\images\113.jpg,test_alte_cabinete/Ext-validation/images/113.jpg,roboflow,roboflow,dhash,8,exclude
C:\Pywork\dental\dental\data\raw\zenodo\panoramic_radiography_yolo_dataset_14_classes\test_alte_cabinete\Ext-validation\images\124.jpg,test_alte_cabinete/Ext-validation/images/124.jpg,roboflow,C:\Pywork\dental\dental\data\raw\zenodo\panoramic_radiography_yolo_dataset_14_classes\test_alte_cabinete\Ext-validation\images\1.jpg,test_alte_cabinete/Ext-validation/images/1.jpg,roboflow,roboflow,dhash,6,exclude
C:\Pywork\dental\dental\data\raw\zenodo\panoramic_radiography_yolo_dataset_14_classes\test_alte_cabinete\Ext-validation\images\126.jpg,test_alte_cabinete/Ext-validation/images/126.jpg,roboflow,C:\Pywork\dental\dental\data\raw\zenodo\panoramic_radiography_yolo_dataset_14_classes\test_alte_cabinete\Ext-validation\images\106.jpg,test_alte_cabinete/Ext-validation/images/106.jpg,roboflow,roboflow,dhash,8,exclude
C:\Pywork\dental\dental\data\raw\zenodo\panoramic_radiography_yolo_dataset_14_classes\test_alte_cabinete\Ext-validation\images\129.jpg,test_alte_cabinete/Ext-validation/images/129.jpg,roboflow,C:\Pywork\dental\dental\data\raw\zenodo\panoramic_radiography_yolo_dataset_14_classes\test\images\v77.jpg,test/images/v77.jpg,test,roboflow,dhash,8,exclude
C:\Pywork\dental\dental\data\raw\zenodo\panoramic_radiography_yolo_dataset_14_classes\test_alte_cabinete\Ext-validation\images\13.jpg,test_alte_cabinete/Ext-validation/images/13.jpg,roboflow,C:\Pywork\dental\dental\data\raw\zenodo\panoramic_radiography_yolo_dataset_14_classes\test_alte_cabinete\Ext-validation\images\106.jpg,test_alte_cabinete/Ext-validation/images/106.jpg,roboflow,roboflow,dhash,7,exclude
C:\Pywork\dental\dental\data\raw\zenodo\panoramic_radiography_yolo_dataset_14_classes\test_alte_cabinete\Ext-validation\images\133.jpg,test_alte_cabinete/Ext-validation/images/133.jpg,roboflow,C:\Pywork\dental\dental\data\raw\zenodo\panoramic_radiography_yolo_dataset_14_classes\test_alte_cabinete\Ext-validation\images\114.jpg,test_alte_cabinete/Ext-validation/images/114.jpg,roboflow,roboflow,dhash,6,exclude
C:\Pywork\dental\dental\data\raw\zenodo\panoramic_radiography_yolo_dataset_14_classes\test_alte_cabinete\Ext-validation\images\134.jpg,test_alte_cabinete/Ext-validation/images/134.jpg,roboflow,C:\Pywork\dental\dental\data\raw\zenodo\panoramic_radiography_yolo_dataset_14_classes\test\images\v10.jpg,test/images/v10.jpg,test,roboflow,dhash,8,exclude
C:\Pywork\dental\dental\data\raw\zenodo\panoramic_radiography_yolo_dataset_14_classes\test_alte_cabinete\Ext-validation\images\138.jpg,test_alte_cabinete/Ext-validation/images/138.jpg,roboflow,C:\Pywork\dental\dental\data\raw\zenodo\panoramic_radiography_yolo_dataset_14_classes\test_alte_cabinete\Ext-validation\images\107.jpg,test_alte_cabinete/Ext-validation/images/107.jpg,roboflow,roboflow,dhash,8,exclude
C:\Pywork\dental\dental\data\raw\zenodo\panoramic_radiography_yolo_dataset_14_classes\test_alte_cabinete\Ext-validation\images\145.jpg,test_alte_cabinete/Ext-validation/images/145.jpg,roboflow,C:\Pywork\dental\dental\data\raw\zenodo\panoramic_radiography_yolo_dataset_14_classes\test_alte_cabinete\Ext-validation\images\104.jpg,test_alte_cabinete/Ext-validation/images/104.jpg,roboflow,roboflow,dhash,8,exclude
C:\Pywork\dental\dental\data\raw\zenodo\panoramic_radiography_yolo_dataset_14_classes\test_alte_cabinete\Ext-validation\images\148.jpg,test_alte_cabinete/Ext-validation/images/148.jpg,roboflow,C:\Pywork\dental\dental\data\raw\zenodo\panoramic_radiography_yolo_dataset_14_classes\test_alte_cabinete\Ext-validation\images\111.jpg,test_alte_cabinete/Ext-validation/images/111.jpg,roboflow,roboflow,dhash,7,exclude
C:\Pywork\dental\dental\data\raw\zenodo\panoramic_radiography_yolo_dataset_14_classes\test_alte_cabinete\Ext-validation\images\151.jpg,test_alte_cabinete/Ext-validation/images/151.jpg,roboflow,C:\Pywork\dental\dental\data\raw\zenodo\panoramic_radiography_yolo_dataset_14_classes\test_alte_cabinete\Ext-validation\images\13.jpg,test_alte_cabinete/Ext-validation/images/13.jpg,roboflow,roboflow,dhash,5,exclude
C:\Pywork\dental\dental\data\raw\zenodo\panoramic_radiography_yolo_dataset_14_classes\test_alte_cabinete\Ext-validation\images\152.jpg,test_alte_cabinete/Ext-validation/images/152.jpg,roboflow,C:\Pywork\dental\dental\data\raw\zenodo\panoramic_radiography_yolo_dataset_14_classes\test_alte_cabinete\Ext-validation\images\100.jpg,test_alte_cabinete/Ext-validation/images/100.jpg,roboflow,roboflow,dhash,7,exclude
C:\Pywork\dental\dental\data\raw\zenodo\panoramic_radiography_yolo_dataset_14_classes\test_alte_cabinete\Ext-validation\images\157.jpg,test_alte_cabinete/Ext-validation/images/157.jpg,roboflow,C:\Pywork\dental\dental\data\raw\zenodo\panoramic_radiography_yolo_dataset_14_classes\test_alte_cabinete\Ext-validation\images\13.jpg,test_alte_cabinete/Ext-validation/images/13.jpg,roboflow,roboflow,dhash,8,exclude
C:\Pywork\dental\dental\data\raw\zenodo\panoramic_radiography_yolo_dataset_14_classes\test_alte_cabinete\Ext-validation\images\161.jpg,test_alte_cabinete/Ext-validation/images/161.jpg,roboflow,C:\Pywork\dental\dental\data\raw\zenodo\panoramic_radiography_yolo_dataset_14_classes\test_alte_cabinete\Ext-validation\images\101.jpg,test_alte_cabinete/Ext-validation/images/101.jpg,roboflow,roboflow,dhash,8,exclude
C:\Pywork\dental\dental\data\raw\zenodo\panoramic_radiography_yolo_dataset_14_classes\test_alte_cabinete\Ext-validation\images\166.jpg,test_alte_cabinete/Ext-validation/images/166.jpg,roboflow,C:\Pywork\dental\dental\data\raw\zenodo\panoramic_radiography_yolo_dataset_14_classes\test_alte_cabinete\Ext-validation\images\1.jpg,test_alte_cabinete/Ext-validation/images/1.jpg,roboflow,roboflow,dhash,8,exclude
C:\Pywork\dental\dental\data\raw\zenodo\panoramic_radiography_yolo_dataset_14_classes\test_alte_cabinete\Ext-validation\images\167.jpg,test_alte_cabinete/Ext-validation/images/167.jpg,roboflow,C:\Pywork\dental\dental\data\raw\zenodo\panoramic_radiography_yolo_dataset_14_classes\test_alte_cabinete\Ext-validation\images\124.jpg,test_alte_cabinete/Ext-validation/images/124.jpg,roboflow,roboflow,dhash,8,exclude
C:\Pywork\dental\dental\data\raw\zenodo\panoramic_radiography_yolo_dataset_14_classes\test_alte_cabinete\Ext-validation\images\172.jpg,test_alte_cabinete/Ext-validation/images/172.jpg,roboflow,C:\Pywork\dental\dental\data\raw\zenodo\panoramic_radiography_yolo_dataset_14_classes\test_alte_cabinete\Ext-validation\images\129.jpg,test_alte_cabinete/Ext-validation/images/129.jpg,roboflow,roboflow,dhash,7,exclude
C:\Pywork\dental\dental\data\raw\zenodo\panoramic_radiography_yolo_dataset_14_classes\test_alte_cabinete\Ext-validation\images\176.jpg,test_alte_cabinete/Ext-validation/images/176.jpg,roboflow,C:\Pywork\dental\dental\data\raw\zenodo\panoramic_radiography_yolo_dataset_14_classes\test\images\v9.jpg,test/images/v9.jpg,test,roboflow,dhash,7,exclude
C:\Pywork\dental\dental\data\raw\zenodo\panoramic_radiography_yolo_dataset_14_classes\test_alte_cabinete\Ext-validation\images\180.jpg,test_alte_cabinete/Ext-validation/images/180.jpg,roboflow,C:\Pywork\dental\dental\data\raw\zenodo\panoramic_radiography_yolo_dataset_14_classes\test\images\v7.jpg,test/images/v7.jpg,test,roboflow,dhash,7,exclude
C:\Pywork\dental\dental\data\raw\zenodo\panoramic_radiography_yolo_dataset_14_classes\test_alte_cabinete\Ext-validation\images\21.jpg,test_alte_cabinete/Ext-validation/images/21.jpg,roboflow,C:\Pywork\dental\dental\data\raw\zenodo\panoramic_radiography_yolo_dataset_14_classes\test_alte_cabinete\Ext-validation\images\132.jpg,test_alte_cabinete/Ext-validation/images/132.jpg,roboflow,roboflow,dhash,7,exclude
C:\Pywork\dental\dental\data\raw\zenodo\panoramic_radiography_yolo_dataset_14_classes\test_alte_cabinete\Ext-validation\images\24.jpg,test_alte_cabinete/Ext-validation/images/24.jpg,roboflow,C:\Pywork\dental\dental\data\raw\zenodo\panoramic_radiography_yolo_dataset_14_classes\test_alte_cabinete\Ext-validation\images\114.jpg,test_alte_cabinete/Ext-validation/images/114.jpg,roboflow,roboflow,dhash,7,exclude
C:\Pywork\dental\dental\data\raw\zenodo\panoramic_radiography_yolo_dataset_14_classes\test_alte_cabinete\Ext-validation\images\28.jpg,test_alte_cabinete/Ext-validation/images/28.jpg,roboflow,C:\Pywork\dental\dental\data\raw\zenodo\panoramic_radiography_yolo_dataset_14_classes\test\images\v10.jpg,test/images/v10.jpg,test,roboflow,dhash,7,exclude
C:\Pywork\dental\dental\data\raw\zenodo\panoramic_radiography_yolo_dataset_14_classes\test_alte_cabinete\Ext-validation\images\3.jpg,test_alte_cabinete/Ext-validation/images/3.jpg,roboflow,C:\Pywork\dental\dental\data\raw\zenodo\panoramic_radiography_yolo_dataset_14_classes\test_alte_cabinete\Ext-validation\images\113.jpg,test_alte_cabinete/Ext-validation/images/113.jpg,roboflow,roboflow,dhash,5,exclude
C:\Pywork\dental\dental\data\raw\zenodo\panoramic_radiography_yolo_dataset_14_classes\test_alte_cabinete\Ext-validation\images\30.jpg,test_alte_cabinete/Ext-validation/images/30.jpg,roboflow,C:\Pywork\dental\dental\data\raw\zenodo\panoramic_radiography_yolo_dataset_14_classes\test_alte_cabinete\Ext-validation\images\126.jpg,test_alte_cabinete/Ext-validation/images/126.jpg,roboflow,roboflow,dhash,7,exclude
C:\Pywork\dental\dental\data\raw\zenodo\panoramic_radiography_yolo_dataset_14_classes\test_alte_cabinete\Ext-validation\images\36.jpg,test_alte_cabinete/Ext-validation/images/36.jpg,roboflow,C:\Pywork\dental\dental\data\raw\zenodo\panoramic_radiography_yolo_dataset_14_classes\test_alte_cabinete\Ext-validation\images\104.jpg,test_alte_cabinete/Ext-validation/images/104.jpg,roboflow,roboflow,dhash,7,exclude
C:\Pywork\dental\dental\data\raw\zenodo\panoramic_radiography_yolo_dataset_14_classes\test_alte_cabinete\Ext-validation\images\37.jpg,test_alte_cabinete/Ext-validation/images/37.jpg,roboflow,C:\Pywork\dental\dental\data\raw\zenodo\panoramic_radiography_yolo_dataset_14_classes\test_alte_cabinete\Ext-validation\images\132.jpg,test_alte_cabinete/Ext-validation/images/132.jpg,roboflow,roboflow,dhash,7,exclude
C:\Pywork\dental\dental\data\raw\zenodo\panoramic_radiography_yolo_dataset_14_classes\test_alte_cabinete\Ext-validation\images\42.jpg,test_alte_cabinete/Ext-validation/images/42.jpg,roboflow,C:\Pywork\dental\dental\data\raw\zenodo\panoramic_radiography_yolo_dataset_14_classes\test_alte_cabinete\Ext-validation\images\113.jpg,test_alte_cabinete/Ext-validation/images/113.jpg,roboflow,roboflow,dhash,6,exclude
C:\Pywork\dental\dental\data\raw\zenodo\panoramic_radiography_yolo_dataset_14_classes\test_alte_cabinete\Ext-validation\images\43.jpg,test_alte_cabinete/Ext-validation/images/43.jpg,roboflow,C:\Pywork\dental\dental\data\raw\zenodo\panoramic_radiography_yolo_dataset_14_classes\test_alte_cabinete\Ext-validation\images\124.jpg,test_alte_cabinete/Ext-validation/images/124.jpg,roboflow,roboflow,dhash,6,exclude
C:\Pywork\dental\dental\data\raw\zenodo\panoramic_radiography_yolo_dataset_14_classes\test_alte_cabinete\Ext-validation\images\46.jpg,test_alte_cabinete/Ext-validation/images/46.jpg,roboflow,C:\Pywork\dental\dental\data\raw\zenodo\panoramic_radiography_yolo_dataset_14_classes\test_alte_cabinete\Ext-validation\images\36.jpg,test_alte_cabinete/Ext-validation/images/36.jpg,roboflow,roboflow,dhash,7,exclude
C:\Pywork\dental\dental\data\raw\zenodo\panoramic_radiography_yolo_dataset_14_classes\test_alte_cabinete\Ext-validation\images\53.jpg,test_alte_cabinete/Ext-validation/images/53.jpg,roboflow,C:\Pywork\dental\dental\data\raw\zenodo\panoramic_radiography_yolo_dataset_14_classes\test_alte_cabinete\Ext-validation\images\126.jpg,test_alte_cabinete/Ext-validation/images/126.jpg,roboflow,roboflow,dhash,7,exclude
C:\Pywork\dental\dental\data\raw\zenodo\panoramic_radiography_yolo_dataset_14_classes\test_alte_cabinete\Ext-validation\images\55.jpg,test_alte_cabinete/Ext-validation/images/55.jpg,roboflow,C:\Pywork\dental\dental\data\raw\zenodo\panoramic_radiography_yolo_dataset_14_classes\test_alte_cabinete\Ext-validation\images\13.jpg,test_alte_cabinete/Ext-validation/images/13.jpg,roboflow,roboflow,dhash,5,exclude
C:\Pywork\dental\dental\data\raw\zenodo\panoramic_radiography_yolo_dataset_14_classes\test_alte_cabinete\Ext-validation\images\56.jpg,test_alte_cabinete/Ext-validation/images/56.jpg,roboflow,C:\Pywork\dental\dental\data\raw\zenodo\panoramic_radiography_yolo_dataset_14_classes\test_alte_cabinete\Ext-validation\images\101.jpg,test_alte_cabinete/Ext-validation/images/101.jpg,roboflow,roboflow,dhash,6,exclude
C:\Pywork\dental\dental\data\raw\zenodo\panoramic_radiography_yolo_dataset_14_classes\test_alte_cabinete\Ext-validation\images\57.jpg,test_alte_cabinete/Ext-validation/images/57.jpg,roboflow,C:\Pywork\dental\dental\data\raw\zenodo\panoramic_radiography_yolo_dataset_14_classes\test_alte_cabinete\Ext-validation\images\40.jpg,test_alte_cabinete/Ext-validation/images/40.jpg,roboflow,roboflow,dhash,8,exclude
C:\Pywork\dental\dental\data\raw\zenodo\panoramic_radiography_yolo_dataset_14_classes\test_alte_cabinete\Ext-validation\images\58.jpg,test_alte_cabinete/Ext-validation/images/58.jpg,roboflow,C:\Pywork\dental\dental\data\raw\zenodo\panoramic_radiography_yolo_dataset_14_classes\test_alte_cabinete\Ext-validation\images\124.jpg,test_alte_cabinete/Ext-validation/images/124.jpg,roboflow,roboflow,dhash,5,exclude
C:\Pywork\dental\dental\data\raw\zenodo\panoramic_radiography_yolo_dataset_14_classes\test_alte_cabinete\Ext-validation\images\6.jpg,test_alte_cabinete/Ext-validation/images/6.jpg,roboflow,C:\Pywork\dental\dental\data\raw\zenodo\panoramic_radiography_yolo_dataset_14_classes\test_alte_cabinete\Ext-validation\images\47.jpg,test_alte_cabinete/Ext-validation/images/47.jpg,roboflow,roboflow,dhash,8,exclude
C:\Pywork\dental\dental\data\raw\zenodo\panoramic_radiography_yolo_dataset_14_classes\test_alte_cabinete\Ext-validation\images\61.jpg,test_alte_cabinete/Ext-validation/images/61.jpg,roboflow,C:\Pywork\dental\dental\data\raw\zenodo\panoramic_radiography_yolo_dataset_14_classes\test_alte_cabinete\Ext-validation\images\137.jpg,test_alte_cabinete/Ext-validation/images/137.jpg,roboflow,roboflow,dhash,6,exclude
C:\Pywork\dental\dental\data\raw\zenodo\panoramic_radiography_yolo_dataset_14_classes\test_alte_cabinete\Ext-validation\images\63.jpg,test_alte_cabinete/Ext-validation/images/63.jpg,roboflow,C:\Pywork\dental\dental\data\raw\zenodo\panoramic_radiography_yolo_dataset_14_classes\test_alte_cabinete\Ext-validation\images\129.jpg,test_alte_cabinete/Ext-validation/images/129.jpg,roboflow,roboflow,dhash,7,exclude
C:\Pywork\dental\dental\data\raw\zenodo\panoramic_radiography_yolo_dataset_14_classes\test_alte_cabinete\Ext-validation\images\64.jpg,test_alte_cabinete/Ext-validation/images/64.jpg,roboflow,C:\Pywork\dental\dental\data\raw\zenodo\panoramic_radiography_yolo_dataset_14_classes\test_alte_cabinete\Ext-validation\images\10.jpg,test_alte_cabinete/Ext-validation/images/10.jpg,roboflow,roboflow,dhash,6,exclude
C:\Pywork\dental\dental\data\raw\zenodo\panoramic_radiography_yolo_dataset_14_classes\test_alte_cabinete\Ext-validation\images\65.jpg,test_alte_cabinete/Ext-validation/images/65.jpg,roboflow,C:\Pywork\dental\dental\data\raw\zenodo\panoramic_radiography_yolo_dataset_14_classes\test_alte_cabinete\Ext-validation\images\23.jpg,test_alte_cabinete/Ext-validation/images/23.jpg,roboflow,roboflow,dhash,7,exclude
C:\Pywork\dental\dental\data\raw\zenodo\panoramic_radiography_yolo_dataset_14_classes\test_alte_cabinete\Ext-validation\images\66.jpg,test_alte_cabinete/Ext-validation/images/66.jpg,roboflow,C:\Pywork\dental\dental\data\raw\zenodo\panoramic_radiography_yolo_dataset_14_classes\test_alte_cabinete\Ext-validation\images\138.jpg,test_alte_cabinete/Ext-validation/images/138.jpg,roboflow,roboflow,dhash,5,exclude
C:\Pywork\dental\dental\data\raw\zenodo\panoramic_radiography_yolo_dataset_14_classes\test_alte_cabinete\Ext-validation\images\67.jpg,test_alte_cabinete/Ext-validation/images/67.jpg,roboflow,C:\Pywork\dental\dental\data\raw\zenodo\panoramic_radiography_yolo_dataset_14_classes\test_alte_cabinete\Ext-validation\images\32.jpg,test_alte_cabinete/Ext-validation/images/32.jpg,roboflow,roboflow,dhash,5,exclude
C:\Pywork\dental\dental\data\raw\zenodo\panoramic_radiography_yolo_dataset_14_classes\test_alte_cabinete\Ext-validation\images\69.jpg,test_alte_cabinete/Ext-validation/images/69.jpg,roboflow,C:\Pywork\dental\dental\data\raw\zenodo\panoramic_radiography_yolo_dataset_14_classes\test\images\v73.jpg,test/images/v73.jpg,test,roboflow,dhash,8,exclude
C:\Pywork\dental\dental\data\raw\zenodo\panoramic_radiography_yolo_dataset_14_classes\test_alte_cabinete\Ext-validation\images\70.jpg,test_alte_cabinete/Ext-validation/images/70.jpg,roboflow,C:\Pywork\dental\dental\data\raw\zenodo\panoramic_radiography_yolo_dataset_14_classes\test_alte_cabinete\Ext-validation\images\137.jpg,test_alte_cabinete/Ext-validation/images/137.jpg,roboflow,roboflow,dhash,8,exclude
C:\Pywork\dental\dental\data\raw\zenodo\panoramic_radiography_yolo_dataset_14_classes\test_alte_cabinete\Ext-validation\images\71.jpg,test_alte_cabinete/Ext-validation/images/71.jpg,roboflow,C:\Pywork\dental\dental\data\raw\zenodo\panoramic_radiography_yolo_dataset_14_classes\test_alte_cabinete\Ext-validation\images\148.jpg,test_alte_cabinete/Ext-validation/images/148.jpg,roboflow,roboflow,dhash,6,exclude
C:\Pywork\dental\dental\data\raw\zenodo\panoramic_radiography_yolo_dataset_14_classes\test_alte_cabinete\Ext-validation\images\72.jpg,test_alte_cabinete/Ext-validation/images/72.jpg,roboflow,C:\Pywork\dental\dental\data\raw\zenodo\panoramic_radiography_yolo_dataset_14_classes\test_alte_cabinete\Ext-validation\images\13.jpg,test_alte_cabinete/Ext-validation/images/13.jpg,roboflow,roboflow,dhash,7,exclude
C:\Pywork\dental\dental\data\raw\zenodo\panoramic_radiography_yolo_dataset_14_classes\test_alte_cabinete\Ext-validation\images\73.jpg,test_alte_cabinete/Ext-validation/images/73.jpg,roboflow,C:\Pywork\dental\dental\data\raw\zenodo\panoramic_radiography_yolo_dataset_14_classes\test_alte_cabinete\Ext-validation\images\23.jpg,test_alte_cabinete/Ext-validation/images/23.jpg,roboflow,roboflow,dhash,8,exclude
C:\Pywork\dental\dental\data\raw\zenodo\panoramic_radiography_yolo_dataset_14_classes\test_alte_cabinete\Ext-validation\images\75.jpg,test_alte_cabinete/Ext-validation/images/75.jpg,roboflow,C:\Pywork\dental\dental\data\raw\zenodo\panoramic_radiography_yolo_dataset_14_classes\test_alte_cabinete\Ext-validation\images\132.jpg,test_alte_cabinete/Ext-validation/images/132.jpg,roboflow,roboflow,dhash,8,exclude
C:\Pywork\dental\dental\data\raw\zenodo\panoramic_radiography_yolo_dataset_14_classes\test_alte_cabinete\Ext-validation\images\79.jpg,test_alte_cabinete/Ext-validation/images/79.jpg,roboflow,C:\Pywork\dental\dental\data\raw\zenodo\panoramic_radiography_yolo_dataset_14_classes\test_alte_cabinete\Ext-validation\images\109.jpg,test_alte_cabinete/Ext-validation/images/109.jpg,roboflow,roboflow,dhash,8,exclude
C:\Pywork\dental\dental\data\raw\zenodo\panoramic_radiography_yolo_dataset_14_classes\test_alte_cabinete\Ext-validation\images\81.jpg,test_alte_cabinete/Ext-validation/images/81.jpg,roboflow,C:\Pywork\dental\dental\data\raw\zenodo\panoramic_radiography_yolo_dataset_14_classes\test_alte_cabinete\Ext-validation\images\73.jpg,test_alte_cabinete/Ext-validation/images/73.jpg,roboflow,roboflow,dhash,7,exclude
C:\Pywork\dental\dental\data\raw\zenodo\panoramic_radiography_yolo_dataset_14_classes\test_alte_cabinete\Ext-validation\images\83.jpg,test_alte_cabinete/Ext-validation/images/83.jpg,roboflow,C:\Pywork\dental\dental\data\raw\zenodo\panoramic_radiography_yolo_dataset_14_classes\test_alte_cabinete\Ext-validation\images\72.jpg,test_alte_cabinete/Ext-validation/images/72.jpg,roboflow,roboflow,dhash,8,exclude
C:\Pywork\dental\dental\data\raw\zenodo\panoramic_radiography_yolo_dataset_14_classes\test_alte_cabinete\Ext-validation\images\84.jpg,test_alte_cabinete/Ext-validation/images/84.jpg,roboflow,C:\Pywork\dental\dental\data\raw\zenodo\panoramic_radiography_yolo_dataset_14_classes\test_alte_cabinete\Ext-validation\images\119.jpg,test_alte_cabinete/Ext-validation/images/119.jpg,roboflow,roboflow,dhash,7,exclude
C:\Pywork\dental\dental\data\raw\zenodo\panoramic_radiography_yolo_dataset_14_classes\test_alte_cabinete\Ext-validation\images\85.jpg,test_alte_cabinete/Ext-validation/images/85.jpg,roboflow,C:\Pywork\dental\dental\data\raw\zenodo\panoramic_radiography_yolo_dataset_14_classes\test_alte_cabinete\Ext-validation\images\105.jpg,test_alte_cabinete/Ext-validation/images/105.jpg,roboflow,roboflow,dhash,8,exclude
C:\Pywork\dental\dental\data\raw\zenodo\panoramic_radiography_yolo_dataset_14_classes\test_alte_cabinete\Ext-validation\images\87.jpg,test_alte_cabinete/Ext-validation/images/87.jpg,roboflow,C:\Pywork\dental\dental\data\raw\zenodo\panoramic_radiography_yolo_dataset_14_classes\test_alte_cabinete\Ext-validation\images\124.jpg,test_alte_cabinete/Ext-validation/images/124.jpg,roboflow,roboflow,dhash,7,exclude
C:\Pywork\dental\dental\data\raw\zenodo\panoramic_radiography_yolo_dataset_14_classes\test_alte_cabinete\Ext-validation\images\88.jpg,test_alte_cabinete/Ext-validation/images/88.jpg,roboflow,C:\Pywork\dental\dental\data\raw\zenodo\panoramic_radiography_yolo_dataset_14_classes\test_alte_cabinete\Ext-validation\images\15.jpg,test_alte_cabinete/Ext-validation/images/15.jpg,roboflow,roboflow,dhash,6,exclude
C:\Pywork\dental\dental\data\raw\zenodo\panoramic_radiography_yolo_dataset_14_classes\test_alte_cabinete\Ext-validation\images\89.jpg,test_alte_cabinete/Ext-validation/images/89.jpg,roboflow,C:\Pywork\dental\dental\data\raw\zenodo\panoramic_radiography_yolo_dataset_14_classes\test_alte_cabinete\Ext-validation\images\23.jpg,test_alte_cabinete/Ext-validation/images/23.jpg,roboflow,roboflow,dhash,8,exclude
C:\Pywork\dental\dental\data\raw\zenodo\panoramic_radiography_yolo_dataset_14_classes\test_alte_cabinete\Ext-validation\images\90.jpg,test_alte_cabinete/Ext-validation/images/90.jpg,roboflow,C:\Pywork\dental\dental\data\raw\zenodo\panoramic_radiography_yolo_dataset_14_classes\test_alte_cabinete\Ext-validation\images\78.jpg,test_alte_cabinete/Ext-validation/images/78.jpg,roboflow,roboflow,dhash,7,exclude
C:\Pywork\dental\dental\data\raw\zenodo\panoramic_radiography_yolo_dataset_14_classes\test_alte_cabinete\Ext-validation\images\93.jpg,test_alte_cabinete/Ext-validation/images/93.jpg,roboflow,C:\Pywork\dental\dental\data\raw\zenodo\panoramic_radiography_yolo_dataset_14_classes\test_alte_cabinete\Ext-validation\images\157.jpg,test_alte_cabinete/Ext-validation/images/157.jpg,roboflow,roboflow,dhash,7,exclude
C:\Pywork\dental\dental\data\raw\zenodo\panoramic_radiography_yolo_dataset_14_classes\test_alte_cabinete\Ext-validation\images\96.jpg,test_alte_cabinete/Ext-validation/images/96.jpg,roboflow,C:\Pywork\dental\dental\data\raw\zenodo\panoramic_radiography_yolo_dataset_14_classes\test\images\v45.jpg,test/images/v45.jpg,test,roboflow,dhash,8,exclude
C:\Pywork\dental\dental\data\raw\zenodo\panoramic_radiography_yolo_dataset_14_classes\test_alte_cabinete\Ext-validation\images\97.jpg,test_alte_cabinete/Ext-validation/images/97.jpg,roboflow,C:\Pywork\dental\dental\data\raw\zenodo\panoramic_radiography_yolo_dataset_14_classes\test_alte_cabinete\Ext-validation\images\145.jpg,test_alte_cabinete/Ext-validation/images/145.jpg,roboflow,roboflow,dhash,6,exclude
C:\Pywork\dental\dental\data\raw\zenodo\panoramic_radiography_yolo_dataset_14_classes\test_alte_cabinete\Ext-validation\images\99.jpg,test_alte_cabinete/Ext-validation/images/99.jpg,roboflow,C:\Pywork\dental\dental\data\raw\zenodo\panoramic_radiography_yolo_dataset_14_classes\test\images\v39.jpg,test/images/v39.jpg,test,roboflow,dhash,7,exclude
C:\Pywork\dental\dental\data\raw\zenodo\panoramic_radiography_yolo_dataset_14_classes\train\images\1005.jpg,train/images/1005.jpg,train,C:\Pywork\dental\dental\data\raw\zenodo\panoramic_radiography_yolo_dataset_14_classes\test\images\v10.jpg,test/images/v10.jpg,test,roboflow,dhash,5,exclude
C:\Pywork\dental\dental\data\raw\zenodo\panoramic_radiography_yolo_dataset_14_classes\train\images\1008.jpg,train/images/1008.jpg,train,C:\Pywork\dental\dental\data\raw\zenodo\panoramic_radiography_yolo_dataset_14_classes\train\images\1006.jpg,train/images/1006.jpg,train,roboflow,dhash,7,exclude
C:\Pywork\dental\dental\data\raw\zenodo\panoramic_radiography_yolo_dataset_14_classes\train\images\101.jpg,train/images/101.jpg,train,C:\Pywork\dental\dental\data\raw\zenodo\panoramic_radiography_yolo_dataset_14_classes\test\images\v3.jpg,test/images/v3.jpg,test,roboflow,dhash,7,exclude
C:\Pywork\dental\dental\data\raw\zenodo\panoramic_radiography_yolo_dataset_14_classes\train\images\1013.jpg,train/images/1013.jpg,train,C:\Pywork\dental\dental\data\raw\zenodo\panoramic_radiography_yolo_dataset_14_classes\test\images\v17.jpg,test/images/v17.jpg,test,roboflow,dhash,5,exclude
C:\Pywork\dental\dental\data\raw\zenodo\panoramic_radiography_yolo_dataset_14_classes\train\images\1015.jpg,train/images/1015.jpg,train,C:\Pywork\dental\dental\data\raw\zenodo\panoramic_radiography_yolo_dataset_14_classes\test\images\v24.jpg,test/images/v24.jpg,test,roboflow,dhash,7,exclude
C:\Pywork\dental\dental\data\raw\zenodo\panoramic_radiography_yolo_dataset_14_classes\train\images\1019.jpg,train/images/1019.jpg,train,C:\Pywork\dental\dental\data\raw\zenodo\panoramic_radiography_yolo_dataset_14_classes\test\images\v68.jpg,test/images/v68.jpg,test,roboflow,dhash,7,exclude
C:\Pywork\dental\dental\data\raw\zenodo\panoramic_radiography_yolo_dataset_14_classes\train\images\1022.jpg,train/images/1022.jpg,train,C:\Pywork\dental\dental\data\raw\zenodo\panoramic_radiography_yolo_dataset_14_classes\test\images\v9.jpg,test/images/v9.jpg,test,roboflow,dhash,8,exclude
C:\Pywork\dental\dental\data\raw\zenodo\panoramic_radiography_yolo_dataset_14_classes\train\images\1024.jpg,train/images/1024.jpg,train,C:\Pywork\dental\dental\data\raw\zenodo\panoramic_radiography_yolo_dataset_14_classes\test\images\v78.jpg,test/images/v78.jpg,test,roboflow,dhash,7,exclude
C:\Pywork\dental\dental\data\raw\zenodo\panoramic_radiography_yolo_dataset_14_classes\train\images\1026.jpg,train/images/1026.jpg,train,C:\Pywork\dental\dental\data\raw\zenodo\panoramic_radiography_yolo_dataset_14_classes\train\images\1005.jpg,train/images/1005.jpg,train,roboflow,dhash,8,exclude
C:\Pywork\dental\dental\data\raw\zenodo\panoramic_radiography_yolo_dataset_14_classes\train\images\1031.jpg,train/images/1031.jpg,train,C:\Pywork\dental\dental\data\raw\zenodo\panoramic_radiography_yolo_dataset_14_classes\train\images\1003.jpg,train/images/1003.jpg,train,roboflow,dhash,6,exclude
C:\Pywork\dental\dental\data\raw\zenodo\panoramic_radiography_yolo_dataset_14_classes\train\images\1039.jpg,train/images/1039.jpg,train,C:\Pywork\dental\dental\data\raw\zenodo\panoramic_radiography_yolo_dataset_14_classes\test\images\v72.jpg,test/images/v72.jpg,test,roboflow,dhash,7,exclude
C:\Pywork\dental\dental\data\raw\zenodo\panoramic_radiography_yolo_dataset_14_classes\train\images\1044.jpg,train/images/1044.jpg,train,C:\Pywork\dental\dental\data\raw\zenodo\panoramic_radiography_yolo_dataset_14_classes\train\images\1017.jpg,train/images/1017.jpg,train,roboflow,dhash,8,exclude
C:\Pywork\dental\dental\data\raw\zenodo\panoramic_radiography_yolo_dataset_14_classes\train\images\1045.jpg,train/images/1045.jpg,train,C:\Pywork\dental\dental\data\raw\zenodo\panoramic_radiography_yolo_dataset_14_classes\train\images\1019.jpg,train/images/1019.jpg,train,roboflow,dhash,7,exclude
C:\Pywork\dental\dental\data\raw\zenodo\panoramic_radiography_yolo_dataset_14_classes\train\images\105.jpg,train/images/105.jpg,train,C:\Pywork\dental\dental\data\raw\zenodo\panoramic_radiography_yolo_dataset_14_classes\test\images\v25.jpg,test/images/v25.jpg,test,roboflow,dhash,7,exclude
C:\Pywork\dental\dental\data\raw\zenodo\panoramic_radiography_yolo_dataset_14_classes\train\images\1051.jpg,train/images/1051.jpg,train,C:\Pywork\dental\dental\data\raw\zenodo\panoramic_radiography_yolo_dataset_14_classes\test\images\v7.jpg,test/images/v7.jpg,test,roboflow,dhash,6,exclude
C:\Pywork\dental\dental\data\raw\zenodo\panoramic_radiography_yolo_dataset_14_classes\train\images\1054.jpg,train/images/1054.jpg,train,C:\Pywork\dental\dental\data\raw\zenodo\panoramic_radiography_yolo_dataset_14_classes\train\images\1024.jpg,train/images/1024.jpg,train,roboflow,dhash,8,exclude
C:\Pywork\dental\dental\data\raw\zenodo\panoramic_radiography_yolo_dataset_14_classes\train\images\1057.jpg,train/images/1057.jpg,train,C:\Pywork\dental\dental\data\raw\zenodo\panoramic_radiography_yolo_dataset_14_classes\train\images\1003.jpg,train/images/1003.jpg,train,roboflow,dhash,7,exclude
C:\Pywork\dental\dental\data\raw\zenodo\panoramic_radiography_yolo_dataset_14_classes\train\images\106.jpg,train/images/106.jpg,train,C:\Pywork\dental\dental\data\raw\zenodo\panoramic_radiography_yolo_dataset_14_classes\test\images\v10.jpg,test/images/v10.jpg,test,roboflow,dhash,6,exclude
C:\Pywork\dental\dental\data\raw\zenodo\panoramic_radiography_yolo_dataset_14_classes\train\images\1063.jpg,train/images/1063.jpg,train,C:\Pywork\dental\dental\data\raw\zenodo\panoramic_radiography_yolo_dataset_14_classes\train\images\106.jpg,train/images/106.jpg,train,roboflow,dhash,7,exclude
C:\Pywork\dental\dental\data\raw\zenodo\panoramic_radiography_yolo_dataset_14_classes\train\images\1073.jpg,train/images/1073.jpg,train,C:\Pywork\dental\dental\data\raw\zenodo\panoramic_radiography_yolo_dataset_14_classes\train\images\1072.jpg,train/images/1072.jpg,train,roboflow,dhash,5,exclude
C:\Pywork\dental\dental\data\raw\zenodo\panoramic_radiography_yolo_dataset_14_classes\train\images\1081.jpg,train/images/1081.jpg,train,C:\Pywork\dental\dental\data\raw\zenodo\panoramic_radiography_yolo_dataset_14_classes\train\images\1051.jpg,train/images/1051.jpg,train,roboflow,dhash,8,exclude
C:\Pywork\dental\dental\data\raw\zenodo\panoramic_radiography_yolo_dataset_14_classes\train\images\1089.jpg,train/images/1089.jpg,train,C:\Pywork\dental\dental\data\raw\zenodo\panoramic_radiography_yolo_dataset_14_classes\train\images\1085.jpg,train/images/1085.jpg,train,roboflow,dhash,8,exclude
C:\Pywork\dental\dental\data\raw\zenodo\panoramic_radiography_yolo_dataset_14_classes\train\images\109.jpg,train/images/109.jpg,train,C:\Pywork\dental\dental\data\raw\zenodo\panoramic_radiography_yolo_dataset_14_classes\test\images\v16.jpg,test/images/v16.jpg,test,roboflow,dhash,7,exclude
C:\Pywork\dental\dental\data\raw\zenodo\panoramic_radiography_yolo_dataset_14_classes\train\images\1096.jpg,train/images/1096.jpg,train,C:\Pywork\dental\dental\data\raw\zenodo\panoramic_radiography_yolo_dataset_14_classes\train\images\1092.jpg,train/images/1092.jpg,train,roboflow,dhash,8,exclude
C:\Pywork\dental\dental\data\raw\zenodo\panoramic_radiography_yolo_dataset_14_classes\train\images\1097.jpg,train/images/1097.jpg,train,C:\Pywork\dental\dental\data\raw\zenodo\panoramic_radiography_yolo_dataset_14_classes\test\images\v82.jpg,test/images/v82.jpg,test,roboflow,dhash,7,exclude
C:\Pywork\dental\dental\data\raw\zenodo\panoramic_radiography_yolo_dataset_14_classes\train\images\1101.jpg,train/images/1101.jpg,train,C:\Pywork\dental\dental\data\raw\zenodo\panoramic_radiography_yolo_dataset_14_classes\test_alte_cabinete\Ext-validation\images\9.jpg,test_alte_cabinete/Ext-validation/images/9.jpg,roboflow,roboflow,dhash,5,exclude
C:\Pywork\dental\dental\data\raw\zenodo\panoramic_radiography_yolo_dataset_14_classes\train\images\1105.jpg,train/images/1105.jpg,train,C:\Pywork\dental\dental\data\raw\zenodo\panoramic_radiography_yolo_dataset_14_classes\test\images\v32.jpg,test/images/v32.jpg,test,roboflow,dhash,8,exclude
C:\Pywork\dental\dental\data\raw\zenodo\panoramic_radiography_yolo_dataset_14_classes\train\images\1106.jpg,train/images/1106.jpg,train,C:\Pywork\dental\dental\data\raw\zenodo\panoramic_radiography_yolo_dataset_14_classes\test\images\v7.jpg,test/images/v7.jpg,test,roboflow,dhash,5,exclude
C:\Pywork\dental\dental\data\raw\zenodo\panoramic_radiography_yolo_dataset_14_classes\train\images\1107.jpg,train/images/1107.jpg,train,C:\Pywork\dental\dental\data\raw\zenodo\panoramic_radiography_yolo_dataset_14_classes\train\images\1105.jpg,train/images/1105.jpg,train,roboflow,dhash,8,exclude
C:\Pywork\dental\dental\data\raw\zenodo\panoramic_radiography_yolo_dataset_14_classes\train\images\1108.jpg,train/images/1108.jpg,train,C:\Pywork\dental\dental\data\raw\zenodo\panoramic_radiography_yolo_dataset_14_classes\test\images\v10.jpg,test/images/v10.jpg,test,roboflow,dhash,5,exclude
C:\Pywork\dental\dental\data\raw\zenodo\panoramic_radiography_yolo_dataset_14_classes\train\images\1109.jpg,train/images/1109.jpg,train,C:\Pywork\dental\dental\data\raw\zenodo\panoramic_radiography_yolo_dataset_14_classes\test\images\v55.jpg,test/images/v55.jpg,test,roboflow,dhash,6,exclude
C:\Pywork\dental\dental\data\raw\zenodo\panoramic_radiography_yolo_dataset_14_classes\train\images\1111.jpg,train/images/1111.jpg,train,C:\Pywork\dental\dental\data\raw\zenodo\panoramic_radiography_yolo_dataset_14_classes\test\images\v39.jpg,test/images/v39.jpg,test,roboflow,dhash,8,exclude
C:\Pywork\dental\dental\data\raw\zenodo\panoramic_radiography_yolo_dataset_14_classes\train\images\1112.jpg,train/images/1112.jpg,train,C:\Pywork\dental\dental\data\raw\zenodo\panoramic_radiography_yolo_dataset_14_classes\test\images\v17.jpg,test/images/v17.jpg,test,roboflow,dhash,8,exclude
C:\Pywork\dental\dental\data\raw\zenodo\panoramic_radiography_yolo_dataset_14_classes\train\images\112.jpg,train/images/112.jpg,train,C:\Pywork\dental\dental\data\raw\zenodo\panoramic_radiography_yolo_dataset_14_classes\test_alte_cabinete\Ext-validation\images\9.jpg,test_alte_cabinete/Ext-validation/images/9.jpg,roboflow,roboflow,dhash,6,exclude
C:\Pywork\dental\dental\data\raw\zenodo\panoramic_radiography_yolo_dataset_14_classes\train\images\1121.jpg,train/images/1121.jpg,train,C:\Pywork\dental\dental\data\raw\zenodo\panoramic_radiography_yolo_dataset_14_classes\test\images\v16.jpg,test/images/v16.jpg,test,roboflow,dhash,8,exclude
C:\Pywork\dental\dental\data\raw\zenodo\panoramic_radiography_yolo_dataset_14_classes\train\images\1123.jpg,train/images/1123.jpg,train,C:\Pywork\dental\dental\data\raw\zenodo\panoramic_radiography_yolo_dataset_14_classes\train\images\1108.jpg,train/images/1108.jpg,train,roboflow,dhash,7,exclude
C:\Pywork\dental\dental\data\raw\zenodo\panoramic_radiography_yolo_dataset_14_classes\train\images\1124.jpg,train/images/1124.jpg,train,C:\Pywork\dental\dental\data\raw\zenodo\panoramic_radiography_yolo_dataset_14_classes\test\images\v25.jpg,test/images/v25.jpg,test,roboflow,dhash,5,exclude
C:\Pywork\dental\dental\data\raw\zenodo\panoramic_radiography_yolo_dataset_14_classes\train\images\1128.jpg,train/images/1128.jpg,train,C:\Pywork\dental\dental\data\raw\zenodo\panoramic_radiography_yolo_dataset_14_classes\train\images\1013.jpg,train/images/1013.jpg,train,roboflow,dhash,6,exclude
C:\Pywork\dental\dental\data\raw\zenodo\panoramic_radiography_yolo_dataset_14_classes\train\images\1129.jpg,train/images/1129.jpg,train,C:\Pywork\dental\dental\data\raw\zenodo\panoramic_radiography_yolo_dataset_14_classes\test_alte_cabinete\Ext-validation\images\101.jpg,test_alte_cabinete/Ext-validation/images/101.jpg,roboflow,roboflow,dhash,7,exclude
C:\Pywork\dental\dental\data\raw\zenodo\panoramic_radiography_yolo_dataset_14_classes\train\images\1131.jpg,train/images/1131.jpg,train,C:\Pywork\dental\dental\data\raw\zenodo\panoramic_radiography_yolo_dataset_14_classes\test\images\v60.png,test/images/v60.png,test,roboflow,dhash,6,exclude
C:\Pywork\dental\dental\data\raw\zenodo\panoramic_radiography_yolo_dataset_14_classes\train\images\1132.jpg,train/images/1132.jpg,train,C:\Pywork\dental\dental\data\raw\zenodo\panoramic_radiography_yolo_dataset_14_classes\test\images\v58.jpg,test/images/v58.jpg,test,roboflow,dhash,7,exclude
C:\Pywork\dental\dental\data\raw\zenodo\panoramic_radiography_yolo_dataset_14_classes\train\images\1133.jpg,train/images/1133.jpg,train,C:\Pywork\dental\dental\data\raw\zenodo\panoramic_radiography_yolo_dataset_14_classes\test\images\v10.jpg,test/images/v10.jpg,test,roboflow,dhash,6,exclude
C:\Pywork\dental\dental\data\raw\zenodo\panoramic_radiography_yolo_dataset_14_classes\train\images\1134.jpg,train/images/1134.jpg,train,C:\Pywork\dental\dental\data\raw\zenodo\panoramic_radiography_yolo_dataset_14_classes\train\images\1124.jpg,train/images/1124.jpg,train,roboflow,dhash,6,exclude
C:\Pywork\dental\dental\data\raw\zenodo\panoramic_radiography_yolo_dataset_14_classes\train\images\1135.jpg,train/images/1135.jpg,train,C:\Pywork\dental\dental\data\raw\zenodo\panoramic_radiography_yolo_dataset_14_classes\test\images\v9.jpg,test/images/v9.jpg,test,roboflow,dhash,8,exclude
C:\Pywork\dental\dental\data\raw\zenodo\panoramic_radiography_yolo_dataset_14_classes\train\images\1139.jpg,train/images/1139.jpg,train,C:\Pywork\dental\dental\data\raw\zenodo\panoramic_radiography_yolo_dataset_14_classes\test\images\v40.jpg,test/images/v40.jpg,test,roboflow,dhash,7,exclude
C:\Pywork\dental\dental\data\raw\zenodo\panoramic_radiography_yolo_dataset_14_classes\train\images\1144.jpg,train/images/1144.jpg,train,C:\Pywork\dental\dental\data\raw\zenodo\panoramic_radiography_yolo_dataset_14_classes\test\images\v3.jpg,test/images/v3.jpg,test,roboflow,dhash,8,exclude
C:\Pywork\dental\dental\data\raw\zenodo\panoramic_radiography_yolo_dataset_14_classes\train\images\1147.jpg,train/images/1147.jpg,train,C:\Pywork\dental\dental\data\raw\zenodo\panoramic_radiography_yolo_dataset_14_classes\train\images\1015.jpg,train/images/1015.jpg,train,roboflow,dhash,6,exclude
C:\Pywork\dental\dental\data\raw\zenodo\panoramic_radiography_yolo_dataset_14_classes\train\images\1149.jpg,train/images/1149.jpg,train,C:\Pywork\dental\dental\data\raw\zenodo\panoramic_radiography_yolo_dataset_14_classes\test\images\v55.jpg,test/images/v55.jpg,test,roboflow,dhash,6,exclude
C:\Pywork\dental\dental\data\raw\zenodo\panoramic_radiography_yolo_dataset_14_classes\train\images\1154.jpg,train/images/1154.jpg,train,C:\Pywork\dental\dental\data\raw\zenodo\panoramic_radiography_yolo_dataset_14_classes\test\images\v16.jpg,test/images/v16.jpg,test,roboflow,dhash,5,exclude
C:\Pywork\dental\dental\data\raw\zenodo\panoramic_radiography_yolo_dataset_14_classes\train\images\1155.jpg,train/images/1155.jpg,train,C:\Pywork\dental\dental\data\raw\zenodo\panoramic_radiography_yolo_dataset_14_classes\test\images\v32.jpg,test/images/v32.jpg,test,roboflow,dhash,8,exclude
C:\Pywork\dental\dental\data\raw\zenodo\panoramic_radiography_yolo_dataset_14_classes\train\images\1157.jpg,train/images/1157.jpg,train,C:\Pywork\dental\dental\data\raw\zenodo\panoramic_radiography_yolo_dataset_14_classes\test_alte_cabinete\Ext-validation\images\177.jpg,test_alte_cabinete/Ext-validation/images/177.jpg,roboflow,roboflow,dhash,7,exclude
C:\Pywork\dental\dental\data\raw\zenodo\panoramic_radiography_yolo_dataset_14_classes\train\images\1159.jpg,train/images/1159.jpg,train,C:\Pywork\dental\dental\data\raw\zenodo\panoramic_radiography_yolo_dataset_14_classes\test\images\v27.jpg,test/images/v27.jpg,test,roboflow,dhash,7,exclude
C:\Pywork\dental\dental\data\raw\zenodo\panoramic_radiography_yolo_dataset_14_classes\train\images\116.jpg,train/images/116.jpg,train,C:\Pywork\dental\dental\data\raw\zenodo\panoramic_radiography_yolo_dataset_14_classes\test\images\v39.jpg,test/images/v39.jpg,test,roboflow,dhash,8,exclude
C:\Pywork\dental\dental\data\raw\zenodo\panoramic_radiography_yolo_dataset_14_classes\train\images\1161.jpg,train/images/1161.jpg,train,C:\Pywork\dental\dental\data\raw\zenodo\panoramic_radiography_yolo_dataset_14_classes\train\images\1026.jpg,train/images/1026.jpg,train,roboflow,dhash,7,exclude
C:\Pywork\dental\dental\data\raw\zenodo\panoramic_radiography_yolo_dataset_14_classes\train\images\1163.jpg,train/images/1163.jpg,train,C:\Pywork\dental\dental\data\raw\zenodo\panoramic_radiography_yolo_dataset_14_classes\train\images\1132.jpg,train/images/1132.jpg,train,roboflow,dhash,5,exclude
C:\Pywork\dental\dental\data\raw\zenodo\panoramic_radiography_yolo_dataset_14_classes\train\images\1164.jpg,train/images/1164.jpg,train,C:\Pywork\dental\dental\data\raw\zenodo\panoramic_radiography_yolo_dataset_14_classes\test\images\v53.jpg,test/images/v53.jpg,test,roboflow,dhash,5,exclude
C:\Pywork\dental\dental\data\raw\zenodo\panoramic_radiography_yolo_dataset_14_classes\train\images\1165.jpg,train/images/1165.jpg,train,C:\Pywork\dental\dental\data\raw\zenodo\panoramic_radiography_yolo_dataset_14_classes\test\images\v39.jpg,test/images/v39.jpg,test,roboflow,dhash,7,exclude
C:\Pywork\dental\dental\data\raw\zenodo\panoramic_radiography_yolo_dataset_14_classes\train\images\1166.jpg,train/images/1166.jpg,train,C:\Pywork\dental\dental\data\raw\zenodo\panoramic_radiography_yolo_dataset_14_classes\test\images\v19.jpg,test/images/v19.jpg,test,roboflow,dhash,7,exclude
C:\Pywork\dental\dental\data\raw\zenodo\panoramic_radiography_yolo_dataset_14_classes\train\images\1167.jpg,train/images/1167.jpg,train,C:\Pywork\dental\dental\data\raw\zenodo\panoramic_radiography_yolo_dataset_14_classes\test\images\v3.jpg,test/images/v3.jpg,test,roboflow,dhash,7,exclude
C:\Pywork\dental\dental\data\raw\zenodo\panoramic_radiography_yolo_dataset_14_classes\train\images\1168.jpg,train/images/1168.jpg,train,C:\Pywork\dental\dental\data\raw\zenodo\panoramic_radiography_yolo_dataset_14_classes\test\images\v3.jpg,test/images/v3.jpg,test,roboflow,dhash,5,exclude
C:\Pywork\dental\dental\data\raw\zenodo\panoramic_radiography_yolo_dataset_14_classes\train\images\1169.jpg,train/images/1169.jpg,train,C:\Pywork\dental\dental\data\raw\zenodo\panoramic_radiography_yolo_dataset_14_classes\test\images\v39.jpg,test/images/v39.jpg,test,roboflow,dhash,5,exclude
C:\Pywork\dental\dental\data\raw\zenodo\panoramic_radiography_yolo_dataset_14_classes\train\images\1171.jpg,train/images/1171.jpg,train,C:\Pywork\dental\dental\data\raw\zenodo\panoramic_radiography_yolo_dataset_14_classes\train\images\1134.jpg,train/images/1134.jpg,train,roboflow,dhash,6,exclude
C:\Pywork\dental\dental\data\raw\zenodo\panoramic_radiography_yolo_dataset_14_classes\train\images\1175.jpg,train/images/1175.jpg,train,C:\Pywork\dental\dental\data\raw\zenodo\panoramic_radiography_yolo_dataset_14_classes\test_alte_cabinete\Ext-validation\images\180.jpg,test_alte_cabinete/Ext-validation/images/180.jpg,roboflow,roboflow,dhash,6,exclude
C:\Pywork\dental\dental\data\raw\zenodo\panoramic_radiography_yolo_dataset_14_classes\train\images\118.jpg,train/images/118.jpg,train,C:\Pywork\dental\dental\data\raw\zenodo\panoramic_radiography_yolo_dataset_14_classes\train\images\1151.jpg,train/images/1151.jpg,train,roboflow,dhash,6,exclude
C:\Pywork\dental\dental\data\raw\zenodo\panoramic_radiography_yolo_dataset_14_classes\train\images\1183.jpg,train/images/1183.jpg,train,C:\Pywork\dental\dental\data\raw\zenodo\panoramic_radiography_yolo_dataset_14_classes\train\images\1086.jpg,train/images/1086.jpg,train,roboflow,dhash,8,exclude
C:\Pywork\dental\dental\data\raw\zenodo\panoramic_radiography_yolo_dataset_14_classes\train\images\1186.jpg,train/images/1186.jpg,train,C:\Pywork\dental\dental\data\raw\zenodo\panoramic_radiography_yolo_dataset_14_classes\test_alte_cabinete\Ext-validation\images\6.jpg,test_alte_cabinete/Ext-validation/images/6.jpg,roboflow,roboflow,dhash,8,exclude
C:\Pywork\dental\dental\data\raw\zenodo\panoramic_radiography_yolo_dataset_14_classes\train\images\1187.jpg,train/images/1187.jpg,train,C:\Pywork\dental\dental\data\raw\zenodo\panoramic_radiography_yolo_dataset_14_classes\train\images\1175.jpg,train/images/1175.jpg,train,roboflow,dhash,8,exclude
C:\Pywork\dental\dental\data\raw\zenodo\panoramic_radiography_yolo_dataset_14_classes\train\images\1192.jpg,train/images/1192.jpg,train,C:\Pywork\dental\dental\data\raw\zenodo\panoramic_radiography_yolo_dataset_14_classes\train\images\1031.jpg,train/images/1031.jpg,train,roboflow,dhash,8,exclude
C:\Pywork\dental\dental\data\raw\zenodo\panoramic_radiography_yolo_dataset_14_classes\train\images\1198.jpg,train/images/1198.jpg,train,C:\Pywork\dental\dental\data\raw\zenodo\panoramic_radiography_yolo_dataset_14_classes\test\images\v66.jpg,test/images/v66.jpg,test,roboflow,dhash,5,exclude
C:\Pywork\dental\dental\data\raw\zenodo\panoramic_radiography_yolo_dataset_14_classes\train\images\121.jpg,train/images/121.jpg,train,C:\Pywork\dental\dental\data\raw\zenodo\panoramic_radiography_yolo_dataset_14_classes\test\images\v60.png,test/images/v60.png,test,roboflow,dhash,5,exclude
C:\Pywork\dental\dental\data\raw\zenodo\panoramic_radiography_yolo_dataset_14_classes\train\images\122.jpg,train/images/122.jpg,train,C:\Pywork\dental\dental\data\raw\zenodo\panoramic_radiography_yolo_dataset_14_classes\test\images\v27.jpg,test/images/v27.jpg,test,roboflow,dhash,6,exclude
C:\Pywork\dental\dental\data\raw\zenodo\panoramic_radiography_yolo_dataset_14_classes\train\images\1234.jpg,train/images/1234.jpg,train,C:\Pywork\dental\dental\data\raw\zenodo\panoramic_radiography_yolo_dataset_14_classes\train\images\1017.jpg,train/images/1017.jpg,train,roboflow,dhash,7,exclude
C:\Pywork\dental\dental\data\raw\zenodo\panoramic_radiography_yolo_dataset_14_classes\train\images\1235.jpg,train/images/1235.jpg,train,C:\Pywork\dental\dental\data\raw\zenodo\panoramic_radiography_yolo_dataset_14_classes\train\images\1091.jpg,train/images/1091.jpg,train,roboflow,dhash,8,exclude
C:\Pywork\dental\dental\data\raw\zenodo\panoramic_radiography_yolo_dataset_14_classes\train\images\1239.jpg,train/images/1239.jpg,train,C:\Pywork\dental\dental\data\raw\zenodo\panoramic_radiography_yolo_dataset_14_classes\train\images\1017.jpg,train/images/1017.jpg,train,roboflow,dhash,8,exclude
C:\Pywork\dental\dental\data\raw\zenodo\panoramic_radiography_yolo_dataset_14_classes\train\images\124.jpg,train/images/124.jpg,train,C:\Pywork\dental\dental\data\raw\zenodo\panoramic_radiography_yolo_dataset_14_classes\test\images\v39.jpg,test/images/v39.jpg,test,roboflow,dhash,6,exclude
C:\Pywork\dental\dental\data\raw\zenodo\panoramic_radiography_yolo_dataset_14_classes\train\images\1243.jpg,train/images/1243.jpg,train,C:\Pywork\dental\dental\data\raw\zenodo\panoramic_radiography_yolo_dataset_14_classes\train\images\1034.jpg,train/images/1034.jpg,train,roboflow,dhash,5,exclude
C:\Pywork\dental\dental\data\raw\zenodo\panoramic_radiography_yolo_dataset_14_classes\train\images\1247.jpg,train/images/1247.jpg,train,C:\Pywork\dental\dental\data\raw\zenodo\panoramic_radiography_yolo_dataset_14_classes\test\images\v71.jpg,test/images/v71.jpg,test,roboflow,dhash,5,exclude
C:\Pywork\dental\dental\data\raw\zenodo\panoramic_radiography_yolo_dataset_14_classes\train\images\1254.jpg,train/images/1254.jpg,train,C:\Pywork\dental\dental\data\raw\zenodo\panoramic_radiography_yolo_dataset_14_classes\train\images\1056.jpg,train/images/1056.jpg,train,roboflow,dhash,7,exclude
C:\Pywork\dental\dental\data\raw\zenodo\panoramic_radiography_yolo_dataset_14_classes\train\images\1258.jpg,train/images/1258.jpg,train,C:\Pywork\dental\dental\data\raw\zenodo\panoramic_radiography_yolo_dataset_14_classes\train\images\1247.jpg,train/images/1247.jpg,train,roboflow,dhash,7,exclude
C:\Pywork\dental\dental\data\raw\zenodo\panoramic_radiography_yolo_dataset_14_classes\train\images\126.jpg,train/images/126.jpg,train,C:\Pywork\dental\dental\data\raw\zenodo\panoramic_radiography_yolo_dataset_14_classes\train\images\1026.jpg,train/images/1026.jpg,train,roboflow,dhash,8,exclude
C:\Pywork\dental\dental\data\raw\zenodo\panoramic_radiography_yolo_dataset_14_classes\train\images\1262.jpg,train/images/1262.jpg,train,C:\Pywork\dental\dental\data\raw\zenodo\panoramic_radiography_yolo_dataset_14_classes\test_alte_cabinete\Ext-validation\images\129.jpg,test_alte_cabinete/Ext-validation/images/129.jpg,roboflow,roboflow,dhash,8,exclude
C:\Pywork\dental\dental\data\raw\zenodo\panoramic_radiography_yolo_dataset_14_classes\train\images\1267.jpg,train/images/1267.jpg,train,C:\Pywork\dental\dental\data\raw\zenodo\panoramic_radiography_yolo_dataset_14_classes\test\images\v61.jpg,test/images/v61.jpg,test,roboflow,dhash,8,exclude
C:\Pywork\dental\dental\data\raw\zenodo\panoramic_radiography_yolo_dataset_14_classes\train\images\1268.jpg,train/images/1268.jpg,train,C:\Pywork\dental\dental\data\raw\zenodo\panoramic_radiography_yolo_dataset_14_classes\train\images\1006.jpg,train/images/1006.jpg,train,roboflow,dhash,5,exclude
C:\Pywork\dental\dental\data\raw\zenodo\panoramic_radiography_yolo_dataset_14_classes\train\images\1274.jpg,train/images/1274.jpg,train,C:\Pywork\dental\dental\data\raw\zenodo\panoramic_radiography_yolo_dataset_14_classes\train\images\1099.jpg,train/images/1099.jpg,train,roboflow,dhash,8,exclude
C:\Pywork\dental\dental\data\raw\zenodo\panoramic_radiography_yolo_dataset_14_classes\train\images\1279.jpg,train/images/1279.jpg,train,C:\Pywork\dental\dental\data\raw\zenodo\panoramic_radiography_yolo_dataset_14_classes\train\images\1029.jpg,train/images/1029.jpg,train,roboflow,dhash,5,exclude
C:\Pywork\dental\dental\data\raw\zenodo\panoramic_radiography_yolo_dataset_14_classes\train\images\1284.jpg,train/images/1284.jpg,train,C:\Pywork\dental\dental\data\raw\zenodo\panoramic_radiography_yolo_dataset_14_classes\train\images\1041.jpg,train/images/1041.jpg,train,roboflow,dhash,7,exclude
C:\Pywork\dental\dental\data\raw\zenodo\panoramic_radiography_yolo_dataset_14_classes\train\images\1286.jpg,train/images/1286.jpg,train,C:\Pywork\dental\dental\data\raw\zenodo\panoramic_radiography_yolo_dataset_14_classes\train\images\1086.jpg,train/images/1086.jpg,train,roboflow,dhash,8,exclude
C:\Pywork\dental\dental\data\raw\zenodo\panoramic_radiography_yolo_dataset_14_classes\train\images\1293.jpg,train/images/1293.jpg,train,C:\Pywork\dental\dental\data\raw\zenodo\panoramic_radiography_yolo_dataset_14_classes\test_alte_cabinete\Ext-validation\images\166.jpg,test_alte_cabinete/Ext-validation/images/166.jpg,roboflow,roboflow,dhash,6,exclude
C:\Pywork\dental\dental\data\raw\zenodo\panoramic_radiography_yolo_dataset_14_classes\train\images\1294.jpg,train/images/1294.jpg,train,C:\Pywork\dental\dental\data\raw\zenodo\panoramic_radiography_yolo_dataset_14_classes\train\images\1006.jpg,train/images/1006.jpg,train,roboflow,dhash,7,exclude
C:\Pywork\dental\dental\data\raw\zenodo\panoramic_radiography_yolo_dataset_14_classes\train\images\1298.jpg,train/images/1298.jpg,train,C:\Pywork\dental\dental\data\raw\zenodo\panoramic_radiography_yolo_dataset_14_classes\test\images\v72.jpg,test/images/v72.jpg,test,roboflow,dhash,8,exclude
C:\Pywork\dental\dental\data\raw\zenodo\panoramic_radiography_yolo_dataset_14_classes\train\images\1309.jpg,train/images/1309.jpg,train,C:\Pywork\dental\dental\data\raw\zenodo\panoramic_radiography_yolo_dataset_14_classes\train\images\1045.jpg,train/images/1045.jpg,train,roboflow,dhash,5,exclude
C:\Pywork\dental\dental\data\raw\zenodo\panoramic_radiography_yolo_dataset_14_classes\train\images\1318.jpg,train/images/1318.jpg,train,C:\Pywork\dental\dental\data\raw\zenodo\panoramic_radiography_yolo_dataset_14_classes\train\images\1045.jpg,train/images/1045.jpg,train,roboflow,dhash,5,exclude
C:\Pywork\dental\dental\data\raw\zenodo\panoramic_radiography_yolo_dataset_14_classes\train\images\1319.jpg,train/images/1319.jpg,train,C:\Pywork\dental\dental\data\raw\zenodo\panoramic_radiography_yolo_dataset_14_classes\train\images\1049.jpg,train/images/1049.jpg,train,roboflow,dhash,7,exclude
C:\Pywork\dental\dental\data\raw\zenodo\panoramic_radiography_yolo_dataset_14_classes\train\images\132.jpg,train/images/132.jpg,train,C:\Pywork\dental\dental\data\raw\zenodo\panoramic_radiography_yolo_dataset_14_classes\train\images\111.jpg,train/images/111.jpg,train,roboflow,dhash,7,exclude
C:\Pywork\dental\dental\data\raw\zenodo\panoramic_radiography_yolo_dataset_14_classes\train\images\1323.jpg,train/images/1323.jpg,train,C:\Pywork\dental\dental\data\raw\zenodo\panoramic_radiography_yolo_dataset_14_classes\test\images\v68.jpg,test/images/v68.jpg,test,roboflow,dhash,8,exclude
C:\Pywork\dental\dental\data\raw\zenodo\panoramic_radiography_yolo_dataset_14_classes\train\images\1324.jpg,train/images/1324.jpg,train,C:\Pywork\dental\dental\data\raw\zenodo\panoramic_radiography_yolo_dataset_14_classes\test\images\v80.jpg,test/images/v80.jpg,test,roboflow,dhash,6,exclude
C:\Pywork\dental\dental\data\raw\zenodo\panoramic_radiography_yolo_dataset_14_classes\train\images\1328.jpg,train/images/1328.jpg,train,C:\Pywork\dental\dental\data\raw\zenodo\panoramic_radiography_yolo_dataset_14_classes\test\images\v49.jpg,test/images/v49.jpg,test,roboflow,dhash,7,exclude
C:\Pywork\dental\dental\data\raw\zenodo\panoramic_radiography_yolo_dataset_14_classes\train\images\133.jpg,train/images/133.jpg,train,C:\Pywork\dental\dental\data\raw\zenodo\panoramic_radiography_yolo_dataset_14_classes\train\images\1245.jpg,train/images/1245.jpg,train,roboflow,dhash,7,exclude
C:\Pywork\dental\dental\data\raw\zenodo\panoramic_radiography_yolo_dataset_14_classes\train\images\1332.jpg,train/images/1332.jpg,train,C:\Pywork\dental\dental\data\raw\zenodo\panoramic_radiography_yolo_dataset_14_classes\train\images\107.jpg,train/images/107.jpg,train,roboflow,dhash,7,exclude
C:\Pywork\dental\dental\data\raw\zenodo\panoramic_radiography_yolo_dataset_14_classes\train\images\1333.jpg,train/images/1333.jpg,train,C:\Pywork\dental\dental\data\raw\zenodo\panoramic_radiography_yolo_dataset_14_classes\train\images\1005.jpg,train/images/1005.jpg,train,roboflow,dhash,6,exclude
C:\Pywork\dental\dental\data\raw\zenodo\panoramic_radiography_yolo_dataset_14_classes\train\images\1334.jpg,train/images/1334.jpg,train,C:\Pywork\dental\dental\data\raw\zenodo\panoramic_radiography_yolo_dataset_14_classes\test\images\v19.jpg,test/images/v19.jpg,test,roboflow,dhash,6,exclude
C:\Pywork\dental\dental\data\raw\zenodo\panoramic_radiography_yolo_dataset_14_classes\train\images\1335.jpg,train/images/1335.jpg,train,C:\Pywork\dental\dental\data\raw\zenodo\panoramic_radiography_yolo_dataset_14_classes\train\images\1119.jpg,train/images/1119.jpg,train,roboflow,dhash,8,exclude
C:\Pywork\dental\dental\data\raw\zenodo\panoramic_radiography_yolo_dataset_14_classes\train\images\1337.jpg,train/images/1337.jpg,train,C:\Pywork\dental\dental\data\raw\zenodo\panoramic_radiography_yolo_dataset_14_classes\test_alte_cabinete\Ext-validation\images\9.jpg,test_alte_cabinete/Ext-validation/images/9.jpg,roboflow,roboflow,dhash,5,exclude
C:\Pywork\dental\dental\data\raw\zenodo\panoramic_radiography_yolo_dataset_14_classes\train\images\1339.jpg,train/images/1339.jpg,train,C:\Pywork\dental\dental\data\raw\zenodo\panoramic_radiography_yolo_dataset_14_classes\test_alte_cabinete\Ext-validation\images\32.jpg,test_alte_cabinete/Ext-validation/images/32.jpg,roboflow,roboflow,dhash,7,exclude
C:\Pywork\dental\dental\data\raw\zenodo\panoramic_radiography_yolo_dataset_14_classes\train\images\134.jpg,train/images/134.jpg,train,C:\Pywork\dental\dental\data\raw\zenodo\panoramic_radiography_yolo_dataset_14_classes\train\images\1026.jpg,train/images/1026.jpg,train,roboflow,dhash,7,exclude
C:\Pywork\dental\dental\data\raw\zenodo\panoramic_radiography_yolo_dataset_14_classes\train\images\1341.jpg,train/images/1341.jpg,train,C:\Pywork\dental\dental\data\raw\zenodo\panoramic_radiography_yolo_dataset_14_classes\test\images\v1.jpg,test/images/v1.jpg,test,roboflow,dhash,5,exclude
C:\Pywork\dental\dental\data\raw\zenodo\panoramic_radiography_yolo_dataset_14_classes\train\images\1342.jpg,train/images/1342.jpg,train,C:\Pywork\dental\dental\data\raw\zenodo\panoramic_radiography_yolo_dataset_14_classes\test\images\v18.jpg,test/images/v18.jpg,test,roboflow,dhash,7,exclude
C:\Pywork\dental\dental\data\raw\zenodo\panoramic_radiography_yolo_dataset_14_classes\train\images\1343.jpg,train/images/1343.jpg,train,C:\Pywork\dental\dental\data\raw\zenodo\panoramic_radiography_yolo_dataset_14_classes\train\images\1104.jpg,train/images/1104.jpg,train,roboflow,dhash,6,exclude
C:\Pywork\dental\dental\data\raw\zenodo\panoramic_radiography_yolo_dataset_14_classes\train\images\1346.jpg,train/images/1346.jpg,train,C:\Pywork\dental\dental\data\raw\zenodo\panoramic_radiography_yolo_dataset_14_classes\test\images\v49.jpg,test/images/v49.jpg,test,roboflow,dhash,8,exclude
C:\Pywork\dental\dental\data\raw\zenodo\panoramic_radiography_yolo_dataset_14_classes\train\images\1348.jpg,train/images/1348.jpg,train,C:\Pywork\dental\dental\data\raw\zenodo\panoramic_radiography_yolo_dataset_14_classes\train\images\12.jpg,train/images/12.jpg,train,roboflow,dhash,7,exclude
C:\Pywork\dental\dental\data\raw\zenodo\panoramic_radiography_yolo_dataset_14_classes\train\images\1351.jpg,train/images/1351.jpg,train,C:\Pywork\dental\dental\data\raw\zenodo\panoramic_radiography_yolo_dataset_14_classes\train\images\111.jpg,train/images/111.jpg,train,roboflow,dhash,7,exclude
C:\Pywork\dental\dental\data\raw\zenodo\panoramic_radiography_yolo_dataset_14_classes\train\images\1355.jpg,train/images/1355.jpg,train,C:\Pywork\dental\dental\data\raw\zenodo\panoramic_radiography_yolo_dataset_14_classes\train\images\112.jpg,train/images/112.jpg,train,roboflow,dhash,6,exclude
C:\Pywork\dental\dental\data\raw\zenodo\panoramic_radiography_yolo_dataset_14_classes\train\images\1358.jpg,train/images/1358.jpg,train,C:\Pywork\dental\dental\data\raw\zenodo\panoramic_radiography_yolo_dataset_14_classes\train\images\1013.jpg,train/images/1013.jpg,train,roboflow,dhash,6,exclude
C:\Pywork\dental\dental\data\raw\zenodo\panoramic_radiography_yolo_dataset_14_classes\train\images\1361.jpg,train/images/1361.jpg,train,C:\Pywork\dental\dental\data\raw\zenodo\panoramic_radiography_yolo_dataset_14_classes\test\images\v60.png,test/images/v60.png,test,roboflow,dhash,6,exclude
C:\Pywork\dental\dental\data\raw\zenodo\panoramic_radiography_yolo_dataset_14_classes\train\images\1364.jpg,train/images/1364.jpg,train,C:\Pywork\dental\dental\data\raw\zenodo\panoramic_radiography_yolo_dataset_14_classes\train\images\1157.jpg,train/images/1157.jpg,train,roboflow,dhash,8,exclude
C:\Pywork\dental\dental\data\raw\zenodo\panoramic_radiography_yolo_dataset_14_classes\train\images\1367.jpg,train/images/1367.jpg,train,C:\Pywork\dental\dental\data\raw\zenodo\panoramic_radiography_yolo_dataset_14_classes\test\images\v4.jpg,test/images/v4.jpg,test,roboflow,dhash,5,exclude
C:\Pywork\dental\dental\data\raw\zenodo\panoramic_radiography_yolo_dataset_14_classes\train\images\1371.jpg,train/images/1371.jpg,train,C:\Pywork\dental\dental\data\raw\zenodo\panoramic_radiography_yolo_dataset_14_classes\train\images\1245.jpg,train/images/1245.jpg,train,roboflow,dhash,6,exclude
C:\Pywork\dental\dental\data\raw\zenodo\panoramic_radiography_yolo_dataset_14_classes\train\images\1375.jpg,train/images/1375.jpg,train,C:\Pywork\dental\dental\data\raw\zenodo\panoramic_radiography_yolo_dataset_14_classes\train\images\1332.jpg,train/images/1332.jpg,train,roboflow,dhash,6,exclude
C:\Pywork\dental\dental\data\raw\zenodo\panoramic_radiography_yolo_dataset_14_classes\train\images\1378.jpg,train/images/1378.jpg,train,C:\Pywork\dental\dental\data\raw\zenodo\panoramic_radiography_yolo_dataset_14_classes\test_alte_cabinete\Ext-validation\images\177.jpg,test_alte_cabinete/Ext-validation/images/177.jpg,roboflow,roboflow,dhash,5,exclude
C:\Pywork\dental\dental\data\raw\zenodo\panoramic_radiography_yolo_dataset_14_classes\train\images\1379.jpg,train/images/1379.jpg,train,C:\Pywork\dental\dental\data\raw\zenodo\panoramic_radiography_yolo_dataset_14_classes\train\images\1005.jpg,train/images/1005.jpg,train,roboflow,dhash,8,exclude
C:\Pywork\dental\dental\data\raw\zenodo\panoramic_radiography_yolo_dataset_14_classes\train\images\138.jpg,train/images/138.jpg,train,C:\Pywork\dental\dental\data\raw\zenodo\panoramic_radiography_yolo_dataset_14_classes\train\images\106.jpg,train/images/106.jpg,train,roboflow,dhash,5,exclude
C:\Pywork\dental\dental\data\raw\zenodo\panoramic_radiography_yolo_dataset_14_classes\train\images\1382.jpg,train/images/1382.jpg,train,C:\Pywork\dental\dental\data\raw\zenodo\panoramic_radiography_yolo_dataset_14_classes\test\images\v60.png,test/images/v60.png,test,roboflow,dhash,6,exclude
C:\Pywork\dental\dental\data\raw\zenodo\panoramic_radiography_yolo_dataset_14_classes\train\images\1383.jpg,train/images/1383.jpg,train,C:\Pywork\dental\dental\data\raw\zenodo\panoramic_radiography_yolo_dataset_14_classes\train\images\121.jpg,train/images/121.jpg,train,roboflow,dhash,8,exclude
C:\Pywork\dental\dental\data\raw\zenodo\panoramic_radiography_yolo_dataset_14_classes\train\images\1386.jpg,train/images/1386.jpg,train,C:\Pywork\dental\dental\data\raw\zenodo\panoramic_radiography_yolo_dataset_14_classes\test_alte_cabinete\Ext-validation\images\178.jpg,test_alte_cabinete/Ext-validation/images/178.jpg,roboflow,roboflow,dhash,6,exclude
C:\Pywork\dental\dental\data\raw\zenodo\panoramic_radiography_yolo_dataset_14_classes\train\images\139.jpg,train/images/139.jpg,train,C:\Pywork\dental\dental\data\raw\zenodo\panoramic_radiography_yolo_dataset_14_classes\test\images\v34.jpg,test/images/v34.jpg,test,roboflow,dhash,5,exclude
C:\Pywork\dental\dental\data\raw\zenodo\panoramic_radiography_yolo_dataset_14_classes\train\images\1393.jpg,train/images/1393.jpg,train,C:\Pywork\dental\dental\data\raw\zenodo\panoramic_radiography_yolo_dataset_14_classes\test\images\v59.jpg,test/images/v59.jpg,test,roboflow,dhash,8,exclude
C:\Pywork\dental\dental\data\raw\zenodo\panoramic_radiography_yolo_dataset_14_classes\train\images\1395.jpg,train/images/1395.jpg,train,C:\Pywork\dental\dental\data\raw\zenodo\panoramic_radiography_yolo_dataset_14_classes\test\images\v58.jpg,test/images/v58.jpg,test,roboflow,dhash,8,exclude
C:\Pywork\dental\dental\data\raw\zenodo\panoramic_radiography_yolo_dataset_14_classes\train\images\1396.jpg,train/images/1396.jpg,train,C:\Pywork\dental\dental\data\raw\zenodo\panoramic_radiography_yolo_dataset_14_classes\train\images\1363.jpg,train/images/1363.jpg,train,roboflow,dhash,8,exclude
C:\Pywork\dental\dental\data\raw\zenodo\panoramic_radiography_yolo_dataset_14_classes\train\images\1399.jpg,train/images/1399.jpg,train,C:\Pywork\dental\dental\data\raw\zenodo\panoramic_radiography_yolo_dataset_14_classes\train\images\1157.jpg,train/images/1157.jpg,train,roboflow,dhash,8,exclude
C:\Pywork\dental\dental\data\raw\zenodo\panoramic_radiography_yolo_dataset_14_classes\train\images\14.jpg,train/images/14.jpg,train,C:\Pywork\dental\dental\data\raw\zenodo\panoramic_radiography_yolo_dataset_14_classes\train\images\1346.jpg,train/images/1346.jpg,train,roboflow,dhash,7,exclude
C:\Pywork\dental\dental\data\raw\zenodo\panoramic_radiography_yolo_dataset_14_classes\train\images\1406.jpg,train/images/1406.jpg,train,C:\Pywork\dental\dental\data\raw\zenodo\panoramic_radiography_yolo_dataset_14_classes\train\images\1075.jpg,train/images/1075.jpg,train,roboflow,dhash,6,exclude
C:\Pywork\dental\dental\data\raw\zenodo\panoramic_radiography_yolo_dataset_14_classes\train\images\141.jpg,train/images/141.jpg,train,C:\Pywork\dental\dental\data\raw\zenodo\panoramic_radiography_yolo_dataset_14_classes\train\images\1356.jpg,train/images/1356.jpg,train,roboflow,dhash,8,exclude
C:\Pywork\dental\dental\data\raw\zenodo\panoramic_radiography_yolo_dataset_14_classes\train\images\1413.jpg,train/images/1413.jpg,train,C:\Pywork\dental\dental\data\raw\zenodo\panoramic_radiography_yolo_dataset_14_classes\test\images\v41.jpg,test/images/v41.jpg,test,roboflow,dhash,8,exclude
C:\Pywork\dental\dental\data\raw\zenodo\panoramic_radiography_yolo_dataset_14_classes\train\images\1416.jpg,train/images/1416.jpg,train,C:\Pywork\dental\dental\data\raw\zenodo\panoramic_radiography_yolo_dataset_14_classes\train\images\1346.jpg,train/images/1346.jpg,train,roboflow,dhash,8,exclude
C:\Pywork\dental\dental\data\raw\zenodo\panoramic_radiography_yolo_dataset_14_classes\train\images\1418.jpg,train/images/1418.jpg,train,C:\Pywork\dental\dental\data\raw\zenodo\panoramic_radiography_yolo_dataset_14_classes\train\images\137.jpg,train/images/137.jpg,train,roboflow,dhash,6,exclude
C:\Pywork\dental\dental\data\raw\zenodo\panoramic_radiography_yolo_dataset_14_classes\train\images\1419.jpg,train/images/1419.jpg,train,C:\Pywork\dental\dental\data\raw\zenodo\panoramic_radiography_yolo_dataset_14_classes\train\images\1105.jpg,train/images/1105.jpg,train,roboflow,dhash,7,exclude
C:\Pywork\dental\dental\data\raw\zenodo\panoramic_radiography_yolo_dataset_14_classes\train\images\1422.jpg,train/images/1422.jpg,train,C:\Pywork\dental\dental\data\raw\zenodo\panoramic_radiography_yolo_dataset_14_classes\test\images\v32.jpg,test/images/v32.jpg,test,roboflow,dhash,5,exclude
C:\Pywork\dental\dental\data\raw\zenodo\panoramic_radiography_yolo_dataset_14_classes\train\images\1423.jpg,train/images/1423.jpg,train,C:\Pywork\dental\dental\data\raw\zenodo\panoramic_radiography_yolo_dataset_14_classes\train\images\1422.jpg,train/images/1422.jpg,train,roboflow,dhash,8,exclude
C:\Pywork\dental\dental\data\raw\zenodo\panoramic_radiography_yolo_dataset_14_classes\train\images\1425.jpg,train/images/1425.jpg,train,C:\Pywork\dental\dental\data\raw\zenodo\panoramic_radiography_yolo_dataset_14_classes\test\images\v10.jpg,test/images/v10.jpg,test,roboflow,dhash,8,exclude
C:\Pywork\dental\dental\data\raw\zenodo\panoramic_radiography_yolo_dataset_14_classes\train\images\1426.jpg,train/images/1426.jpg,train,C:\Pywork\dental\dental\data\raw\zenodo\panoramic_radiography_yolo_dataset_14_classes\train\images\1355.jpg,train/images/1355.jpg,train,roboflow,dhash,6,exclude
C:\Pywork\dental\dental\data\raw\zenodo\panoramic_radiography_yolo_dataset_14_classes\train\images\1428.jpg,train/images/1428.jpg,train,C:\Pywork\dental\dental\data\raw\zenodo\panoramic_radiography_yolo_dataset_14_classes\train\images\1161.jpg,train/images/1161.jpg,train,roboflow,dhash,8,exclude
C:\Pywork\dental\dental\data\raw\zenodo\panoramic_radiography_yolo_dataset_14_classes\train\images\1431.jpg,train/images/1431.jpg,train,C:\Pywork\dental\dental\data\raw\zenodo\panoramic_radiography_yolo_dataset_14_classes\test\images\v55.jpg,test/images/v55.jpg,test,roboflow,dhash,8,exclude
C:\Pywork\dental\dental\data\raw\zenodo\panoramic_radiography_yolo_dataset_14_classes\train\images\1438.jpg,train/images/1438.jpg,train,C:\Pywork\dental\dental\data\raw\zenodo\panoramic_radiography_yolo_dataset_14_classes\test_alte_cabinete\Ext-validation\images\72.jpg,test_alte_cabinete/Ext-validation/images/72.jpg,roboflow,roboflow,dhash,6,exclude
C:\Pywork\dental\dental\data\raw\zenodo\panoramic_radiography_yolo_dataset_14_classes\train\images\144.jpg,train/images/144.jpg,train,C:\Pywork\dental\dental\data\raw\zenodo\panoramic_radiography_yolo_dataset_14_classes\train\images\1159.jpg,train/images/1159.jpg,train,roboflow,dhash,8,exclude
C:\Pywork\dental\dental\data\raw\zenodo\panoramic_radiography_yolo_dataset_14_classes\train\images\1441.jpg,train/images/1441.jpg,train,C:\Pywork\dental\dental\data\raw\zenodo\panoramic_radiography_yolo_dataset_14_classes\train\images\1199.jpg,train/images/1199.jpg,train,roboflow,dhash,8,exclude
C:\Pywork\dental\dental\data\raw\zenodo\panoramic_radiography_yolo_dataset_14_classes\train\images\1445.jpg,train/images/1445.jpg,train,C:\Pywork\dental\dental\data\raw\zenodo\panoramic_radiography_yolo_dataset_14_classes\train\images\1318.jpg,train/images/1318.jpg,train,roboflow,dhash,7,exclude
C:\Pywork\dental\dental\data\raw\zenodo\panoramic_radiography_yolo_dataset_14_classes\train\images\1446.jpg,train/images/1446.jpg,train,C:\Pywork\dental\dental\data\raw\zenodo\panoramic_radiography_yolo_dataset_14_classes\test_alte_cabinete\Ext-validation\images\178.jpg,test_alte_cabinete/Ext-validation/images/178.jpg,roboflow,roboflow,dhash,7,exclude
C:\Pywork\dental\dental\data\raw\zenodo\panoramic_radiography_yolo_dataset_14_classes\train\images\1448.jpg,train/images/1448.jpg,train,C:\Pywork\dental\dental\data\raw\zenodo\panoramic_radiography_yolo_dataset_14_classes\train\images\1437.jpg,train/images/1437.jpg,train,roboflow,dhash,7,exclude
C:\Pywork\dental\dental\data\raw\zenodo\panoramic_radiography_yolo_dataset_14_classes\train\images\1449.jpg,train/images/1449.jpg,train,C:\Pywork\dental\dental\data\raw\zenodo\panoramic_radiography_yolo_dataset_14_classes\train\images\1149.jpg,train/images/1149.jpg,train,roboflow,dhash,7,exclude
C:\Pywork\dental\dental\data\raw\zenodo\panoramic_radiography_yolo_dataset_14_classes\train\images\1455.jpg,train/images/1455.jpg,train,C:\Pywork\dental\dental\data\raw\zenodo\panoramic_radiography_yolo_dataset_14_classes\train\images\1044.jpg,train/images/1044.jpg,train,roboflow,dhash,7,exclude
C:\Pywork\dental\dental\data\raw\zenodo\panoramic_radiography_yolo_dataset_14_classes\train\images\146.jpg,train/images/146.jpg,train,C:\Pywork\dental\dental\data\raw\zenodo\panoramic_radiography_yolo_dataset_14_classes\train\images\1157.jpg,train/images/1157.jpg,train,roboflow,dhash,5,exclude
C:\Pywork\dental\dental\data\raw\zenodo\panoramic_radiography_yolo_dataset_14_classes\train\images\1466.jpg,train/images/1466.jpg,train,C:\Pywork\dental\dental\data\raw\zenodo\panoramic_radiography_yolo_dataset_14_classes\train\images\1006.jpg,train/images/1006.jpg,train,roboflow,dhash,8,exclude
C:\Pywork\dental\dental\data\raw\zenodo\panoramic_radiography_yolo_dataset_14_classes\train\images\1468.jpg,train/images/1468.jpg,train,C:\Pywork\dental\dental\data\raw\zenodo\panoramic_radiography_yolo_dataset_14_classes\test_alte_cabinete\Ext-validation\images\94.jpg,test_alte_cabinete/Ext-validation/images/94.jpg,roboflow,roboflow,dhash,8,exclude
C:\Pywork\dental\dental\data\raw\zenodo\panoramic_radiography_yolo_dataset_14_classes\train\images\147.jpg,train/images/147.jpg,train,C:\Pywork\dental\dental\data\raw\zenodo\panoramic_radiography_yolo_dataset_14_classes\train\images\1063.jpg,train/images/1063.jpg,train,roboflow,dhash,6,exclude
C:\Pywork\dental\dental\data\raw\zenodo\panoramic_radiography_yolo_dataset_14_classes\train\images\1473.jpg,train/images/1473.jpg,train,C:\Pywork\dental\dental\data\raw\zenodo\panoramic_radiography_yolo_dataset_14_classes\train\images\1049.jpg,train/images/1049.jpg,train,roboflow,dhash,8,exclude
C:\Pywork\dental\dental\data\raw\zenodo\panoramic_radiography_yolo_dataset_14_classes\train\images\1474.jpg,train/images/1474.jpg,train,C:\Pywork\dental\dental\data\raw\zenodo\panoramic_radiography_yolo_dataset_14_classes\test_alte_cabinete\Ext-validation\images\80.jpg,test_alte_cabinete/Ext-validation/images/80.jpg,roboflow,roboflow,dhash,7,exclude
C:\Pywork\dental\dental\data\raw\zenodo\panoramic_radiography_yolo_dataset_14_classes\train\images\1475.jpg,train/images/1475.jpg,train,C:\Pywork\dental\dental\data\raw\zenodo\panoramic_radiography_yolo_dataset_14_classes\train\images\1446.jpg,train/images/1446.jpg,train,roboflow,dhash,8,exclude
C:\Pywork\dental\dental\data\raw\zenodo\panoramic_radiography_yolo_dataset_14_classes\train\images\1476.jpg,train/images/1476.jpg,train,C:\Pywork\dental\dental\data\raw\zenodo\panoramic_radiography_yolo_dataset_14_classes\train\images\1039.jpg,train/images/1039.jpg,train,roboflow,dhash,7,exclude
C:\Pywork\dental\dental\data\raw\zenodo\panoramic_radiography_yolo_dataset_14_classes\train\images\1491.jpg,train/images/1491.jpg,train,C:\Pywork\dental\dental\data\raw\zenodo\panoramic_radiography_yolo_dataset_14_classes\train\images\1476.jpg,train/images/1476.jpg,train,roboflow,dhash,8,exclude
C:\Pywork\dental\dental\data\raw\zenodo\panoramic_radiography_yolo_dataset_14_classes\train\images\1494.jpg,train/images/1494.jpg,train,C:\Pywork\dental\dental\data\raw\zenodo\panoramic_radiography_yolo_dataset_14_classes\test\images\v49.jpg,test/images/v49.jpg,test,roboflow,dhash,6,exclude
C:\Pywork\dental\dental\data\raw\zenodo\panoramic_radiography_yolo_dataset_14_classes\train\images\15.jpg,train/images/15.jpg,train,C:\Pywork\dental\dental\data\raw\zenodo\panoramic_radiography_yolo_dataset_14_classes\train\images\1005.jpg,train/images/1005.jpg,train,roboflow,dhash,5,exclude
C:\Pywork\dental\dental\data\raw\zenodo\panoramic_radiography_yolo_dataset_14_classes\train\images\1503.jpg,train/images/1503.jpg,train,C:\Pywork\dental\dental\data\raw\zenodo\panoramic_radiography_yolo_dataset_14_classes\train\images\1319.jpg,train/images/1319.jpg,train,roboflow,dhash,7,exclude
C:\Pywork\dental\dental\data\raw\zenodo\panoramic_radiography_yolo_dataset_14_classes\train\images\1504.jpg,train/images/1504.jpg,train,C:\Pywork\dental\dental\data\raw\zenodo\panoramic_radiography_yolo_dataset_14_classes\train\images\1203.jpg,train/images/1203.jpg,train,roboflow,dhash,7,exclude
C:\Pywork\dental\dental\data\raw\zenodo\panoramic_radiography_yolo_dataset_14_classes\train\images\1509.jpg,train/images/1509.jpg,train,C:\Pywork\dental\dental\data\raw\zenodo\panoramic_radiography_yolo_dataset_14_classes\train\images\1203.jpg,train/images/1203.jpg,train,roboflow,dhash,6,exclude
C:\Pywork\dental\dental\data\raw\zenodo\panoramic_radiography_yolo_dataset_14_classes\train\images\152.jpg,train/images/152.jpg,train,C:\Pywork\dental\dental\data\raw\zenodo\panoramic_radiography_yolo_dataset_14_classes\test\images\v55.jpg,test/images/v55.jpg,test,roboflow,dhash,8,exclude
C:\Pywork\dental\dental\data\raw\zenodo\panoramic_radiography_yolo_dataset_14_classes\train\images\1525.jpg,train/images/1525.jpg,train,C:\Pywork\dental\dental\data\raw\zenodo\panoramic_radiography_yolo_dataset_14_classes\train\images\1448.jpg,train/images/1448.jpg,train,roboflow,dhash,7,exclude
C:\Pywork\dental\dental\data\raw\zenodo\panoramic_radiography_yolo_dataset_14_classes\train\images\1527.jpg,train/images/1527.jpg,train,C:\Pywork\dental\dental\data\raw\zenodo\panoramic_radiography_yolo_dataset_14_classes\train\images\1192.jpg,train/images/1192.jpg,train,roboflow,dhash,8,exclude
C:\Pywork\dental\dental\data\raw\zenodo\panoramic_radiography_yolo_dataset_14_classes\train\images\1528.jpg,train/images/1528.jpg,train,C:\Pywork\dental\dental\data\raw\zenodo\panoramic_radiography_yolo_dataset_14_classes\test\images\v86.jpg,test/images/v86.jpg,test,roboflow,dhash,8,exclude
C:\Pywork\dental\dental\data\raw\zenodo\panoramic_radiography_yolo_dataset_14_classes\train\images\1529.jpg,train/images/1529.jpg,train,C:\Pywork\dental\dental\data\raw\zenodo\panoramic_radiography_yolo_dataset_14_classes\train\images\1294.jpg,train/images/1294.jpg,train,roboflow,dhash,6,exclude
C:\Pywork\dental\dental\data\raw\zenodo\panoramic_radiography_yolo_dataset_14_classes\train\images\153.jpg,train/images/153.jpg,train,C:\Pywork\dental\dental\data\raw\zenodo\panoramic_radiography_yolo_dataset_14_classes\train\images\1151.jpg,train/images/1151.jpg,train,roboflow,dhash,7,exclude
C:\Pywork\dental\dental\data\raw\zenodo\panoramic_radiography_yolo_dataset_14_classes\train\images\1531.jpg,train/images/1531.jpg,train,C:\Pywork\dental\dental\data\raw\zenodo\panoramic_radiography_yolo_dataset_14_classes\test_alte_cabinete\Ext-validation\images\30.jpg,test_alte_cabinete/Ext-validation/images/30.jpg,roboflow,roboflow,dhash,7,exclude
C:\Pywork\dental\dental\data\raw\zenodo\panoramic_radiography_yolo_dataset_14_classes\train\images\1532.jpg,train/images/1532.jpg,train,C:\Pywork\dental\dental\data\raw\zenodo\panoramic_radiography_yolo_dataset_14_classes\train\images\1114.jpg,train/images/1114.jpg,train,roboflow,dhash,6,exclude
C:\Pywork\dental\dental\data\raw\zenodo\panoramic_radiography_yolo_dataset_14_classes\train\images\1533.jpg,train/images/1533.jpg,train,C:\Pywork\dental\dental\data\raw\zenodo\panoramic_radiography_yolo_dataset_14_classes\test_alte_cabinete\Ext-validation\images\129.jpg,test_alte_cabinete/Ext-validation/images/129.jpg,roboflow,roboflow,dhash,6,exclude
C:\Pywork\dental\dental\data\raw\zenodo\panoramic_radiography_yolo_dataset_14_classes\train\images\1534.jpg,train/images/1534.jpg,train,C:\Pywork\dental\dental\data\raw\zenodo\panoramic_radiography_yolo_dataset_14_classes\test_alte_cabinete\Ext-validation\images\3.jpg,test_alte_cabinete/Ext-validation/images/3.jpg,roboflow,roboflow,dhash,7,exclude
C:\Pywork\dental\dental\data\raw\zenodo\panoramic_radiography_yolo_dataset_14_classes\train\images\1535.jpg,train/images/1535.jpg,train,C:\Pywork\dental\dental\data\raw\zenodo\panoramic_radiography_yolo_dataset_14_classes\train\images\1097.jpg,train/images/1097.jpg,train,roboflow,dhash,8,exclude
C:\Pywork\dental\dental\data\raw\zenodo\panoramic_radiography_yolo_dataset_14_classes\train\images\1538.jpg,train/images/1538.jpg,train,C:\Pywork\dental\dental\data\raw\zenodo\panoramic_radiography_yolo_dataset_14_classes\test\images\v64.jpg,test/images/v64.jpg,test,roboflow,dhash,8,exclude
C:\Pywork\dental\dental\data\raw\zenodo\panoramic_radiography_yolo_dataset_14_classes\train\images\1542.jpg,train/images/1542.jpg,train,C:\Pywork\dental\dental\data\raw\zenodo\panoramic_radiography_yolo_dataset_14_classes\train\images\1309.jpg,train/images/1309.jpg,train,roboflow,dhash,6,exclude
C:\Pywork\dental\dental\data\raw\zenodo\panoramic_radiography_yolo_dataset_14_classes\train\images\1544.jpg,train/images/1544.jpg,train,C:\Pywork\dental\dental\data\raw\zenodo\panoramic_radiography_yolo_dataset_14_classes\train\images\1497.jpg,train/images/1497.jpg,train,roboflow,dhash,8,exclude
C:\Pywork\dental\dental\data\raw\zenodo\panoramic_radiography_yolo_dataset_14_classes\train\images\1545.jpg,train/images/1545.jpg,train,C:\Pywork\dental\dental\data\raw\zenodo\panoramic_radiography_yolo_dataset_14_classes\test\images\v85.jpg,test/images/v85.jpg,test,roboflow,dhash,8,exclude
C:\Pywork\dental\dental\data\raw\zenodo\panoramic_radiography_yolo_dataset_14_classes\train\images\1546.jpg,train/images/1546.jpg,train,C:\Pywork\dental\dental\data\raw\zenodo\panoramic_radiography_yolo_dataset_14_classes\test_alte_cabinete\Ext-validation\images\150.jpg,test_alte_cabinete/Ext-validation/images/150.jpg,roboflow,roboflow,dhash,8,exclude
C:\Pywork\dental\dental\data\raw\zenodo\panoramic_radiography_yolo_dataset_14_classes\train\images\155.jpg,train/images/155.jpg,train,C:\Pywork\dental\dental\data\raw\zenodo\panoramic_radiography_yolo_dataset_14_classes\train\images\153.jpg,train/images/153.jpg,train,roboflow,dhash,8,exclude
C:\Pywork\dental\dental\data\raw\zenodo\panoramic_radiography_yolo_dataset_14_classes\train\images\156.jpg,train/images/156.jpg,train,C:\Pywork\dental\dental\data\raw\zenodo\panoramic_radiography_yolo_dataset_14_classes\train\images\1157.jpg,train/images/1157.jpg,train,roboflow,dhash,8,exclude
C:\Pywork\dental\dental\data\raw\zenodo\panoramic_radiography_yolo_dataset_14_classes\train\images\157.jpg,train/images/157.jpg,train,C:\Pywork\dental\dental\data\raw\zenodo\panoramic_radiography_yolo_dataset_14_classes\test\images\v42.jpg,test/images/v42.jpg,test,roboflow,dhash,5,exclude
C:\Pywork\dental\dental\data\raw\zenodo\panoramic_radiography_yolo_dataset_14_classes\train\images\158.jpg,train/images/158.jpg,train,C:\Pywork\dental\dental\data\raw\zenodo\panoramic_radiography_yolo_dataset_14_classes\train\images\1026.jpg,train/images/1026.jpg,train,roboflow,dhash,7,exclude
C:\Pywork\dental\dental\data\raw\zenodo\panoramic_radiography_yolo_dataset_14_classes\train\images\159.jpg,train/images/159.jpg,train,C:\Pywork\dental\dental\data\raw\zenodo\panoramic_radiography_yolo_dataset_14_classes\train\images\1333.jpg,train/images/1333.jpg,train,roboflow,dhash,7,exclude
C:\Pywork\dental\dental\data\raw\zenodo\panoramic_radiography_yolo_dataset_14_classes\train\images\16.jpg,train/images/16.jpg,train,C:\Pywork\dental\dental\data\raw\zenodo\panoramic_radiography_yolo_dataset_14_classes\train\images\1123.jpg,train/images/1123.jpg,train,roboflow,dhash,7,exclude
C:\Pywork\dental\dental\data\raw\zenodo\panoramic_radiography_yolo_dataset_14_classes\train\images\161.jpg,train/images/161.jpg,train,C:\Pywork\dental\dental\data\raw\zenodo\panoramic_radiography_yolo_dataset_14_classes\test\images\v60.png,test/images/v60.png,test,roboflow,dhash,6,exclude
C:\Pywork\dental\dental\data\raw\zenodo\panoramic_radiography_yolo_dataset_14_classes\train\images\162.jpg,train/images/162.jpg,train,C:\Pywork\dental\dental\data\raw\zenodo\panoramic_radiography_yolo_dataset_14_classes\train\images\126.jpg,train/images/126.jpg,train,roboflow,dhash,5,exclude
C:\Pywork\dental\dental\data\raw\zenodo\panoramic_radiography_yolo_dataset_14_classes\train\images\165.jpg,train/images/165.jpg,train,C:\Pywork\dental\dental\data\raw\zenodo\panoramic_radiography_yolo_dataset_14_classes\train\images\1432.jpg,train/images/1432.jpg,train,roboflow,dhash,8,exclude
C:\Pywork\dental\dental\data\raw\zenodo\panoramic_radiography_yolo_dataset_14_classes\train\images\168.jpg,train/images/168.jpg,train,C:\Pywork\dental\dental\data\raw\zenodo\panoramic_radiography_yolo_dataset_14_classes\train\images\1509.jpg,train/images/1509.jpg,train,roboflow,dhash,8,exclude
C:\Pywork\dental\dental\data\raw\zenodo\panoramic_radiography_yolo_dataset_14_classes\train\images\169.jpg,train/images/169.jpg,train,C:\Pywork\dental\dental\data\raw\zenodo\panoramic_radiography_yolo_dataset_14_classes\test_alte_cabinete\Ext-validation\images\101.jpg,test_alte_cabinete/Ext-validation/images/101.jpg,roboflow,roboflow,dhash,7,exclude
C:\Pywork\dental\dental\data\raw\zenodo\panoramic_radiography_yolo_dataset_14_classes\train\images\174.jpg,train/images/174.jpg,train,C:\Pywork\dental\dental\data\raw\zenodo\panoramic_radiography_yolo_dataset_14_classes\train\images\1524.jpg,train/images/1524.jpg,train,roboflow,dhash,7,exclude
C:\Pywork\dental\dental\data\raw\zenodo\panoramic_radiography_yolo_dataset_14_classes\train\images\175.jpg,train/images/175.jpg,train,C:\Pywork\dental\dental\data\raw\zenodo\panoramic_radiography_yolo_dataset_14_classes\train\images\1039.jpg,train/images/1039.jpg,train,roboflow,dhash,7,exclude
C:\Pywork\dental\dental\data\raw\zenodo\panoramic_radiography_yolo_dataset_14_classes\train\images\176.jpg,train/images/176.jpg,train,C:\Pywork\dental\dental\data\raw\zenodo\panoramic_radiography_yolo_dataset_14_classes\train\images\1545.jpg,train/images/1545.jpg,train,roboflow,dhash,6,exclude
C:\Pywork\dental\dental\data\raw\zenodo\panoramic_radiography_yolo_dataset_14_classes\train\images\177.jpg,train/images/177.jpg,train,C:\Pywork\dental\dental\data\raw\zenodo\panoramic_radiography_yolo_dataset_14_classes\train\images\1333.jpg,train/images/1333.jpg,train,roboflow,dhash,6,exclude
C:\Pywork\dental\dental\data\raw\zenodo\panoramic_radiography_yolo_dataset_14_classes\train\images\178.jpg,train/images/178.jpg,train,C:\Pywork\dental\dental\data\raw\zenodo\panoramic_radiography_yolo_dataset_14_classes\train\images\1039.jpg,train/images/1039.jpg,train,roboflow,dhash,7,exclude
C:\Pywork\dental\dental\data\raw\zenodo\panoramic_radiography_yolo_dataset_14_classes\train\images\18.jpg,train/images/18.jpg,train,C:\Pywork\dental\dental\data\raw\zenodo\panoramic_radiography_yolo_dataset_14_classes\train\images\1134.jpg,train/images/1134.jpg,train,roboflow,dhash,7,exclude
C:\Pywork\dental\dental\data\raw\zenodo\panoramic_radiography_yolo_dataset_14_classes\train\images\181.jpg,train/images/181.jpg,train,C:\Pywork\dental\dental\data\raw\zenodo\panoramic_radiography_yolo_dataset_14_classes\train\images\1039.jpg,train/images/1039.jpg,train,roboflow,dhash,7,exclude
C:\Pywork\dental\dental\data\raw\zenodo\panoramic_radiography_yolo_dataset_14_classes\train\images\182.jpg,train/images/182.jpg,train,C:\Pywork\dental\dental\data\raw\zenodo\panoramic_radiography_yolo_dataset_14_classes\train\images\1496.jpg,train/images/1496.jpg,train,roboflow,dhash,7,exclude
C:\Pywork\dental\dental\data\raw\zenodo\panoramic_radiography_yolo_dataset_14_classes\train\images\183.jpg,train/images/183.jpg,train,C:\Pywork\dental\dental\data\raw\zenodo\panoramic_radiography_yolo_dataset_14_classes\train\images\1006.jpg,train/images/1006.jpg,train,roboflow,dhash,6,exclude
C:\Pywork\dental\dental\data\raw\zenodo\panoramic_radiography_yolo_dataset_14_classes\train\images\184.jpg,train/images/184.jpg,train,C:\Pywork\dental\dental\data\raw\zenodo\panoramic_radiography_yolo_dataset_14_classes\train\images\181.jpg,train/images/181.jpg,train,roboflow,dhash,7,exclude
C:\Pywork\dental\dental\data\raw\zenodo\panoramic_radiography_yolo_dataset_14_classes\train\images\189.jpg,train/images/189.jpg,train,C:\Pywork\dental\dental\data\raw\zenodo\panoramic_radiography_yolo_dataset_14_classes\train\images\1286.jpg,train/images/1286.jpg,train,roboflow,dhash,7,exclude
C:\Pywork\dental\dental\data\raw\zenodo\panoramic_radiography_yolo_dataset_14_classes\train\images\192.jpg,train/images/192.jpg,train,C:\Pywork\dental\dental\data\raw\zenodo\panoramic_radiography_yolo_dataset_14_classes\train\images\1192.jpg,train/images/1192.jpg,train,roboflow,dhash,6,exclude
C:\Pywork\dental\dental\data\raw\zenodo\panoramic_radiography_yolo_dataset_14_classes\train\images\193.jpg,train/images/193.jpg,train,C:\Pywork\dental\dental\data\raw\zenodo\panoramic_radiography_yolo_dataset_14_classes\train\images\186.jpg,train/images/186.jpg,train,roboflow,dhash,8,exclude
C:\Pywork\dental\dental\data\raw\zenodo\panoramic_radiography_yolo_dataset_14_classes\train\images\198.jpg,train/images/198.jpg,train,C:\Pywork\dental\dental\data\raw\zenodo\panoramic_radiography_yolo_dataset_14_classes\train\images\1049.jpg,train/images/1049.jpg,train,roboflow,dhash,7,exclude
C:\Pywork\dental\dental\data\raw\zenodo\panoramic_radiography_yolo_dataset_14_classes\train\images\201.jpg,train/images/201.jpg,train,C:\Pywork\dental\dental\data\raw\zenodo\panoramic_radiography_yolo_dataset_14_classes\test\images\v68.jpg,test/images/v68.jpg,test,roboflow,dhash,7,exclude
C:\Pywork\dental\dental\data\raw\zenodo\panoramic_radiography_yolo_dataset_14_classes\train\images\203.jpg,train/images/203.jpg,train,C:\Pywork\dental\dental\data\raw\zenodo\panoramic_radiography_yolo_dataset_14_classes\test_alte_cabinete\Ext-validation\images\126.jpg,test_alte_cabinete/Ext-validation/images/126.jpg,roboflow,roboflow,dhash,8,exclude
C:\Pywork\dental\dental\data\raw\zenodo\panoramic_radiography_yolo_dataset_14_classes\train\images\204.jpg,train/images/204.jpg,train,C:\Pywork\dental\dental\data\raw\zenodo\panoramic_radiography_yolo_dataset_14_classes\train\images\1038.jpg,train/images/1038.jpg,train,roboflow,dhash,6,exclude
C:\Pywork\dental\dental\data\raw\zenodo\panoramic_radiography_yolo_dataset_14_classes\train\images\207.jpg,train/images/207.jpg,train,C:\Pywork\dental\dental\data\raw\zenodo\panoramic_radiography_yolo_dataset_14_classes\train\images\1258.jpg,train/images/1258.jpg,train,roboflow,dhash,5,exclude
C:\Pywork\dental\dental\data\raw\zenodo\panoramic_radiography_yolo_dataset_14_classes\train\images\21.jpg,train/images/21.jpg,train,C:\Pywork\dental\dental\data\raw\zenodo\panoramic_radiography_yolo_dataset_14_classes\test\images\v15.jpg,test/images/v15.jpg,test,roboflow,dhash,7,exclude
C:\Pywork\dental\dental\data\raw\zenodo\panoramic_radiography_yolo_dataset_14_classes\train\images\211.jpg,train/images/211.jpg,train,C:\Pywork\dental\dental\data\raw\zenodo\panoramic_radiography_yolo_dataset_14_classes\train\images\1286.jpg,train/images/1286.jpg,train,roboflow,dhash,6,exclude
C:\Pywork\dental\dental\data\raw\zenodo\panoramic_radiography_yolo_dataset_14_classes\train\images\214.jpg,train/images/214.jpg,train,C:\Pywork\dental\dental\data\raw\zenodo\panoramic_radiography_yolo_dataset_14_classes\train\images\1038.jpg,train/images/1038.jpg,train,roboflow,dhash,8,exclude
C:\Pywork\dental\dental\data\raw\zenodo\panoramic_radiography_yolo_dataset_14_classes\train\images\216.jpg,train/images/216.jpg,train,C:\Pywork\dental\dental\data\raw\zenodo\panoramic_radiography_yolo_dataset_14_classes\train\images\1294.jpg,train/images/1294.jpg,train,roboflow,dhash,6,exclude
C:\Pywork\dental\dental\data\raw\zenodo\panoramic_radiography_yolo_dataset_14_classes\train\images\217.jpg,train/images/217.jpg,train,C:\Pywork\dental\dental\data\raw\zenodo\panoramic_radiography_yolo_dataset_14_classes\train\images\1309.jpg,train/images/1309.jpg,train,roboflow,dhash,7,exclude
C:\Pywork\dental\dental\data\raw\zenodo\panoramic_radiography_yolo_dataset_14_classes\train\images\218.jpg,train/images/218.jpg,train,C:\Pywork\dental\dental\data\raw\zenodo\panoramic_radiography_yolo_dataset_14_classes\train\images\1523.jpg,train/images/1523.jpg,train,roboflow,dhash,6,exclude
C:\Pywork\dental\dental\data\raw\zenodo\panoramic_radiography_yolo_dataset_14_classes\train\images\221.jpg,train/images/221.jpg,train,C:\Pywork\dental\dental\data\raw\zenodo\panoramic_radiography_yolo_dataset_14_classes\train\images\1274.jpg,train/images/1274.jpg,train,roboflow,dhash,8,exclude
C:\Pywork\dental\dental\data\raw\zenodo\panoramic_radiography_yolo_dataset_14_classes\train\images\223.jpg,train/images/223.jpg,train,C:\Pywork\dental\dental\data\raw\zenodo\panoramic_radiography_yolo_dataset_14_classes\test\images\v80.jpg,test/images/v80.jpg,test,roboflow,dhash,5,exclude
C:\Pywork\dental\dental\data\raw\zenodo\panoramic_radiography_yolo_dataset_14_classes\train\images\224.jpg,train/images/224.jpg,train,C:\Pywork\dental\dental\data\raw\zenodo\panoramic_radiography_yolo_dataset_14_classes\train\images\1045.jpg,train/images/1045.jpg,train,roboflow,dhash,6,exclude
C:\Pywork\dental\dental\data\raw\zenodo\panoramic_radiography_yolo_dataset_14_classes\train\images\225.jpg,train/images/225.jpg,train,C:\Pywork\dental\dental\data\raw\zenodo\panoramic_radiography_yolo_dataset_14_classes\train\images\1304.jpg,train/images/1304.jpg,train,roboflow,dhash,8,exclude
C:\Pywork\dental\dental\data\raw\zenodo\panoramic_radiography_yolo_dataset_14_classes\train\images\226.jpg,train/images/226.jpg,train,C:\Pywork\dental\dental\data\raw\zenodo\panoramic_radiography_yolo_dataset_14_classes\train\images\178.jpg,train/images/178.jpg,train,roboflow,dhash,8,exclude
C:\Pywork\dental\dental\data\raw\zenodo\panoramic_radiography_yolo_dataset_14_classes\train\images\227.jpg,train/images/227.jpg,train,C:\Pywork\dental\dental\data\raw\zenodo\panoramic_radiography_yolo_dataset_14_classes\train\images\1086.jpg,train/images/1086.jpg,train,roboflow,dhash,8,exclude
C:\Pywork\dental\dental\data\raw\zenodo\panoramic_radiography_yolo_dataset_14_classes\train\images\231.jpg,train/images/231.jpg,train,C:\Pywork\dental\dental\data\raw\zenodo\panoramic_radiography_yolo_dataset_14_classes\test\images\v51.jpg,test/images/v51.jpg,test,roboflow,dhash,8,exclude
C:\Pywork\dental\dental\data\raw\zenodo\panoramic_radiography_yolo_dataset_14_classes\train\images\237.jpg,train/images/237.jpg,train,C:\Pywork\dental\dental\data\raw\zenodo\panoramic_radiography_yolo_dataset_14_classes\train\images\167.jpg,train/images/167.jpg,train,roboflow,dhash,8,exclude
C:\Pywork\dental\dental\data\raw\zenodo\panoramic_radiography_yolo_dataset_14_classes\train\images\245.jpg,train/images/245.jpg,train,C:\Pywork\dental\dental\data\raw\zenodo\panoramic_radiography_yolo_dataset_14_classes\train\images\1063.jpg,train/images/1063.jpg,train,roboflow,dhash,8,exclude
C:\Pywork\dental\dental\data\raw\zenodo\panoramic_radiography_yolo_dataset_14_classes\train\images\25.jpg,train/images/25.jpg,train,C:\Pywork\dental\dental\data\raw\zenodo\panoramic_radiography_yolo_dataset_14_classes\train\images\1171.jpg,train/images/1171.jpg,train,roboflow,dhash,5,exclude
C:\Pywork\dental\dental\data\raw\zenodo\panoramic_radiography_yolo_dataset_14_classes\train\images\252.jpg,train/images/252.jpg,train,C:\Pywork\dental\dental\data\raw\zenodo\panoramic_radiography_yolo_dataset_14_classes\train\images\1213.jpg,train/images/1213.jpg,train,roboflow,dhash,7,exclude
C:\Pywork\dental\dental\data\raw\zenodo\panoramic_radiography_yolo_dataset_14_classes\train\images\256.jpg,train/images/256.jpg,train,C:\Pywork\dental\dental\data\raw\zenodo\panoramic_radiography_yolo_dataset_14_classes\train\images\1234.jpg,train/images/1234.jpg,train,roboflow,dhash,7,exclude
C:\Pywork\dental\dental\data\raw\zenodo\panoramic_radiography_yolo_dataset_14_classes\train\images\26.jpg,train/images/26.jpg,train,C:\Pywork\dental\dental\data\raw\zenodo\panoramic_radiography_yolo_dataset_14_classes\train\images\1446.jpg,train/images/1446.jpg,train,roboflow,dhash,6,exclude
C:\Pywork\dental\dental\data\raw\zenodo\panoramic_radiography_yolo_dataset_14_classes\train\images\261.jpg,train/images/261.jpg,train,C:\Pywork\dental\dental\data\raw\zenodo\panoramic_radiography_yolo_dataset_14_classes\test_alte_cabinete\Ext-validation\images\178.jpg,test_alte_cabinete/Ext-validation/images/178.jpg,roboflow,roboflow,dhash,6,exclude
C:\Pywork\dental\dental\data\raw\zenodo\panoramic_radiography_yolo_dataset_14_classes\train\images\262.jpg,train/images/262.jpg,train,C:\Pywork\dental\dental\data\raw\zenodo\panoramic_radiography_yolo_dataset_14_classes\train\images\1319.jpg,train/images/1319.jpg,train,roboflow,dhash,5,exclude
C:\Pywork\dental\dental\data\raw\zenodo\panoramic_radiography_yolo_dataset_14_classes\train\images\266.jpg,train/images/266.jpg,train,C:\Pywork\dental\dental\data\raw\zenodo\panoramic_radiography_yolo_dataset_14_classes\test_alte_cabinete\Ext-validation\images\126.jpg,test_alte_cabinete/Ext-validation/images/126.jpg,roboflow,roboflow,dhash,6,exclude
C:\Pywork\dental\dental\data\raw\zenodo\panoramic_radiography_yolo_dataset_14_classes\train\images\267.jpg,train/images/267.jpg,train,C:\Pywork\dental\dental\data\raw\zenodo\panoramic_radiography_yolo_dataset_14_classes\train\images\1019.jpg,train/images/1019.jpg,train,roboflow,dhash,7,exclude
C:\Pywork\dental\dental\data\raw\zenodo\panoramic_radiography_yolo_dataset_14_classes\train\images\268.jpg,train/images/268.jpg,train,C:\Pywork\dental\dental\data\raw\zenodo\panoramic_radiography_yolo_dataset_14_classes\train\images\223.jpg,train/images/223.jpg,train,roboflow,dhash,5,exclude
C:\Pywork\dental\dental\data\raw\zenodo\panoramic_radiography_yolo_dataset_14_classes\train\images\27.jpg,train/images/27.jpg,train,C:\Pywork\dental\dental\data\raw\zenodo\panoramic_radiography_yolo_dataset_14_classes\train\images\1105.jpg,train/images/1105.jpg,train,roboflow,dhash,7,exclude
C:\Pywork\dental\dental\data\raw\zenodo\panoramic_radiography_yolo_dataset_14_classes\train\images\272.jpg,train/images/272.jpg,train,C:\Pywork\dental\dental\data\raw\zenodo\panoramic_radiography_yolo_dataset_14_classes\train\images\1473.jpg,train/images/1473.jpg,train,roboflow,dhash,7,exclude
C:\Pywork\dental\dental\data\raw\zenodo\panoramic_radiography_yolo_dataset_14_classes\train\images\274.jpg,train/images/274.jpg,train,C:\Pywork\dental\dental\data\raw\zenodo\panoramic_radiography_yolo_dataset_14_classes\train\images\1528.jpg,train/images/1528.jpg,train,roboflow,dhash,7,exclude
C:\Pywork\dental\dental\data\raw\zenodo\panoramic_radiography_yolo_dataset_14_classes\train\images\275.jpg,train/images/275.jpg,train,C:\Pywork\dental\dental\data\raw\zenodo\panoramic_radiography_yolo_dataset_14_classes\train\images\168.jpg,train/images/168.jpg,train,roboflow,dhash,8,exclude
C:\Pywork\dental\dental\data\raw\zenodo\panoramic_radiography_yolo_dataset_14_classes\train\images\28.jpg,train/images/28.jpg,train,C:\Pywork\dental\dental\data\raw\zenodo\panoramic_radiography_yolo_dataset_14_classes\test\images\v60.png,test/images/v60.png,test,roboflow,dhash,6,exclude
C:\Pywork\dental\dental\data\raw\zenodo\panoramic_radiography_yolo_dataset_14_classes\train\images\283.jpg,train/images/283.jpg,train,C:\Pywork\dental\dental\data\raw\zenodo\panoramic_radiography_yolo_dataset_14_classes\train\images\1535.jpg,train/images/1535.jpg,train,roboflow,dhash,8,exclude
C:\Pywork\dental\dental\data\raw\zenodo\panoramic_radiography_yolo_dataset_14_classes\train\images\284.jpg,train/images/284.jpg,train,C:\Pywork\dental\dental\data\raw\zenodo\panoramic_radiography_yolo_dataset_14_classes\train\images\1203.jpg,train/images/1203.jpg,train,roboflow,dhash,8,exclude
C:\Pywork\dental\dental\data\raw\zenodo\panoramic_radiography_yolo_dataset_14_classes\train\images\286.jpg,train/images/286.jpg,train,C:\Pywork\dental\dental\data\raw\zenodo\panoramic_radiography_yolo_dataset_14_classes\train\images\1448.jpg,train/images/1448.jpg,train,roboflow,dhash,6,exclude
C:\Pywork\dental\dental\data\raw\zenodo\panoramic_radiography_yolo_dataset_14_classes\train\images\288.jpg,train/images/288.jpg,train,C:\Pywork\dental\dental\data\raw\zenodo\panoramic_radiography_yolo_dataset_14_classes\train\images\1035.jpg,train/images/1035.jpg,train,roboflow,dhash,7,exclude
C:\Pywork\dental\dental\data\raw\zenodo\panoramic_radiography_yolo_dataset_14_classes\train\images\29.jpg,train/images/29.jpg,train,C:\Pywork\dental\dental\data\raw\zenodo\panoramic_radiography_yolo_dataset_14_classes\train\images\159.jpg,train/images/159.jpg,train,roboflow,dhash,5,exclude
C:\Pywork\dental\dental\data\raw\zenodo\panoramic_radiography_yolo_dataset_14_classes\train\images\294.jpg,train/images/294.jpg,train,C:\Pywork\dental\dental\data\raw\zenodo\panoramic_radiography_yolo_dataset_14_classes\test_alte_cabinete\Ext-validation\images\29.jpg,test_alte_cabinete/Ext-validation/images/29.jpg,roboflow,roboflow,dhash,7,exclude
C:\Pywork\dental\dental\data\raw\zenodo\panoramic_radiography_yolo_dataset_14_classes\train\images\295.jpg,train/images/295.jpg,train,C:\Pywork\dental\dental\data\raw\zenodo\panoramic_radiography_yolo_dataset_14_classes\test\images\v80.jpg,test/images/v80.jpg,test,roboflow,dhash,7,exclude
C:\Pywork\dental\dental\data\raw\zenodo\panoramic_radiography_yolo_dataset_14_classes\train\images\298.jpg,train/images/298.jpg,train,C:\Pywork\dental\dental\data\raw\zenodo\panoramic_radiography_yolo_dataset_14_classes\train\images\241.jpg,train/images/241.jpg,train,roboflow,dhash,8,exclude
C:\Pywork\dental\dental\data\raw\zenodo\panoramic_radiography_yolo_dataset_14_classes\train\images\299.jpg,train/images/299.jpg,train,C:\Pywork\dental\dental\data\raw\zenodo\panoramic_radiography_yolo_dataset_14_classes\train\images\274.jpg,train/images/274.jpg,train,roboflow,dhash,7,exclude
C:\Pywork\dental\dental\data\raw\zenodo\panoramic_radiography_yolo_dataset_14_classes\train\images\3.jpg,train/images/3.jpg,train,C:\Pywork\dental\dental\data\raw\zenodo\panoramic_radiography_yolo_dataset_14_classes\train\images\1378.jpg,train/images/1378.jpg,train,roboflow,dhash,8,exclude
C:\Pywork\dental\dental\data\raw\zenodo\panoramic_radiography_yolo_dataset_14_classes\train\images\306.jpg,train/images/306.jpg,train,C:\Pywork\dental\dental\data\raw\zenodo\panoramic_radiography_yolo_dataset_14_classes\train\images\258.jpg,train/images/258.jpg,train,roboflow,dhash,7,exclude
C:\Pywork\dental\dental\data\raw\zenodo\panoramic_radiography_yolo_dataset_14_classes\train\images\307.jpg,train/images/307.jpg,train,C:\Pywork\dental\dental\data\raw\zenodo\panoramic_radiography_yolo_dataset_14_classes\test_alte_cabinete\Ext-validation\images\106.jpg,test_alte_cabinete/Ext-validation/images/106.jpg,roboflow,roboflow,dhash,8,exclude
C:\Pywork\dental\dental\data\raw\zenodo\panoramic_radiography_yolo_dataset_14_classes\train\images\309.jpg,train/images/309.jpg,train,C:\Pywork\dental\dental\data\raw\zenodo\panoramic_radiography_yolo_dataset_14_classes\train\images\105.jpg,train/images/105.jpg,train,roboflow,dhash,7,exclude
C:\Pywork\dental\dental\data\raw\zenodo\panoramic_radiography_yolo_dataset_14_classes\train\images\31.jpg,train/images/31.jpg,train,C:\Pywork\dental\dental\data\raw\zenodo\panoramic_radiography_yolo_dataset_14_classes\train\images\1019.jpg,train/images/1019.jpg,train,roboflow,dhash,7,exclude
C:\Pywork\dental\dental\data\raw\zenodo\panoramic_radiography_yolo_dataset_14_classes\train\images\312.jpg,train/images/312.jpg,train,C:\Pywork\dental\dental\data\raw\zenodo\panoramic_radiography_yolo_dataset_14_classes\train\images\1037.jpg,train/images/1037.jpg,train,roboflow,dhash,8,exclude
C:\Pywork\dental\dental\data\raw\zenodo\panoramic_radiography_yolo_dataset_14_classes\train\images\313.jpg,train/images/313.jpg,train,C:\Pywork\dental\dental\data\raw\zenodo\panoramic_radiography_yolo_dataset_14_classes\train\images\225.jpg,train/images/225.jpg,train,roboflow,dhash,5,exclude
C:\Pywork\dental\dental\data\raw\zenodo\panoramic_radiography_yolo_dataset_14_classes\train\images\317.jpg,train/images/317.jpg,train,C:\Pywork\dental\dental\data\raw\zenodo\panoramic_radiography_yolo_dataset_14_classes\train\images\1062.jpg,train/images/1062.jpg,train,roboflow,dhash,8,exclude
C:\Pywork\dental\dental\data\raw\zenodo\panoramic_radiography_yolo_dataset_14_classes\train\images\318.jpg,train/images/318.jpg,train,C:\Pywork\dental\dental\data\raw\zenodo\panoramic_radiography_yolo_dataset_14_classes\train\images\274.jpg,train/images/274.jpg,train,roboflow,dhash,7,exclude
C:\Pywork\dental\dental\data\raw\zenodo\panoramic_radiography_yolo_dataset_14_classes\train\images\322.jpg,train/images/322.jpg,train,C:\Pywork\dental\dental\data\raw\zenodo\panoramic_radiography_yolo_dataset_14_classes\train\images\1056.jpg,train/images/1056.jpg,train,roboflow,dhash,7,exclude
C:\Pywork\dental\dental\data\raw\zenodo\panoramic_radiography_yolo_dataset_14_classes\train\images\323.jpg,train/images/323.jpg,train,C:\Pywork\dental\dental\data\raw\zenodo\panoramic_radiography_yolo_dataset_14_classes\train\images\1473.jpg,train/images/1473.jpg,train,roboflow,dhash,5,exclude
C:\Pywork\dental\dental\data\raw\zenodo\panoramic_radiography_yolo_dataset_14_classes\train\images\328.jpg,train/images/328.jpg,train,C:\Pywork\dental\dental\data\raw\zenodo\panoramic_radiography_yolo_dataset_14_classes\test\images\v80.jpg,test/images/v80.jpg,test,roboflow,dhash,7,exclude
C:\Pywork\dental\dental\data\raw\zenodo\panoramic_radiography_yolo_dataset_14_classes\train\images\329.jpg,train/images/329.jpg,train,C:\Pywork\dental\dental\data\raw\zenodo\panoramic_radiography_yolo_dataset_14_classes\train\images\262.jpg,train/images/262.jpg,train,roboflow,dhash,6,exclude
C:\Pywork\dental\dental\data\raw\zenodo\panoramic_radiography_yolo_dataset_14_classes\train\images\33.jpg,train/images/33.jpg,train,C:\Pywork\dental\dental\data\raw\zenodo\panoramic_radiography_yolo_dataset_14_classes\train\images\1234.jpg,train/images/1234.jpg,train,roboflow,dhash,7,exclude
C:\Pywork\dental\dental\data\raw\zenodo\panoramic_radiography_yolo_dataset_14_classes\train\images\331.jpg,train/images/331.jpg,train,C:\Pywork\dental\dental\data\raw\zenodo\panoramic_radiography_yolo_dataset_14_classes\test\images\v86.jpg,test/images/v86.jpg,test,roboflow,dhash,7,exclude
C:\Pywork\dental\dental\data\raw\zenodo\panoramic_radiography_yolo_dataset_14_classes\train\images\334.jpg,train/images/334.jpg,train,C:\Pywork\dental\dental\data\raw\zenodo\panoramic_radiography_yolo_dataset_14_classes\train\images\1017.jpg,train/images/1017.jpg,train,roboflow,dhash,7,exclude
C:\Pywork\dental\dental\data\raw\zenodo\panoramic_radiography_yolo_dataset_14_classes\train\images\341.jpg,train/images/341.jpg,train,C:\Pywork\dental\dental\data\raw\zenodo\panoramic_radiography_yolo_dataset_14_classes\train\images\1323.jpg,train/images/1323.jpg,train,roboflow,dhash,8,exclude
C:\Pywork\dental\dental\data\raw\zenodo\panoramic_radiography_yolo_dataset_14_classes\train\images\346.jpg,train/images/346.jpg,train,C:\Pywork\dental\dental\data\raw\zenodo\panoramic_radiography_yolo_dataset_14_classes\test\images\v75.jpg,test/images/v75.jpg,test,roboflow,dhash,7,exclude
C:\Pywork\dental\dental\data\raw\zenodo\panoramic_radiography_yolo_dataset_14_classes\train\images\347.jpg,train/images/347.jpg,train,C:\Pywork\dental\dental\data\raw\zenodo\panoramic_radiography_yolo_dataset_14_classes\train\images\262.jpg,train/images/262.jpg,train,roboflow,dhash,5,exclude
C:\Pywork\dental\dental\data\raw\zenodo\panoramic_radiography_yolo_dataset_14_classes\train\images\348.jpg,train/images/348.jpg,train,C:\Pywork\dental\dental\data\raw\zenodo\panoramic_radiography_yolo_dataset_14_classes\train\images\1478.jpg,train/images/1478.jpg,train,roboflow,dhash,8,exclude
C:\Pywork\dental\dental\data\raw\zenodo\panoramic_radiography_yolo_dataset_14_classes\train\images\349.jpg,train/images/349.jpg,train,C:\Pywork\dental\dental\data\raw\zenodo\panoramic_radiography_yolo_dataset_14_classes\train\images\157.jpg,train/images/157.jpg,train,roboflow,dhash,6,exclude
C:\Pywork\dental\dental\data\raw\zenodo\panoramic_radiography_yolo_dataset_14_classes\train\images\352.jpg,train/images/352.jpg,train,C:\Pywork\dental\dental\data\raw\zenodo\panoramic_radiography_yolo_dataset_14_classes\train\images\1268.jpg,train/images/1268.jpg,train,roboflow,dhash,7,exclude
C:\Pywork\dental\dental\data\raw\zenodo\panoramic_radiography_yolo_dataset_14_classes\train\images\359.jpg,train/images/359.jpg,train,C:\Pywork\dental\dental\data\raw\zenodo\panoramic_radiography_yolo_dataset_14_classes\train\images\1002.jpg,train/images/1002.jpg,train,roboflow,dhash,8,exclude
C:\Pywork\dental\dental\data\raw\zenodo\panoramic_radiography_yolo_dataset_14_classes\train\images\36.jpg,train/images/36.jpg,train,C:\Pywork\dental\dental\data\raw\zenodo\panoramic_radiography_yolo_dataset_14_classes\train\images\1279.jpg,train/images/1279.jpg,train,roboflow,dhash,8,exclude
C:\Pywork\dental\dental\data\raw\zenodo\panoramic_radiography_yolo_dataset_14_classes\train\images\361.jpg,train/images/361.jpg,train,C:\Pywork\dental\dental\data\raw\zenodo\panoramic_radiography_yolo_dataset_14_classes\train\images\241.jpg,train/images/241.jpg,train,roboflow,dhash,6,exclude
C:\Pywork\dental\dental\data\raw\zenodo\panoramic_radiography_yolo_dataset_14_classes\train\images\364.jpg,train/images/364.jpg,train,C:\Pywork\dental\dental\data\raw\zenodo\panoramic_radiography_yolo_dataset_14_classes\train\images\1325.jpg,train/images/1325.jpg,train,roboflow,dhash,8,exclude
C:\Pywork\dental\dental\data\raw\zenodo\panoramic_radiography_yolo_dataset_14_classes\train\images\365.jpg,train/images/365.jpg,train,C:\Pywork\dental\dental\data\raw\zenodo\panoramic_radiography_yolo_dataset_14_classes\train\images\1039.jpg,train/images/1039.jpg,train,roboflow,dhash,6,exclude
C:\Pywork\dental\dental\data\raw\zenodo\panoramic_radiography_yolo_dataset_14_classes\train\images\367.jpg,train/images/367.jpg,train,C:\Pywork\dental\dental\data\raw\zenodo\panoramic_radiography_yolo_dataset_14_classes\train\images\186.jpg,train/images/186.jpg,train,roboflow,dhash,6,exclude
C:\Pywork\dental\dental\data\raw\zenodo\panoramic_radiography_yolo_dataset_14_classes\train\images\368.jpg,train/images/368.jpg,train,C:\Pywork\dental\dental\data\raw\zenodo\panoramic_radiography_yolo_dataset_14_classes\test\images\v98.jpg,test/images/v98.jpg,test,roboflow,dhash,8,exclude
C:\Pywork\dental\dental\data\raw\zenodo\panoramic_radiography_yolo_dataset_14_classes\train\images\369.jpg,train/images/369.jpg,train,C:\Pywork\dental\dental\data\raw\zenodo\panoramic_radiography_yolo_dataset_14_classes\train\images\1455.jpg,train/images/1455.jpg,train,roboflow,dhash,7,exclude
C:\Pywork\dental\dental\data\raw\zenodo\panoramic_radiography_yolo_dataset_14_classes\train\images\371.jpg,train/images/371.jpg,train,C:\Pywork\dental\dental\data\raw\zenodo\panoramic_radiography_yolo_dataset_14_classes\train\images\1062.jpg,train/images/1062.jpg,train,roboflow,dhash,6,exclude
C:\Pywork\dental\dental\data\raw\zenodo\panoramic_radiography_yolo_dataset_14_classes\train\images\372.jpg,train/images/372.jpg,train,C:\Pywork\dental\dental\data\raw\zenodo\panoramic_radiography_yolo_dataset_14_classes\train\images\197.jpg,train/images/197.jpg,train,roboflow,dhash,7,exclude
C:\Pywork\dental\dental\data\raw\zenodo\panoramic_radiography_yolo_dataset_14_classes\train\images\376.jpg,train/images/376.jpg,train,C:\Pywork\dental\dental\data\raw\zenodo\panoramic_radiography_yolo_dataset_14_classes\train\images\201.jpg,train/images/201.jpg,train,roboflow,dhash,8,exclude
C:\Pywork\dental\dental\data\raw\zenodo\panoramic_radiography_yolo_dataset_14_classes\train\images\378.jpg,train/images/378.jpg,train,C:\Pywork\dental\dental\data\raw\zenodo\panoramic_radiography_yolo_dataset_14_classes\train\images\1247.jpg,train/images/1247.jpg,train,roboflow,dhash,6,exclude
C:\Pywork\dental\dental\data\raw\zenodo\panoramic_radiography_yolo_dataset_14_classes\train\images\383.jpg,train/images/383.jpg,train,C:\Pywork\dental\dental\data\raw\zenodo\panoramic_radiography_yolo_dataset_14_classes\train\images\1476.jpg,train/images/1476.jpg,train,roboflow,dhash,7,exclude
C:\Pywork\dental\dental\data\raw\zenodo\panoramic_radiography_yolo_dataset_14_classes\train\images\384.jpg,train/images/384.jpg,train,C:\Pywork\dental\dental\data\raw\zenodo\panoramic_radiography_yolo_dataset_14_classes\train\images\1503.jpg,train/images/1503.jpg,train,roboflow,dhash,8,exclude
C:\Pywork\dental\dental\data\raw\zenodo\panoramic_radiography_yolo_dataset_14_classes\train\images\385.jpg,train/images/385.jpg,train,C:\Pywork\dental\dental\data\raw\zenodo\panoramic_radiography_yolo_dataset_14_classes\train\images\1304.jpg,train/images/1304.jpg,train,roboflow,dhash,8,exclude
C:\Pywork\dental\dental\data\raw\zenodo\panoramic_radiography_yolo_dataset_14_classes\train\images\387.jpg,train/images/387.jpg,train,C:\Pywork\dental\dental\data\raw\zenodo\panoramic_radiography_yolo_dataset_14_classes\test\images\v67.jpg,test/images/v67.jpg,test,roboflow,dhash,6,exclude
C:\Pywork\dental\dental\data\raw\zenodo\panoramic_radiography_yolo_dataset_14_classes\train\images\392.jpg,train/images/392.jpg,train,C:\Pywork\dental\dental\data\raw\zenodo\panoramic_radiography_yolo_dataset_14_classes\train\images\192.jpg,train/images/192.jpg,train,roboflow,dhash,5,exclude
C:\Pywork\dental\dental\data\raw\zenodo\panoramic_radiography_yolo_dataset_14_classes\train\images\394.jpg,train/images/394.jpg,train,C:\Pywork\dental\dental\data\raw\zenodo\panoramic_radiography_yolo_dataset_14_classes\train\images\1024.jpg,train/images/1024.jpg,train,roboflow,dhash,5,exclude
C:\Pywork\dental\dental\data\raw\zenodo\panoramic_radiography_yolo_dataset_14_classes\train\images\398.jpg,train/images/398.jpg,train,C:\Pywork\dental\dental\data\raw\zenodo\panoramic_radiography_yolo_dataset_14_classes\train\images\328.jpg,train/images/328.jpg,train,roboflow,dhash,8,exclude
C:\Pywork\dental\dental\data\raw\zenodo\panoramic_radiography_yolo_dataset_14_classes\train\images\4.jpg,train/images/4.jpg,train,C:\Pywork\dental\dental\data\raw\zenodo\panoramic_radiography_yolo_dataset_14_classes\train\images\1108.jpg,train/images/1108.jpg,train,roboflow,dhash,6,exclude
C:\Pywork\dental\dental\data\raw\zenodo\panoramic_radiography_yolo_dataset_14_classes\train\images\401.jpg,train/images/401.jpg,train,C:\Pywork\dental\dental\data\raw\zenodo\panoramic_radiography_yolo_dataset_14_classes\train\images\241.jpg,train/images/241.jpg,train,roboflow,dhash,7,exclude
C:\Pywork\dental\dental\data\raw\zenodo\panoramic_radiography_yolo_dataset_14_classes\train\images\406.jpg,train/images/406.jpg,train,C:\Pywork\dental\dental\data\raw\zenodo\panoramic_radiography_yolo_dataset_14_classes\train\images\1233.jpg,train/images/1233.jpg,train,roboflow,dhash,8,exclude
C:\Pywork\dental\dental\data\raw\zenodo\panoramic_radiography_yolo_dataset_14_classes\train\images\418.jpg,train/images/418.jpg,train,C:\Pywork\dental\dental\data\raw\zenodo\panoramic_radiography_yolo_dataset_14_classes\test\images\v85.jpg,test/images/v85.jpg,test,roboflow,dhash,8,exclude
C:\Pywork\dental\dental\data\raw\zenodo\panoramic_radiography_yolo_dataset_14_classes\train\images\42.jpg,train/images/42.jpg,train,C:\Pywork\dental\dental\data\raw\zenodo\panoramic_radiography_yolo_dataset_14_classes\train\images\323.jpg,train/images/323.jpg,train,roboflow,dhash,8,exclude
C:\Pywork\dental\dental\data\raw\zenodo\panoramic_radiography_yolo_dataset_14_classes\train\images\421.jpg,train/images/421.jpg,train,C:\Pywork\dental\dental\data\raw\zenodo\panoramic_radiography_yolo_dataset_14_classes\train\images\1542.jpg,train/images/1542.jpg,train,roboflow,dhash,7,exclude
C:\Pywork\dental\dental\data\raw\zenodo\panoramic_radiography_yolo_dataset_14_classes\train\images\423.jpg,train/images/423.jpg,train,C:\Pywork\dental\dental\data\raw\zenodo\panoramic_radiography_yolo_dataset_14_classes\train\images\1045.jpg,train/images/1045.jpg,train,roboflow,dhash,7,exclude
C:\Pywork\dental\dental\data\raw\zenodo\panoramic_radiography_yolo_dataset_14_classes\train\images\425.jpg,train/images/425.jpg,train,C:\Pywork\dental\dental\data\raw\zenodo\panoramic_radiography_yolo_dataset_14_classes\train\images\379.jpg,train/images/379.jpg,train,roboflow,dhash,5,exclude
C:\Pywork\dental\dental\data\raw\zenodo\panoramic_radiography_yolo_dataset_14_classes\train\images\427.jpg,train/images/427.jpg,train,C:\Pywork\dental\dental\data\raw\zenodo\panoramic_radiography_yolo_dataset_14_classes\train\images\365.jpg,train/images/365.jpg,train,roboflow,dhash,8,exclude
C:\Pywork\dental\dental\data\raw\zenodo\panoramic_radiography_yolo_dataset_14_classes\train\images\43.jpg,train/images/43.jpg,train,C:\Pywork\dental\dental\data\raw\zenodo\panoramic_radiography_yolo_dataset_14_classes\train\images\331.jpg,train/images/331.jpg,train,roboflow,dhash,5,exclude
C:\Pywork\dental\dental\data\raw\zenodo\panoramic_radiography_yolo_dataset_14_classes\train\images\437.jpg,train/images/437.jpg,train,C:\Pywork\dental\dental\data\raw\zenodo\panoramic_radiography_yolo_dataset_14_classes\test_alte_cabinete\Ext-validation\images\105.jpg,test_alte_cabinete/Ext-validation/images/105.jpg,roboflow,roboflow,dhash,8,exclude
C:\Pywork\dental\dental\data\raw\zenodo\panoramic_radiography_yolo_dataset_14_classes\train\images\438.jpg,train/images/438.jpg,train,C:\Pywork\dental\dental\data\raw\zenodo\panoramic_radiography_yolo_dataset_14_classes\train\images\1232.jpg,train/images/1232.jpg,train,roboflow,dhash,8,exclude
C:\Pywork\dental\dental\data\raw\zenodo\panoramic_radiography_yolo_dataset_14_classes\train\images\439.jpg,train/images/439.jpg,train,C:\Pywork\dental\dental\data\raw\zenodo\panoramic_radiography_yolo_dataset_14_classes\train\images\306.jpg,train/images/306.jpg,train,roboflow,dhash,8,exclude
C:\Pywork\dental\dental\data\raw\zenodo\panoramic_radiography_yolo_dataset_14_classes\train\images\441.jpg,train/images/441.jpg,train,C:\Pywork\dental\dental\data\raw\zenodo\panoramic_radiography_yolo_dataset_14_classes\test\images\v80.jpg,test/images/v80.jpg,test,roboflow,dhash,8,exclude
C:\Pywork\dental\dental\data\raw\zenodo\panoramic_radiography_yolo_dataset_14_classes\train\images\446.jpg,train/images/446.jpg,train,C:\Pywork\dental\dental\data\raw\zenodo\panoramic_radiography_yolo_dataset_14_classes\train\images\218.jpg,train/images/218.jpg,train,roboflow,dhash,6,exclude
C:\Pywork\dental\dental\data\raw\zenodo\panoramic_radiography_yolo_dataset_14_classes\train\images\447.jpg,train/images/447.jpg,train,C:\Pywork\dental\dental\data\raw\zenodo\panoramic_radiography_yolo_dataset_14_classes\train\images\268.jpg,train/images/268.jpg,train,roboflow,dhash,8,exclude
C:\Pywork\dental\dental\data\raw\zenodo\panoramic_radiography_yolo_dataset_14_classes\train\images\449.jpg,train/images/449.jpg,train,C:\Pywork\dental\dental\data\raw\zenodo\panoramic_radiography_yolo_dataset_14_classes\train\images\392.jpg,train/images/392.jpg,train,roboflow,dhash,6,exclude
C:\Pywork\dental\dental\data\raw\zenodo\panoramic_radiography_yolo_dataset_14_classes\train\images\464.jpg,train/images/464.jpg,train,C:\Pywork\dental\dental\data\raw\zenodo\panoramic_radiography_yolo_dataset_14_classes\train\images\322.jpg,train/images/322.jpg,train,roboflow,dhash,6,exclude
C:\Pywork\dental\dental\data\raw\zenodo\panoramic_radiography_yolo_dataset_14_classes\train\images\465.jpg,train/images/465.jpg,train,C:\Pywork\dental\dental\data\raw\zenodo\panoramic_radiography_yolo_dataset_14_classes\train\images\1268.jpg,train/images/1268.jpg,train,roboflow,dhash,5,exclude
C:\Pywork\dental\dental\data\raw\zenodo\panoramic_radiography_yolo_dataset_14_classes\train\images\469.jpg,train/images/469.jpg,train,C:\Pywork\dental\dental\data\raw\zenodo\panoramic_radiography_yolo_dataset_14_classes\train\images\31.jpg,train/images/31.jpg,train,roboflow,dhash,5,exclude
C:\Pywork\dental\dental\data\raw\zenodo\panoramic_radiography_yolo_dataset_14_classes\train\images\476.jpg,train/images/476.jpg,train,C:\Pywork\dental\dental\data\raw\zenodo\panoramic_radiography_yolo_dataset_14_classes\train\images\1025.jpg,train/images/1025.jpg,train,roboflow,dhash,6,exclude
C:\Pywork\dental\dental\data\raw\zenodo\panoramic_radiography_yolo_dataset_14_classes\train\images\477.jpg,train/images/477.jpg,train,C:\Pywork\dental\dental\data\raw\zenodo\panoramic_radiography_yolo_dataset_14_classes\train\images\1304.jpg,train/images/1304.jpg,train,roboflow,dhash,8,exclude
C:\Pywork\dental\dental\data\raw\zenodo\panoramic_radiography_yolo_dataset_14_classes\train\images\478.jpg,train/images/478.jpg,train,C:\Pywork\dental\dental\data\raw\zenodo\panoramic_radiography_yolo_dataset_14_classes\test\images\v79.jpg,test/images/v79.jpg,test,roboflow,dhash,7,exclude
C:\Pywork\dental\dental\data\raw\zenodo\panoramic_radiography_yolo_dataset_14_classes\train\images\481.jpg,train/images/481.jpg,train,C:\Pywork\dental\dental\data\raw\zenodo\panoramic_radiography_yolo_dataset_14_classes\train\images\189.jpg,train/images/189.jpg,train,roboflow,dhash,8,exclude
C:\Pywork\dental\dental\data\raw\zenodo\panoramic_radiography_yolo_dataset_14_classes\train\images\485.jpg,train/images/485.jpg,train,C:\Pywork\dental\dental\data\raw\zenodo\panoramic_radiography_yolo_dataset_14_classes\train\images\434.jpg,train/images/434.jpg,train,roboflow,dhash,7,exclude
C:\Pywork\dental\dental\data\raw\zenodo\panoramic_radiography_yolo_dataset_14_classes\train\images\486.jpg,train/images/486.jpg,train,C:\Pywork\dental\dental\data\raw\zenodo\panoramic_radiography_yolo_dataset_14_classes\train\images\209.jpg,train/images/209.jpg,train,roboflow,dhash,5,exclude
C:\Pywork\dental\dental\data\raw\zenodo\panoramic_radiography_yolo_dataset_14_classes\train\images\492.jpg,train/images/492.jpg,train,C:\Pywork\dental\dental\data\raw\zenodo\panoramic_radiography_yolo_dataset_14_classes\test\images\v90.jpg,test/images/v90.jpg,test,roboflow,dhash,8,exclude
C:\Pywork\dental\dental\data\raw\zenodo\panoramic_radiography_yolo_dataset_14_classes\train\images\493.jpg,train/images/493.jpg,train,C:\Pywork\dental\dental\data\raw\zenodo\panoramic_radiography_yolo_dataset_14_classes\train\images\1037.jpg,train/images/1037.jpg,train,roboflow,dhash,8,exclude
C:\Pywork\dental\dental\data\raw\zenodo\panoramic_radiography_yolo_dataset_14_classes\train\images\496.jpg,train/images/496.jpg,train,C:\Pywork\dental\dental\data\raw\zenodo\panoramic_radiography_yolo_dataset_14_classes\train\images\1025.jpg,train/images/1025.jpg,train,roboflow,dhash,8,exclude
C:\Pywork\dental\dental\data\raw\zenodo\panoramic_radiography_yolo_dataset_14_classes\train\images\497.jpg,train/images/497.jpg,train,C:\Pywork\dental\dental\data\raw\zenodo\panoramic_radiography_yolo_dataset_14_classes\train\images\445.jpg,train/images/445.jpg,train,roboflow,dhash,8,exclude
C:\Pywork\dental\dental\data\raw\zenodo\panoramic_radiography_yolo_dataset_14_classes\train\images\498.jpg,train/images/498.jpg,train,C:\Pywork\dental\dental\data\raw\zenodo\panoramic_radiography_yolo_dataset_14_classes\train\images\1031.jpg,train/images/1031.jpg,train,roboflow,dhash,8,exclude
C:\Pywork\dental\dental\data\raw\zenodo\panoramic_radiography_yolo_dataset_14_classes\train\images\502.jpg,train/images/502.jpg,train,C:\Pywork\dental\dental\data\raw\zenodo\panoramic_radiography_yolo_dataset_14_classes\train\images\421.jpg,train/images/421.jpg,train,roboflow,dhash,7,exclude
C:\Pywork\dental\dental\data\raw\zenodo\panoramic_radiography_yolo_dataset_14_classes\train\images\503.jpg,train/images/503.jpg,train,C:\Pywork\dental\dental\data\raw\zenodo\panoramic_radiography_yolo_dataset_14_classes\train\images\358.jpg,train/images/358.jpg,train,roboflow,dhash,5,exclude
C:\Pywork\dental\dental\data\raw\zenodo\panoramic_radiography_yolo_dataset_14_classes\train\images\507.jpg,train/images/507.jpg,train,C:\Pywork\dental\dental\data\raw\zenodo\panoramic_radiography_yolo_dataset_14_classes\train\images\368.jpg,train/images/368.jpg,train,roboflow,dhash,7,exclude
C:\Pywork\dental\dental\data\raw\zenodo\panoramic_radiography_yolo_dataset_14_classes\train\images\51.jpg,train/images/51.jpg,train,C:\Pywork\dental\dental\data\raw\zenodo\panoramic_radiography_yolo_dataset_14_classes\train\images\334.jpg,train/images/334.jpg,train,roboflow,dhash,6,exclude
C:\Pywork\dental\dental\data\raw\zenodo\panoramic_radiography_yolo_dataset_14_classes\train\images\512.jpg,train/images/512.jpg,train,C:\Pywork\dental\dental\data\raw\zenodo\panoramic_radiography_yolo_dataset_14_classes\train\images\334.jpg,train/images/334.jpg,train,roboflow,dhash,7,exclude
C:\Pywork\dental\dental\data\raw\zenodo\panoramic_radiography_yolo_dataset_14_classes\train\images\514.jpg,train/images/514.jpg,train,C:\Pywork\dental\dental\data\raw\zenodo\panoramic_radiography_yolo_dataset_14_classes\train\images\1006.jpg,train/images/1006.jpg,train,roboflow,dhash,5,exclude
C:\Pywork\dental\dental\data\raw\zenodo\panoramic_radiography_yolo_dataset_14_classes\train\images\517.jpg,train/images/517.jpg,train,C:\Pywork\dental\dental\data\raw\zenodo\panoramic_radiography_yolo_dataset_14_classes\test\images\v94.jpg,test/images/v94.jpg,test,roboflow,dhash,7,exclude
C:\Pywork\dental\dental\data\raw\zenodo\panoramic_radiography_yolo_dataset_14_classes\train\images\521.jpg,train/images/521.jpg,train,C:\Pywork\dental\dental\data\raw\zenodo\panoramic_radiography_yolo_dataset_14_classes\train\images\1538.jpg,train/images/1538.jpg,train,roboflow,dhash,6,exclude
C:\Pywork\dental\dental\data\raw\zenodo\panoramic_radiography_yolo_dataset_14_classes\train\images\527.jpg,train/images/527.jpg,train,C:\Pywork\dental\dental\data\raw\zenodo\panoramic_radiography_yolo_dataset_14_classes\train\images\1286.jpg,train/images/1286.jpg,train,roboflow,dhash,6,exclude
C:\Pywork\dental\dental\data\raw\zenodo\panoramic_radiography_yolo_dataset_14_classes\train\images\53.jpg,train/images/53.jpg,train,C:\Pywork\dental\dental\data\raw\zenodo\panoramic_radiography_yolo_dataset_14_classes\train\images\406.jpg,train/images/406.jpg,train,roboflow,dhash,6,exclude
C:\Pywork\dental\dental\data\raw\zenodo\panoramic_radiography_yolo_dataset_14_classes\train\images\531.jpg,train/images/531.jpg,train,C:\Pywork\dental\dental\data\raw\zenodo\panoramic_radiography_yolo_dataset_14_classes\train\images\434.jpg,train/images/434.jpg,train,roboflow,dhash,6,exclude
C:\Pywork\dental\dental\data\raw\zenodo\panoramic_radiography_yolo_dataset_14_classes\train\images\535.jpg,train/images/535.jpg,train,C:\Pywork\dental\dental\data\raw\zenodo\panoramic_radiography_yolo_dataset_14_classes\test\images\v85.jpg,test/images/v85.jpg,test,roboflow,dhash,5,exclude
C:\Pywork\dental\dental\data\raw\zenodo\panoramic_radiography_yolo_dataset_14_classes\train\images\536.jpg,train/images/536.jpg,train,C:\Pywork\dental\dental\data\raw\zenodo\panoramic_radiography_yolo_dataset_14_classes\train\images\1039.jpg,train/images/1039.jpg,train,roboflow,dhash,7,exclude
C:\Pywork\dental\dental\data\raw\zenodo\panoramic_radiography_yolo_dataset_14_classes\train\images\539.jpg,train/images/539.jpg,train,C:\Pywork\dental\dental\data\raw\zenodo\panoramic_radiography_yolo_dataset_14_classes\train\images\1431.jpg,train/images/1431.jpg,train,roboflow,dhash,8,exclude
C:\Pywork\dental\dental\data\raw\zenodo\panoramic_radiography_yolo_dataset_14_classes\train\images\542.jpg,train/images/542.jpg,train,C:\Pywork\dental\dental\data\raw\zenodo\panoramic_radiography_yolo_dataset_14_classes\train\images\1509.jpg,train/images/1509.jpg,train,roboflow,dhash,6,exclude
C:\Pywork\dental\dental\data\raw\zenodo\panoramic_radiography_yolo_dataset_14_classes\train\images\549.jpg,train/images/549.jpg,train,C:\Pywork\dental\dental\data\raw\zenodo\panoramic_radiography_yolo_dataset_14_classes\train\images\292.jpg,train/images/292.jpg,train,roboflow,dhash,7,exclude
C:\Pywork\dental\dental\data\raw\zenodo\panoramic_radiography_yolo_dataset_14_classes\train\images\551.jpg,train/images/551.jpg,train,C:\Pywork\dental\dental\data\raw\zenodo\panoramic_radiography_yolo_dataset_14_classes\train\images\425.jpg,train/images/425.jpg,train,roboflow,dhash,6,exclude
C:\Pywork\dental\dental\data\raw\zenodo\panoramic_radiography_yolo_dataset_14_classes\train\images\56.jpg,train/images/56.jpg,train,C:\Pywork\dental\dental\data\raw\zenodo\panoramic_radiography_yolo_dataset_14_classes\test\images\v68.jpg,test/images/v68.jpg,test,roboflow,dhash,8,exclude
C:\Pywork\dental\dental\data\raw\zenodo\panoramic_radiography_yolo_dataset_14_classes\train\images\563.jpg,train/images/563.jpg,train,C:\Pywork\dental\dental\data\raw\zenodo\panoramic_radiography_yolo_dataset_14_classes\train\images\49.jpg,train/images/49.jpg,train,roboflow,dhash,8,exclude
C:\Pywork\dental\dental\data\raw\zenodo\panoramic_radiography_yolo_dataset_14_classes\train\images\564.jpg,train/images/564.jpg,train,C:\Pywork\dental\dental\data\raw\zenodo\panoramic_radiography_yolo_dataset_14_classes\train\images\1542.jpg,train/images/1542.jpg,train,roboflow,dhash,8,exclude
C:\Pywork\dental\dental\data\raw\zenodo\panoramic_radiography_yolo_dataset_14_classes\train\images\566.jpg,train/images/566.jpg,train,C:\Pywork\dental\dental\data\raw\zenodo\panoramic_radiography_yolo_dataset_14_classes\test\images\v80.jpg,test/images/v80.jpg,test,roboflow,dhash,6,exclude
C:\Pywork\dental\dental\data\raw\zenodo\panoramic_radiography_yolo_dataset_14_classes\train\images\574.jpg,train/images/574.jpg,train,C:\Pywork\dental\dental\data\raw\zenodo\panoramic_radiography_yolo_dataset_14_classes\train\images\1024.jpg,train/images/1024.jpg,train,roboflow,dhash,6,exclude
C:\Pywork\dental\dental\data\raw\zenodo\panoramic_radiography_yolo_dataset_14_classes\train\images\58.jpg,train/images/58.jpg,train,C:\Pywork\dental\dental\data\raw\zenodo\panoramic_radiography_yolo_dataset_14_classes\train\images\215.jpg,train/images/215.jpg,train,roboflow,dhash,7,exclude
C:\Pywork\dental\dental\data\raw\zenodo\panoramic_radiography_yolo_dataset_14_classes\train\images\583.jpg,train/images/583.jpg,train,C:\Pywork\dental\dental\data\raw\zenodo\panoramic_radiography_yolo_dataset_14_classes\test_alte_cabinete\Ext-validation\images\93.jpg,test_alte_cabinete/Ext-validation/images/93.jpg,roboflow,roboflow,dhash,8,exclude
C:\Pywork\dental\dental\data\raw\zenodo\panoramic_radiography_yolo_dataset_14_classes\train\images\584.jpg,train/images/584.jpg,train,C:\Pywork\dental\dental\data\raw\zenodo\panoramic_radiography_yolo_dataset_14_classes\test\images\v32.jpg,test/images/v32.jpg,test,roboflow,dhash,5,exclude
C:\Pywork\dental\dental\data\raw\zenodo\panoramic_radiography_yolo_dataset_14_classes\train\images\585.jpg,train/images/585.jpg,train,C:\Pywork\dental\dental\data\raw\zenodo\panoramic_radiography_yolo_dataset_14_classes\train\images\427.jpg,train/images/427.jpg,train,roboflow,dhash,7,exclude
C:\Pywork\dental\dental\data\raw\zenodo\panoramic_radiography_yolo_dataset_14_classes\train\images\588.jpg,train/images/588.jpg,train,C:\Pywork\dental\dental\data\raw\zenodo\panoramic_radiography_yolo_dataset_14_classes\train\images\556.jpg,train/images/556.jpg,train,roboflow,dhash,5,exclude
C:\Pywork\dental\dental\data\raw\zenodo\panoramic_radiography_yolo_dataset_14_classes\train\images\59.jpg,train/images/59.jpg,train,C:\Pywork\dental\dental\data\raw\zenodo\panoramic_radiography_yolo_dataset_14_classes\train\images\168.jpg,train/images/168.jpg,train,roboflow,dhash,6,exclude
C:\Pywork\dental\dental\data\raw\zenodo\panoramic_radiography_yolo_dataset_14_classes\train\images\591.jpg,train/images/591.jpg,train,C:\Pywork\dental\dental\data\raw\zenodo\panoramic_radiography_yolo_dataset_14_classes\test\images\v85.jpg,test/images/v85.jpg,test,roboflow,dhash,7,exclude
C:\Pywork\dental\dental\data\raw\zenodo\panoramic_radiography_yolo_dataset_14_classes\train\images\597.jpg,train/images/597.jpg,train,C:\Pywork\dental\dental\data\raw\zenodo\panoramic_radiography_yolo_dataset_14_classes\train\images\1055.jpg,train/images/1055.jpg,train,roboflow,dhash,7,exclude
C:\Pywork\dental\dental\data\raw\zenodo\panoramic_radiography_yolo_dataset_14_classes\train\images\599.jpg,train/images/599.jpg,train,C:\Pywork\dental\dental\data\raw\zenodo\panoramic_radiography_yolo_dataset_14_classes\train\images\1031.jpg,train/images/1031.jpg,train,roboflow,dhash,8,exclude
C:\Pywork\dental\dental\data\raw\zenodo\panoramic_radiography_yolo_dataset_14_classes\train\images\601.jpg,train/images/601.jpg,train,C:\Pywork\dental\dental\data\raw\zenodo\panoramic_radiography_yolo_dataset_14_classes\train\images\334.jpg,train/images/334.jpg,train,roboflow,dhash,7,exclude
C:\Pywork\dental\dental\data\raw\zenodo\panoramic_radiography_yolo_dataset_14_classes\train\images\602.jpg,train/images/602.jpg,train,C:\Pywork\dental\dental\data\raw\zenodo\panoramic_radiography_yolo_dataset_14_classes\train\images\361.jpg,train/images/361.jpg,train,roboflow,dhash,8,exclude
C:\Pywork\dental\dental\data\raw\zenodo\panoramic_radiography_yolo_dataset_14_classes\train\images\604.jpg,train/images/604.jpg,train,C:\Pywork\dental\dental\data\raw\zenodo\panoramic_radiography_yolo_dataset_14_classes\train\images\218.jpg,train/images/218.jpg,train,roboflow,dhash,8,exclude
C:\Pywork\dental\dental\data\raw\zenodo\panoramic_radiography_yolo_dataset_14_classes\train\images\605.jpg,train/images/605.jpg,train,C:\Pywork\dental\dental\data\raw\zenodo\panoramic_radiography_yolo_dataset_14_classes\train\images\352.jpg,train/images/352.jpg,train,roboflow,dhash,8,exclude
C:\Pywork\dental\dental\data\raw\zenodo\panoramic_radiography_yolo_dataset_14_classes\train\images\606.jpg,train/images/606.jpg,train,C:\Pywork\dental\dental\data\raw\zenodo\panoramic_radiography_yolo_dataset_14_classes\train\images\1309.jpg,train/images/1309.jpg,train,roboflow,dhash,7,exclude
C:\Pywork\dental\dental\data\raw\zenodo\panoramic_radiography_yolo_dataset_14_classes\train\images\607.jpg,train/images/607.jpg,train,C:\Pywork\dental\dental\data\raw\zenodo\panoramic_radiography_yolo_dataset_14_classes\train\images\225.jpg,train/images/225.jpg,train,roboflow,dhash,7,exclude
C:\Pywork\dental\dental\data\raw\zenodo\panoramic_radiography_yolo_dataset_14_classes\train\images\608.jpg,train/images/608.jpg,train,C:\Pywork\dental\dental\data\raw\zenodo\panoramic_radiography_yolo_dataset_14_classes\train\images\1294.jpg,train/images/1294.jpg,train,roboflow,dhash,8,exclude
C:\Pywork\dental\dental\data\raw\zenodo\panoramic_radiography_yolo_dataset_14_classes\train\images\611.jpg,train/images/611.jpg,train,C:\Pywork\dental\dental\data\raw\zenodo\panoramic_radiography_yolo_dataset_14_classes\train\images\1025.jpg,train/images/1025.jpg,train,roboflow,dhash,8,exclude
C:\Pywork\dental\dental\data\raw\zenodo\panoramic_radiography_yolo_dataset_14_classes\train\images\617.jpg,train/images/617.jpg,train,C:\Pywork\dental\dental\data\raw\zenodo\panoramic_radiography_yolo_dataset_14_classes\train\images\538.jpg,train/images/538.jpg,train,roboflow,dhash,7,exclude
C:\Pywork\dental\dental\data\raw\zenodo\panoramic_radiography_yolo_dataset_14_classes\train\images\619.jpg,train/images/619.jpg,train,C:\Pywork\dental\dental\data\raw\zenodo\panoramic_radiography_yolo_dataset_14_classes\test\images\v80.jpg,test/images/v80.jpg,test,roboflow,dhash,6,exclude
C:\Pywork\dental\dental\data\raw\zenodo\panoramic_radiography_yolo_dataset_14_classes\train\images\621.jpg,train/images/621.jpg,train,C:\Pywork\dental\dental\data\raw\zenodo\panoramic_radiography_yolo_dataset_14_classes\train\images\284.jpg,train/images/284.jpg,train,roboflow,dhash,8,exclude
C:\Pywork\dental\dental\data\raw\zenodo\panoramic_radiography_yolo_dataset_14_classes\train\images\622.jpg,train/images/622.jpg,train,C:\Pywork\dental\dental\data\raw\zenodo\panoramic_radiography_yolo_dataset_14_classes\test_alte_cabinete\Ext-validation\images\102.jpg,test_alte_cabinete/Ext-validation/images/102.jpg,roboflow,roboflow,dhash,8,exclude
C:\Pywork\dental\dental\data\raw\zenodo\panoramic_radiography_yolo_dataset_14_classes\train\images\624.jpg,train/images/624.jpg,train,C:\Pywork\dental\dental\data\raw\zenodo\panoramic_radiography_yolo_dataset_14_classes\test\images\v65.jpg,test/images/v65.jpg,test,roboflow,dhash,6,exclude
C:\Pywork\dental\dental\data\raw\zenodo\panoramic_radiography_yolo_dataset_14_classes\train\images\625.jpg,train/images/625.jpg,train,C:\Pywork\dental\dental\data\raw\zenodo\panoramic_radiography_yolo_dataset_14_classes\train\images\551.jpg,train/images/551.jpg,train,roboflow,dhash,6,exclude
C:\Pywork\dental\dental\data\raw\zenodo\panoramic_radiography_yolo_dataset_14_classes\train\images\626.jpg,train/images/626.jpg,train,C:\Pywork\dental\dental\data\raw\zenodo\panoramic_radiography_yolo_dataset_14_classes\train\images\258.jpg,train/images/258.jpg,train,roboflow,dhash,6,exclude
C:\Pywork\dental\dental\data\raw\zenodo\panoramic_radiography_yolo_dataset_14_classes\train\images\627.jpg,train/images/627.jpg,train,C:\Pywork\dental\dental\data\raw\zenodo\panoramic_radiography_yolo_dataset_14_classes\train\images\503.jpg,train/images/503.jpg,train,roboflow,dhash,6,exclude
C:\Pywork\dental\dental\data\raw\zenodo\panoramic_radiography_yolo_dataset_14_classes\train\images\629.jpg,train/images/629.jpg,train,C:\Pywork\dental\dental\data\raw\zenodo\panoramic_radiography_yolo_dataset_14_classes\train\images\1029.jpg,train/images/1029.jpg,train,roboflow,dhash,8,exclude
C:\Pywork\dental\dental\data\raw\zenodo\panoramic_radiography_yolo_dataset_14_classes\train\images\634.jpg,train/images/634.jpg,train,C:\Pywork\dental\dental\data\raw\zenodo\panoramic_radiography_yolo_dataset_14_classes\train\images\192.jpg,train/images/192.jpg,train,roboflow,dhash,6,exclude
C:\Pywork\dental\dental\data\raw\zenodo\panoramic_radiography_yolo_dataset_14_classes\train\images\639.jpg,train/images/639.jpg,train,C:\Pywork\dental\dental\data\raw\zenodo\panoramic_radiography_yolo_dataset_14_classes\train\images\392.jpg,train/images/392.jpg,train,roboflow,dhash,5,exclude
C:\Pywork\dental\dental\data\raw\zenodo\panoramic_radiography_yolo_dataset_14_classes\train\images\642.jpg,train/images/642.jpg,train,C:\Pywork\dental\dental\data\raw\zenodo\panoramic_radiography_yolo_dataset_14_classes\train\images\1007.jpg,train/images/1007.jpg,train,roboflow,dhash,7,exclude
C:\Pywork\dental\dental\data\raw\zenodo\panoramic_radiography_yolo_dataset_14_classes\train\images\645.jpg,train/images/645.jpg,train,C:\Pywork\dental\dental\data\raw\zenodo\panoramic_radiography_yolo_dataset_14_classes\train\images\443.jpg,train/images/443.jpg,train,roboflow,dhash,8,exclude
C:\Pywork\dental\dental\data\raw\zenodo\panoramic_radiography_yolo_dataset_14_classes\train\images\646.jpg,train/images/646.jpg,train,C:\Pywork\dental\dental\data\raw\zenodo\panoramic_radiography_yolo_dataset_14_classes\train\images\1257.jpg,train/images/1257.jpg,train,roboflow,dhash,8,exclude
C:\Pywork\dental\dental\data\raw\zenodo\panoramic_radiography_yolo_dataset_14_classes\train\images\649.jpg,train/images/649.jpg,train,C:\Pywork\dental\dental\data\raw\zenodo\panoramic_radiography_yolo_dataset_14_classes\test\images\v65.jpg,test/images/v65.jpg,test,roboflow,dhash,7,exclude
C:\Pywork\dental\dental\data\raw\zenodo\panoramic_radiography_yolo_dataset_14_classes\train\images\65.jpg,train/images/65.jpg,train,C:\Pywork\dental\dental\data\raw\zenodo\panoramic_radiography_yolo_dataset_14_classes\train\images\514.jpg,train/images/514.jpg,train,roboflow,dhash,6,exclude
C:\Pywork\dental\dental\data\raw\zenodo\panoramic_radiography_yolo_dataset_14_classes\train\images\654.jpg,train/images/654.jpg,train,C:\Pywork\dental\dental\data\raw\zenodo\panoramic_radiography_yolo_dataset_14_classes\train\images\1455.jpg,train/images/1455.jpg,train,roboflow,dhash,6,exclude
C:\Pywork\dental\dental\data\raw\zenodo\panoramic_radiography_yolo_dataset_14_classes\train\images\655.jpg,train/images/655.jpg,train,C:\Pywork\dental\dental\data\raw\zenodo\panoramic_radiography_yolo_dataset_14_classes\train\images\1454.jpg,train/images/1454.jpg,train,roboflow,dhash,7,exclude
C:\Pywork\dental\dental\data\raw\zenodo\panoramic_radiography_yolo_dataset_14_classes\train\images\656.jpg,train/images/656.jpg,train,C:\Pywork\dental\dental\data\raw\zenodo\panoramic_radiography_yolo_dataset_14_classes\train\images\1526.jpg,train/images/1526.jpg,train,roboflow,dhash,7,exclude
C:\Pywork\dental\dental\data\raw\zenodo\panoramic_radiography_yolo_dataset_14_classes\train\images\657.jpg,train/images/657.jpg,train,C:\Pywork\dental\dental\data\raw\zenodo\panoramic_radiography_yolo_dataset_14_classes\train\images\1455.jpg,train/images/1455.jpg,train,roboflow,dhash,7,exclude
C:\Pywork\dental\dental\data\raw\zenodo\panoramic_radiography_yolo_dataset_14_classes\train\images\659.jpg,train/images/659.jpg,train,C:\Pywork\dental\dental\data\raw\zenodo\panoramic_radiography_yolo_dataset_14_classes\train\images\1294.jpg,train/images/1294.jpg,train,roboflow,dhash,8,exclude
C:\Pywork\dental\dental\data\raw\zenodo\panoramic_radiography_yolo_dataset_14_classes\train\images\663.jpg,train/images/663.jpg,train,C:\Pywork\dental\dental\data\raw\zenodo\panoramic_radiography_yolo_dataset_14_classes\train\images\399.jpg,train/images/399.jpg,train,roboflow,dhash,5,exclude
C:\Pywork\dental\dental\data\raw\zenodo\panoramic_radiography_yolo_dataset_14_classes\train\images\667.jpg,train/images/667.jpg,train,C:\Pywork\dental\dental\data\raw\zenodo\panoramic_radiography_yolo_dataset_14_classes\train\images\1203.jpg,train/images/1203.jpg,train,roboflow,dhash,7,exclude
C:\Pywork\dental\dental\data\raw\zenodo\panoramic_radiography_yolo_dataset_14_classes\train\images\669.jpg,train/images/669.jpg,train,C:\Pywork\dental\dental\data\raw\zenodo\panoramic_radiography_yolo_dataset_14_classes\train\images\1294.jpg,train/images/1294.jpg,train,roboflow,dhash,8,exclude
C:\Pywork\dental\dental\data\raw\zenodo\panoramic_radiography_yolo_dataset_14_classes\train\images\671.jpg,train/images/671.jpg,train,C:\Pywork\dental\dental\data\raw\zenodo\panoramic_radiography_yolo_dataset_14_classes\train\images\204.jpg,train/images/204.jpg,train,roboflow,dhash,7,exclude
C:\Pywork\dental\dental\data\raw\zenodo\panoramic_radiography_yolo_dataset_14_classes\train\images\675.jpg,train/images/675.jpg,train,C:\Pywork\dental\dental\data\raw\zenodo\panoramic_radiography_yolo_dataset_14_classes\train\images\1268.jpg,train/images/1268.jpg,train,roboflow,dhash,7,exclude
C:\Pywork\dental\dental\data\raw\zenodo\panoramic_radiography_yolo_dataset_14_classes\train\images\678.jpg,train/images/678.jpg,train,C:\Pywork\dental\dental\data\raw\zenodo\panoramic_radiography_yolo_dataset_14_classes\train\images\1475.jpg,train/images/1475.jpg,train,roboflow,dhash,6,exclude
C:\Pywork\dental\dental\data\raw\zenodo\panoramic_radiography_yolo_dataset_14_classes\train\images\681.jpg,train/images/681.jpg,train,C:\Pywork\dental\dental\data\raw\zenodo\panoramic_radiography_yolo_dataset_14_classes\train\images\1532.jpg,train/images/1532.jpg,train,roboflow,dhash,7,exclude
C:\Pywork\dental\dental\data\raw\zenodo\panoramic_radiography_yolo_dataset_14_classes\train\images\684.jpg,train/images/684.jpg,train,C:\Pywork\dental\dental\data\raw\zenodo\panoramic_radiography_yolo_dataset_14_classes\train\images\1062.jpg,train/images/1062.jpg,train,roboflow,dhash,6,exclude
C:\Pywork\dental\dental\data\raw\zenodo\panoramic_radiography_yolo_dataset_14_classes\train\images\687.jpg,train/images/687.jpg,train,C:\Pywork\dental\dental\data\raw\zenodo\panoramic_radiography_yolo_dataset_14_classes\train\images\1286.jpg,train/images/1286.jpg,train,roboflow,dhash,5,exclude
C:\Pywork\dental\dental\data\raw\zenodo\panoramic_radiography_yolo_dataset_14_classes\train\images\688.jpg,train/images/688.jpg,train,C:\Pywork\dental\dental\data\raw\zenodo\panoramic_radiography_yolo_dataset_14_classes\test_alte_cabinete\Ext-validation\images\129.jpg,test_alte_cabinete/Ext-validation/images/129.jpg,roboflow,roboflow,dhash,8,exclude
C:\Pywork\dental\dental\data\raw\zenodo\panoramic_radiography_yolo_dataset_14_classes\train\images\691.jpg,train/images/691.jpg,train,C:\Pywork\dental\dental\data\raw\zenodo\panoramic_radiography_yolo_dataset_14_classes\test\images\v45.jpg,test/images/v45.jpg,test,roboflow,dhash,7,exclude
C:\Pywork\dental\dental\data\raw\zenodo\panoramic_radiography_yolo_dataset_14_classes\train\images\692.jpg,train/images/692.jpg,train,C:\Pywork\dental\dental\data\raw\zenodo\panoramic_radiography_yolo_dataset_14_classes\train\images\21.jpg,train/images/21.jpg,train,roboflow,dhash,7,exclude
C:\Pywork\dental\dental\data\raw\zenodo\panoramic_radiography_yolo_dataset_14_classes\train\images\694.jpg,train/images/694.jpg,train,C:\Pywork\dental\dental\data\raw\zenodo\panoramic_radiography_yolo_dataset_14_classes\test\images\v58.jpg,test/images/v58.jpg,test,roboflow,dhash,7,exclude
C:\Pywork\dental\dental\data\raw\zenodo\panoramic_radiography_yolo_dataset_14_classes\train\images\697.jpg,train/images/697.jpg,train,C:\Pywork\dental\dental\data\raw\zenodo\panoramic_radiography_yolo_dataset_14_classes\train\images\1063.jpg,train/images/1063.jpg,train,roboflow,dhash,7,exclude
C:\Pywork\dental\dental\data\raw\zenodo\panoramic_radiography_yolo_dataset_14_classes\train\images\699.jpg,train/images/699.jpg,train,C:\Pywork\dental\dental\data\raw\zenodo\panoramic_radiography_yolo_dataset_14_classes\train\images\1333.jpg,train/images/1333.jpg,train,roboflow,dhash,7,exclude
C:\Pywork\dental\dental\data\raw\zenodo\panoramic_radiography_yolo_dataset_14_classes\train\images\701.jpg,train/images/701.jpg,train,C:\Pywork\dental\dental\data\raw\zenodo\panoramic_radiography_yolo_dataset_14_classes\train\images\399.jpg,train/images/399.jpg,train,roboflow,dhash,7,exclude
C:\Pywork\dental\dental\data\raw\zenodo\panoramic_radiography_yolo_dataset_14_classes\train\images\704.jpg,train/images/704.jpg,train,C:\Pywork\dental\dental\data\raw\zenodo\panoramic_radiography_yolo_dataset_14_classes\train\images\1454.jpg,train/images/1454.jpg,train,roboflow,dhash,8,exclude
C:\Pywork\dental\dental\data\raw\zenodo\panoramic_radiography_yolo_dataset_14_classes\train\images\708.jpg,train/images/708.jpg,train,C:\Pywork\dental\dental\data\raw\zenodo\panoramic_radiography_yolo_dataset_14_classes\train\images\1142.jpg,train/images/1142.jpg,train,roboflow,dhash,8,exclude
C:\Pywork\dental\dental\data\raw\zenodo\panoramic_radiography_yolo_dataset_14_classes\train\images\71.jpg,train/images/71.jpg,train,C:\Pywork\dental\dental\data\raw\zenodo\panoramic_radiography_yolo_dataset_14_classes\train\images\1026.jpg,train/images/1026.jpg,train,roboflow,dhash,7,exclude
C:\Pywork\dental\dental\data\raw\zenodo\panoramic_radiography_yolo_dataset_14_classes\train\images\712.jpg,train/images/712.jpg,train,C:\Pywork\dental\dental\data\raw\zenodo\panoramic_radiography_yolo_dataset_14_classes\train\images\1037.jpg,train/images/1037.jpg,train,roboflow,dhash,7,exclude
C:\Pywork\dental\dental\data\raw\zenodo\panoramic_radiography_yolo_dataset_14_classes\train\images\715.jpg,train/images/715.jpg,train,C:\Pywork\dental\dental\data\raw\zenodo\panoramic_radiography_yolo_dataset_14_classes\train\images\65.jpg,train/images/65.jpg,train,roboflow,dhash,5,exclude
C:\Pywork\dental\dental\data\raw\zenodo\panoramic_radiography_yolo_dataset_14_classes\train\images\719.jpg,train/images/719.jpg,train,C:\Pywork\dental\dental\data\raw\zenodo\panoramic_radiography_yolo_dataset_14_classes\train\images\393.jpg,train/images/393.jpg,train,roboflow,dhash,5,exclude
C:\Pywork\dental\dental\data\raw\zenodo\panoramic_radiography_yolo_dataset_14_classes\train\images\721.jpg,train/images/721.jpg,train,C:\Pywork\dental\dental\data\raw\zenodo\panoramic_radiography_yolo_dataset_14_classes\train\images\1002.jpg,train/images/1002.jpg,train,roboflow,dhash,7,exclude
C:\Pywork\dental\dental\data\raw\zenodo\panoramic_radiography_yolo_dataset_14_classes\train\images\723.jpg,train/images/723.jpg,train,C:\Pywork\dental\dental\data\raw\zenodo\panoramic_radiography_yolo_dataset_14_classes\train\images\276.jpg,train/images/276.jpg,train,roboflow,dhash,7,exclude
C:\Pywork\dental\dental\data\raw\zenodo\panoramic_radiography_yolo_dataset_14_classes\train\images\724.jpg,train/images/724.jpg,train,C:\Pywork\dental\dental\data\raw\zenodo\panoramic_radiography_yolo_dataset_14_classes\train\images\373.jpg,train/images/373.jpg,train,roboflow,dhash,5,exclude
C:\Pywork\dental\dental\data\raw\zenodo\panoramic_radiography_yolo_dataset_14_classes\train\images\732.jpg,train/images/732.jpg,train,C:\Pywork\dental\dental\data\raw\zenodo\panoramic_radiography_yolo_dataset_14_classes\train\images\43.jpg,train/images/43.jpg,train,roboflow,dhash,8,exclude
C:\Pywork\dental\dental\data\raw\zenodo\panoramic_radiography_yolo_dataset_14_classes\train\images\735.jpg,train/images/735.jpg,train,C:\Pywork\dental\dental\data\raw\zenodo\panoramic_radiography_yolo_dataset_14_classes\train\images\1005.jpg,train/images/1005.jpg,train,roboflow,dhash,6,exclude
C:\Pywork\dental\dental\data\raw\zenodo\panoramic_radiography_yolo_dataset_14_classes\train\images\736.jpg,train/images/736.jpg,train,C:\Pywork\dental\dental\data\raw\zenodo\panoramic_radiography_yolo_dataset_14_classes\train\images\399.jpg,train/images/399.jpg,train,roboflow,dhash,7,exclude
C:\Pywork\dental\dental\data\raw\zenodo\panoramic_radiography_yolo_dataset_14_classes\train\images\738.jpg,train/images/738.jpg,train,C:\Pywork\dental\dental\data\raw\zenodo\panoramic_radiography_yolo_dataset_14_classes\train\images\1547.jpg,train/images/1547.jpg,train,roboflow,dhash,7,exclude
C:\Pywork\dental\dental\data\raw\zenodo\panoramic_radiography_yolo_dataset_14_classes\train\images\74.jpg,train/images/74.jpg,train,C:\Pywork\dental\dental\data\raw\zenodo\panoramic_radiography_yolo_dataset_14_classes\train\images\31.jpg,train/images/31.jpg,train,roboflow,dhash,6,exclude
C:\Pywork\dental\dental\data\raw\zenodo\panoramic_radiography_yolo_dataset_14_classes\train\images\741.jpg,train/images/741.jpg,train,C:\Pywork\dental\dental\data\raw\zenodo\panoramic_radiography_yolo_dataset_14_classes\train\images\1258.jpg,train/images/1258.jpg,train,roboflow,dhash,8,exclude
C:\Pywork\dental\dental\data\raw\zenodo\panoramic_radiography_yolo_dataset_14_classes\train\images\742.jpg,train/images/742.jpg,train,C:\Pywork\dental\dental\data\raw\zenodo\panoramic_radiography_yolo_dataset_14_classes\train\images\294.jpg,train/images/294.jpg,train,roboflow,dhash,8,exclude
C:\Pywork\dental\dental\data\raw\zenodo\panoramic_radiography_yolo_dataset_14_classes\train\images\744.jpg,train/images/744.jpg,train,C:\Pywork\dental\dental\data\raw\zenodo\panoramic_radiography_yolo_dataset_14_classes\train\images\444.jpg,train/images/444.jpg,train,roboflow,dhash,8,exclude
C:\Pywork\dental\dental\data\raw\zenodo\panoramic_radiography_yolo_dataset_14_classes\train\images\749.jpg,train/images/749.jpg,train,C:\Pywork\dental\dental\data\raw\zenodo\panoramic_radiography_yolo_dataset_14_classes\train\images\1072.jpg,train/images/1072.jpg,train,roboflow,dhash,7,exclude
C:\Pywork\dental\dental\data\raw\zenodo\panoramic_radiography_yolo_dataset_14_classes\train\images\751.jpg,train/images/751.jpg,train,C:\Pywork\dental\dental\data\raw\zenodo\panoramic_radiography_yolo_dataset_14_classes\train\images\1449.jpg,train/images/1449.jpg,train,roboflow,dhash,7,exclude
C:\Pywork\dental\dental\data\raw\zenodo\panoramic_radiography_yolo_dataset_14_classes\train\images\755.jpg,train/images/755.jpg,train,C:\Pywork\dental\dental\data\raw\zenodo\panoramic_radiography_yolo_dataset_14_classes\train\images\1549.jpg,train/images/1549.jpg,train,roboflow,dhash,5,exclude
C:\Pywork\dental\dental\data\raw\zenodo\panoramic_radiography_yolo_dataset_14_classes\train\images\756.jpg,train/images/756.jpg,train,C:\Pywork\dental\dental\data\raw\zenodo\panoramic_radiography_yolo_dataset_14_classes\train\images\181.jpg,train/images/181.jpg,train,roboflow,dhash,5,exclude
C:\Pywork\dental\dental\data\raw\zenodo\panoramic_radiography_yolo_dataset_14_classes\train\images\76.jpg,train/images/76.jpg,train,C:\Pywork\dental\dental\data\raw\zenodo\panoramic_radiography_yolo_dataset_14_classes\train\images\1041.jpg,train/images/1041.jpg,train,roboflow,dhash,7,exclude
C:\Pywork\dental\dental\data\raw\zenodo\panoramic_radiography_yolo_dataset_14_classes\train\images\762.jpg,train/images/762.jpg,train,C:\Pywork\dental\dental\data\raw\zenodo\panoramic_radiography_yolo_dataset_14_classes\train\images\1061.jpg,train/images/1061.jpg,train,roboflow,dhash,7,exclude
C:\Pywork\dental\dental\data\raw\zenodo\panoramic_radiography_yolo_dataset_14_classes\train\images\765.jpg,train/images/765.jpg,train,C:\Pywork\dental\dental\data\raw\zenodo\panoramic_radiography_yolo_dataset_14_classes\train\images\1467.jpg,train/images/1467.jpg,train,roboflow,dhash,8,exclude
C:\Pywork\dental\dental\data\raw\zenodo\panoramic_radiography_yolo_dataset_14_classes\train\images\766.jpg,train/images/766.jpg,train,C:\Pywork\dental\dental\data\raw\zenodo\panoramic_radiography_yolo_dataset_14_classes\train\images\1497.jpg,train/images/1497.jpg,train,roboflow,dhash,8,exclude
C:\Pywork\dental\dental\data\raw\zenodo\panoramic_radiography_yolo_dataset_14_classes\train\images\767.jpg,train/images/767.jpg,train,C:\Pywork\dental\dental\data\raw\zenodo\panoramic_radiography_yolo_dataset_14_classes\test\images\v34.jpg,test/images/v34.jpg,test,roboflow,dhash,6,exclude
C:\Pywork\dental\dental\data\raw\zenodo\panoramic_radiography_yolo_dataset_14_classes\train\images\772.jpg,train/images/772.jpg,train,C:\Pywork\dental\dental\data\raw\zenodo\panoramic_radiography_yolo_dataset_14_classes\train\images\1547.jpg,train/images/1547.jpg,train,roboflow,dhash,8,exclude
C:\Pywork\dental\dental\data\raw\zenodo\panoramic_radiography_yolo_dataset_14_classes\train\images\775.jpg,train/images/775.jpg,train,C:\Pywork\dental\dental\data\raw\zenodo\panoramic_radiography_yolo_dataset_14_classes\train\images\1072.jpg,train/images/1072.jpg,train,roboflow,dhash,6,exclude
C:\Pywork\dental\dental\data\raw\zenodo\panoramic_radiography_yolo_dataset_14_classes\train\images\776.jpg,train/images/776.jpg,train,C:\Pywork\dental\dental\data\raw\zenodo\panoramic_radiography_yolo_dataset_14_classes\test\images\v80.jpg,test/images/v80.jpg,test,roboflow,dhash,7,exclude
C:\Pywork\dental\dental\data\raw\zenodo\panoramic_radiography_yolo_dataset_14_classes\train\images\779.jpg,train/images/779.jpg,train,C:\Pywork\dental\dental\data\raw\zenodo\panoramic_radiography_yolo_dataset_14_classes\train\images\536.jpg,train/images/536.jpg,train,roboflow,dhash,5,exclude
C:\Pywork\dental\dental\data\raw\zenodo\panoramic_radiography_yolo_dataset_14_classes\train\images\78.jpg,train/images/78.jpg,train,C:\Pywork\dental\dental\data\raw\zenodo\panoramic_radiography_yolo_dataset_14_classes\train\images\1545.jpg,train/images/1545.jpg,train,roboflow,dhash,6,exclude
C:\Pywork\dental\dental\data\raw\zenodo\panoramic_radiography_yolo_dataset_14_classes\train\images\796.jpg,train/images/796.jpg,train,C:\Pywork\dental\dental\data\raw\zenodo\panoramic_radiography_yolo_dataset_14_classes\test_alte_cabinete\Ext-validation\images\3.jpg,test_alte_cabinete/Ext-validation/images/3.jpg,roboflow,roboflow,dhash,6,exclude
C:\Pywork\dental\dental\data\raw\zenodo\panoramic_radiography_yolo_dataset_14_classes\train\images\797.jpg,train/images/797.jpg,train,C:\Pywork\dental\dental\data\raw\zenodo\panoramic_radiography_yolo_dataset_14_classes\train\images\268.jpg,train/images/268.jpg,train,roboflow,dhash,8,exclude
C:\Pywork\dental\dental\data\raw\zenodo\panoramic_radiography_yolo_dataset_14_classes\train\images\799.jpg,train/images/799.jpg,train,C:\Pywork\dental\dental\data\raw\zenodo\panoramic_radiography_yolo_dataset_14_classes\train\images\178.jpg,train/images/178.jpg,train,roboflow,dhash,5,exclude
C:\Pywork\dental\dental\data\raw\zenodo\panoramic_radiography_yolo_dataset_14_classes\train\images\8.jpg,train/images/8.jpg,train,C:\Pywork\dental\dental\data\raw\zenodo\panoramic_radiography_yolo_dataset_14_classes\test\images\v55.jpg,test/images/v55.jpg,test,roboflow,dhash,5,exclude
C:\Pywork\dental\dental\data\raw\zenodo\panoramic_radiography_yolo_dataset_14_classes\train\images\801.jpg,train/images/801.jpg,train,C:\Pywork\dental\dental\data\raw\zenodo\panoramic_radiography_yolo_dataset_14_classes\train\images\1533.jpg,train/images/1533.jpg,train,roboflow,dhash,8,exclude
C:\Pywork\dental\dental\data\raw\zenodo\panoramic_radiography_yolo_dataset_14_classes\train\images\809.jpg,train/images/809.jpg,train,C:\Pywork\dental\dental\data\raw\zenodo\panoramic_radiography_yolo_dataset_14_classes\train\images\1061.jpg,train/images/1061.jpg,train,roboflow,dhash,7,exclude
C:\Pywork\dental\dental\data\raw\zenodo\panoramic_radiography_yolo_dataset_14_classes\train\images\813.jpg,train/images/813.jpg,train,C:\Pywork\dental\dental\data\raw\zenodo\panoramic_radiography_yolo_dataset_14_classes\train\images\1183.jpg,train/images/1183.jpg,train,roboflow,dhash,7,exclude
C:\Pywork\dental\dental\data\raw\zenodo\panoramic_radiography_yolo_dataset_14_classes\train\images\814.jpg,train/images/814.jpg,train,C:\Pywork\dental\dental\data\raw\zenodo\panoramic_radiography_yolo_dataset_14_classes\train\images\558.jpg,train/images/558.jpg,train,roboflow,dhash,8,exclude
C:\Pywork\dental\dental\data\raw\zenodo\panoramic_radiography_yolo_dataset_14_classes\train\images\815.jpg,train/images/815.jpg,train,C:\Pywork\dental\dental\data\raw\zenodo\panoramic_radiography_yolo_dataset_14_classes\train\images\262.jpg,train/images/262.jpg,train,roboflow,dhash,6,exclude
C:\Pywork\dental\dental\data\raw\zenodo\panoramic_radiography_yolo_dataset_14_classes\train\images\816.jpg,train/images/816.jpg,train,C:\Pywork\dental\dental\data\raw\zenodo\panoramic_radiography_yolo_dataset_14_classes\train\images\678.jpg,train/images/678.jpg,train,roboflow,dhash,6,exclude
C:\Pywork\dental\dental\data\raw\zenodo\panoramic_radiography_yolo_dataset_14_classes\train\images\818.jpg,train/images/818.jpg,train,C:\Pywork\dental\dental\data\raw\zenodo\panoramic_radiography_yolo_dataset_14_classes\train\images\377.jpg,train/images/377.jpg,train,roboflow,dhash,7,exclude
C:\Pywork\dental\dental\data\raw\zenodo\panoramic_radiography_yolo_dataset_14_classes\train\images\82.jpg,train/images/82.jpg,train,C:\Pywork\dental\dental\data\raw\zenodo\panoramic_radiography_yolo_dataset_14_classes\train\images\313.jpg,train/images/313.jpg,train,roboflow,dhash,7,exclude
C:\Pywork\dental\dental\data\raw\zenodo\panoramic_radiography_yolo_dataset_14_classes\train\images\822.jpg,train/images/822.jpg,train,C:\Pywork\dental\dental\data\raw\zenodo\panoramic_radiography_yolo_dataset_14_classes\train\images\1008.jpg,train/images/1008.jpg,train,roboflow,dhash,7,exclude
C:\Pywork\dental\dental\data\raw\zenodo\panoramic_radiography_yolo_dataset_14_classes\train\images\823.jpg,train/images/823.jpg,train,C:\Pywork\dental\dental\data\raw\zenodo\panoramic_radiography_yolo_dataset_14_classes\test\images\v27.jpg,test/images/v27.jpg,test,roboflow,dhash,7,exclude
C:\Pywork\dental\dental\data\raw\zenodo\panoramic_radiography_yolo_dataset_14_classes\train\images\824.jpg,train/images/824.jpg,train,C:\Pywork\dental\dental\data\raw\zenodo\panoramic_radiography_yolo_dataset_14_classes\train\images\821.jpg,train/images/821.jpg,train,roboflow,dhash,5,exclude
C:\Pywork\dental\dental\data\raw\zenodo\panoramic_radiography_yolo_dataset_14_classes\train\images\827.jpg,train/images/827.jpg,train,C:\Pywork\dental\dental\data\raw\zenodo\panoramic_radiography_yolo_dataset_14_classes\train\images\394.jpg,train/images/394.jpg,train,roboflow,dhash,6,exclude
C:\Pywork\dental\dental\data\raw\zenodo\panoramic_radiography_yolo_dataset_14_classes\train\images\831.jpg,train/images/831.jpg,train,C:\Pywork\dental\dental\data\raw\zenodo\panoramic_radiography_yolo_dataset_14_classes\train\images\1031.jpg,train/images/1031.jpg,train,roboflow,dhash,6,exclude
C:\Pywork\dental\dental\data\raw\zenodo\panoramic_radiography_yolo_dataset_14_classes\train\images\832.jpg,train/images/832.jpg,train,C:\Pywork\dental\dental\data\raw\zenodo\panoramic_radiography_yolo_dataset_14_classes\train\images\1019.jpg,train/images/1019.jpg,train,roboflow,dhash,6,exclude
C:\Pywork\dental\dental\data\raw\zenodo\panoramic_radiography_yolo_dataset_14_classes\train\images\833.jpg,train/images/833.jpg,train,C:\Pywork\dental\dental\data\raw\zenodo\panoramic_radiography_yolo_dataset_14_classes\train\images\622.jpg,train/images/622.jpg,train,roboflow,dhash,8,exclude
C:\Pywork\dental\dental\data\raw\zenodo\panoramic_radiography_yolo_dataset_14_classes\train\images\835.jpg,train/images/835.jpg,train,C:\Pywork\dental\dental\data\raw\zenodo\panoramic_radiography_yolo_dataset_14_classes\train\images\617.jpg,train/images/617.jpg,train,roboflow,dhash,7,exclude
C:\Pywork\dental\dental\data\raw\zenodo\panoramic_radiography_yolo_dataset_14_classes\train\images\836.jpg,train/images/836.jpg,train,C:\Pywork\dental\dental\data\raw\zenodo\panoramic_radiography_yolo_dataset_14_classes\train\images\1462.jpg,train/images/1462.jpg,train,roboflow,dhash,7,exclude
C:\Pywork\dental\dental\data\raw\zenodo\panoramic_radiography_yolo_dataset_14_classes\train\images\839.jpg,train/images/839.jpg,train,C:\Pywork\dental\dental\data\raw\zenodo\panoramic_radiography_yolo_dataset_14_classes\train\images\207.jpg,train/images/207.jpg,train,roboflow,dhash,7,exclude
C:\Pywork\dental\dental\data\raw\zenodo\panoramic_radiography_yolo_dataset_14_classes\train\images\845.jpg,train/images/845.jpg,train,C:\Pywork\dental\dental\data\raw\zenodo\panoramic_radiography_yolo_dataset_14_classes\train\images\1195.jpg,train/images/1195.jpg,train,roboflow,dhash,7,exclude
C:\Pywork\dental\dental\data\raw\zenodo\panoramic_radiography_yolo_dataset_14_classes\train\images\846.jpg,train/images/846.jpg,train,C:\Pywork\dental\dental\data\raw\zenodo\panoramic_radiography_yolo_dataset_14_classes\train\images\653.jpg,train/images/653.jpg,train,roboflow,dhash,6,exclude
C:\Pywork\dental\dental\data\raw\zenodo\panoramic_radiography_yolo_dataset_14_classes\train\images\849.jpg,train/images/849.jpg,train,C:\Pywork\dental\dental\data\raw\zenodo\panoramic_radiography_yolo_dataset_14_classes\train\images\654.jpg,train/images/654.jpg,train,roboflow,dhash,5,exclude
C:\Pywork\dental\dental\data\raw\zenodo\panoramic_radiography_yolo_dataset_14_classes\train\images\85.jpg,train/images/85.jpg,train,C:\Pywork\dental\dental\data\raw\zenodo\panoramic_radiography_yolo_dataset_14_classes\train\images\712.jpg,train/images/712.jpg,train,roboflow,dhash,5,exclude
C:\Pywork\dental\dental\data\raw\zenodo\panoramic_radiography_yolo_dataset_14_classes\train\images\854.jpg,train/images/854.jpg,train,C:\Pywork\dental\dental\data\raw\zenodo\panoramic_radiography_yolo_dataset_14_classes\test\images\v90.jpg,test/images/v90.jpg,test,roboflow,dhash,6,exclude
C:\Pywork\dental\dental\data\raw\zenodo\panoramic_radiography_yolo_dataset_14_classes\train\images\856.jpg,train/images/856.jpg,train,C:\Pywork\dental\dental\data\raw\zenodo\panoramic_radiography_yolo_dataset_14_classes\train\images\1024.jpg,train/images/1024.jpg,train,roboflow,dhash,5,exclude
C:\Pywork\dental\dental\data\raw\zenodo\panoramic_radiography_yolo_dataset_14_classes\train\images\857.jpg,train/images/857.jpg,train,C:\Pywork\dental\dental\data\raw\zenodo\panoramic_radiography_yolo_dataset_14_classes\train\images\294.jpg,train/images/294.jpg,train,roboflow,dhash,7,exclude
C:\Pywork\dental\dental\data\raw\zenodo\panoramic_radiography_yolo_dataset_14_classes\train\images\858.jpg,train/images/858.jpg,train,C:\Pywork\dental\dental\data\raw\zenodo\panoramic_radiography_yolo_dataset_14_classes\train\images\441.jpg,train/images/441.jpg,train,roboflow,dhash,6,exclude
C:\Pywork\dental\dental\data\raw\zenodo\panoramic_radiography_yolo_dataset_14_classes\train\images\86.jpg,train/images/86.jpg,train,C:\Pywork\dental\dental\data\raw\zenodo\panoramic_radiography_yolo_dataset_14_classes\test_alte_cabinete\Ext-validation\images\24.jpg,test_alte_cabinete/Ext-validation/images/24.jpg,roboflow,roboflow,dhash,5,exclude
C:\Pywork\dental\dental\data\raw\zenodo\panoramic_radiography_yolo_dataset_14_classes\train\images\863.jpg,train/images/863.jpg,train,C:\Pywork\dental\dental\data\raw\zenodo\panoramic_radiography_yolo_dataset_14_classes\train\images\1443.jpg,train/images/1443.jpg,train,roboflow,dhash,7,exclude
C:\Pywork\dental\dental\data\raw\zenodo\panoramic_radiography_yolo_dataset_14_classes\train\images\864.jpg,train/images/864.jpg,train,C:\Pywork\dental\dental\data\raw\zenodo\panoramic_radiography_yolo_dataset_14_classes\train\images\292.jpg,train/images/292.jpg,train,roboflow,dhash,7,exclude
C:\Pywork\dental\dental\data\raw\zenodo\panoramic_radiography_yolo_dataset_14_classes\train\images\865.jpg,train/images/865.jpg,train,C:\Pywork\dental\dental\data\raw\zenodo\panoramic_radiography_yolo_dataset_14_classes\train\images\178.jpg,train/images/178.jpg,train,roboflow,dhash,8,exclude
C:\Pywork\dental\dental\data\raw\zenodo\panoramic_radiography_yolo_dataset_14_classes\train\images\867.jpg,train/images/867.jpg,train,C:\Pywork\dental\dental\data\raw\zenodo\panoramic_radiography_yolo_dataset_14_classes\train\images\687.jpg,train/images/687.jpg,train,roboflow,dhash,7,exclude
C:\Pywork\dental\dental\data\raw\zenodo\panoramic_radiography_yolo_dataset_14_classes\train\images\87.jpg,train/images/87.jpg,train,C:\Pywork\dental\dental\data\raw\zenodo\panoramic_radiography_yolo_dataset_14_classes\train\images\393.jpg,train/images/393.jpg,train,roboflow,dhash,6,exclude
C:\Pywork\dental\dental\data\raw\zenodo\panoramic_radiography_yolo_dataset_14_classes\train\images\871.jpg,train/images/871.jpg,train,C:\Pywork\dental\dental\data\raw\zenodo\panoramic_radiography_yolo_dataset_14_classes\train\images\292.jpg,train/images/292.jpg,train,roboflow,dhash,6,exclude
C:\Pywork\dental\dental\data\raw\zenodo\panoramic_radiography_yolo_dataset_14_classes\train\images\874.jpg,train/images/874.jpg,train,C:\Pywork\dental\dental\data\raw\zenodo\panoramic_radiography_yolo_dataset_14_classes\train\images\234.jpg,train/images/234.jpg,train,roboflow,dhash,5,exclude
C:\Pywork\dental\dental\data\raw\zenodo\panoramic_radiography_yolo_dataset_14_classes\train\images\876.jpg,train/images/876.jpg,train,C:\Pywork\dental\dental\data\raw\zenodo\panoramic_radiography_yolo_dataset_14_classes\test\images\v78.jpg,test/images/v78.jpg,test,roboflow,dhash,5,exclude
C:\Pywork\dental\dental\data\raw\zenodo\panoramic_radiography_yolo_dataset_14_classes\train\images\877.jpg,train/images/877.jpg,train,C:\Pywork\dental\dental\data\raw\zenodo\panoramic_radiography_yolo_dataset_14_classes\train\images\749.jpg,train/images/749.jpg,train,roboflow,dhash,8,exclude
C:\Pywork\dental\dental\data\raw\zenodo\panoramic_radiography_yolo_dataset_14_classes\train\images\878.jpg,train/images/878.jpg,train,C:\Pywork\dental\dental\data\raw\zenodo\panoramic_radiography_yolo_dataset_14_classes\train\images\1006.jpg,train/images/1006.jpg,train,roboflow,dhash,5,exclude
C:\Pywork\dental\dental\data\raw\zenodo\panoramic_radiography_yolo_dataset_14_classes\train\images\88.jpg,train/images/88.jpg,train,C:\Pywork\dental\dental\data\raw\zenodo\panoramic_radiography_yolo_dataset_14_classes\train\images\1309.jpg,train/images/1309.jpg,train,roboflow,dhash,7,exclude
C:\Pywork\dental\dental\data\raw\zenodo\panoramic_radiography_yolo_dataset_14_classes\train\images\881.jpg,train/images/881.jpg,train,C:\Pywork\dental\dental\data\raw\zenodo\panoramic_radiography_yolo_dataset_14_classes\train\images\1039.jpg,train/images/1039.jpg,train,roboflow,dhash,5,exclude
C:\Pywork\dental\dental\data\raw\zenodo\panoramic_radiography_yolo_dataset_14_classes\train\images\882.jpg,train/images/882.jpg,train,C:\Pywork\dental\dental\data\raw\zenodo\panoramic_radiography_yolo_dataset_14_classes\train\images\881.jpg,train/images/881.jpg,train,roboflow,dhash,6,exclude
C:\Pywork\dental\dental\data\raw\zenodo\panoramic_radiography_yolo_dataset_14_classes\train\images\883.jpg,train/images/883.jpg,train,C:\Pywork\dental\dental\data\raw\zenodo\panoramic_radiography_yolo_dataset_14_classes\train\images\591.jpg,train/images/591.jpg,train,roboflow,dhash,7,exclude
C:\Pywork\dental\dental\data\raw\zenodo\panoramic_radiography_yolo_dataset_14_classes\train\images\884.jpg,train/images/884.jpg,train,C:\Pywork\dental\dental\data\raw\zenodo\panoramic_radiography_yolo_dataset_14_classes\train\images\1022.jpg,train/images/1022.jpg,train,roboflow,dhash,6,exclude
C:\Pywork\dental\dental\data\raw\zenodo\panoramic_radiography_yolo_dataset_14_classes\train\images\885.jpg,train/images/885.jpg,train,C:\Pywork\dental\dental\data\raw\zenodo\panoramic_radiography_yolo_dataset_14_classes\train\images\1441.jpg,train/images/1441.jpg,train,roboflow,dhash,6,exclude
C:\Pywork\dental\dental\data\raw\zenodo\panoramic_radiography_yolo_dataset_14_classes\train\images\887.jpg,train/images/887.jpg,train,C:\Pywork\dental\dental\data\raw\zenodo\panoramic_radiography_yolo_dataset_14_classes\train\images\248.jpg,train/images/248.jpg,train,roboflow,dhash,7,exclude
C:\Pywork\dental\dental\data\raw\zenodo\panoramic_radiography_yolo_dataset_14_classes\train\images\888.jpg,train/images/888.jpg,train,C:\Pywork\dental\dental\data\raw\zenodo\panoramic_radiography_yolo_dataset_14_classes\train\images\372.jpg,train/images/372.jpg,train,roboflow,dhash,8,exclude
C:\Pywork\dental\dental\data\raw\zenodo\panoramic_radiography_yolo_dataset_14_classes\train\images\889.jpg,train/images/889.jpg,train,C:\Pywork\dental\dental\data\raw\zenodo\panoramic_radiography_yolo_dataset_14_classes\train\images\595.jpg,train/images/595.jpg,train,roboflow,dhash,7,exclude
C:\Pywork\dental\dental\data\raw\zenodo\panoramic_radiography_yolo_dataset_14_classes\train\images\891.jpg,train/images/891.jpg,train,C:\Pywork\dental\dental\data\raw\zenodo\panoramic_radiography_yolo_dataset_14_classes\train\images\218.jpg,train/images/218.jpg,train,roboflow,dhash,8,exclude
C:\Pywork\dental\dental\data\raw\zenodo\panoramic_radiography_yolo_dataset_14_classes\train\images\894.jpg,train/images/894.jpg,train,C:\Pywork\dental\dental\data\raw\zenodo\panoramic_radiography_yolo_dataset_14_classes\train\images\689.jpg,train/images/689.jpg,train,roboflow,dhash,8,exclude
C:\Pywork\dental\dental\data\raw\zenodo\panoramic_radiography_yolo_dataset_14_classes\train\images\895.jpg,train/images/895.jpg,train,C:\Pywork\dental\dental\data\raw\zenodo\panoramic_radiography_yolo_dataset_14_classes\train\images\1019.jpg,train/images/1019.jpg,train,roboflow,dhash,8,exclude
C:\Pywork\dental\dental\data\raw\zenodo\panoramic_radiography_yolo_dataset_14_classes\train\images\897.jpg,train/images/897.jpg,train,C:\Pywork\dental\dental\data\raw\zenodo\panoramic_radiography_yolo_dataset_14_classes\train\images\197.jpg,train/images/197.jpg,train,roboflow,dhash,7,exclude
C:\Pywork\dental\dental\data\raw\zenodo\panoramic_radiography_yolo_dataset_14_classes\train\images\899.jpg,train/images/899.jpg,train,C:\Pywork\dental\dental\data\raw\zenodo\panoramic_radiography_yolo_dataset_14_classes\train\images\1031.jpg,train/images/1031.jpg,train,roboflow,dhash,7,exclude
C:\Pywork\dental\dental\data\raw\zenodo\panoramic_radiography_yolo_dataset_14_classes\train\images\902.jpg,train/images/902.jpg,train,C:\Pywork\dental\dental\data\raw\zenodo\panoramic_radiography_yolo_dataset_14_classes\train\images\223.jpg,train/images/223.jpg,train,roboflow,dhash,5,exclude
C:\Pywork\dental\dental\data\raw\zenodo\panoramic_radiography_yolo_dataset_14_classes\train\images\903.jpg,train/images/903.jpg,train,C:\Pywork\dental\dental\data\raw\zenodo\panoramic_radiography_yolo_dataset_14_classes\test\images\v85.jpg,test/images/v85.jpg,test,roboflow,dhash,8,exclude
C:\Pywork\dental\dental\data\raw\zenodo\panoramic_radiography_yolo_dataset_14_classes\train\images\904.jpg,train/images/904.jpg,train,C:\Pywork\dental\dental\data\raw\zenodo\panoramic_radiography_yolo_dataset_14_classes\test\images\v80.jpg,test/images/v80.jpg,test,roboflow,dhash,7,exclude
C:\Pywork\dental\dental\data\raw\zenodo\panoramic_radiography_yolo_dataset_14_classes\train\images\907.jpg,train/images/907.jpg,train,C:\Pywork\dental\dental\data\raw\zenodo\panoramic_radiography_yolo_dataset_14_classes\train\images\295.jpg,train/images/295.jpg,train,roboflow,dhash,7,exclude
C:\Pywork\dental\dental\data\raw\zenodo\panoramic_radiography_yolo_dataset_14_classes\train\images\91.jpg,train/images/91.jpg,train,C:\Pywork\dental\dental\data\raw\zenodo\panoramic_radiography_yolo_dataset_14_classes\train\images\357.jpg,train/images/357.jpg,train,roboflow,dhash,5,exclude
C:\Pywork\dental\dental\data\raw\zenodo\panoramic_radiography_yolo_dataset_14_classes\train\images\911.jpg,train/images/911.jpg,train,C:\Pywork\dental\dental\data\raw\zenodo\panoramic_radiography_yolo_dataset_14_classes\train\images\464.jpg,train/images/464.jpg,train,roboflow,dhash,6,exclude
C:\Pywork\dental\dental\data\raw\zenodo\panoramic_radiography_yolo_dataset_14_classes\train\images\913.jpg,train/images/913.jpg,train,C:\Pywork\dental\dental\data\raw\zenodo\panoramic_radiography_yolo_dataset_14_classes\train\images\1445.jpg,train/images/1445.jpg,train,roboflow,dhash,6,exclude
C:\Pywork\dental\dental\data\raw\zenodo\panoramic_radiography_yolo_dataset_14_classes\train\images\914.jpg,train/images/914.jpg,train,C:\Pywork\dental\dental\data\raw\zenodo\panoramic_radiography_yolo_dataset_14_classes\train\images\463.jpg,train/images/463.jpg,train,roboflow,dhash,8,exclude
C:\Pywork\dental\dental\data\raw\zenodo\panoramic_radiography_yolo_dataset_14_classes\train\images\915.jpg,train/images/915.jpg,train,C:\Pywork\dental\dental\data\raw\zenodo\panoramic_radiography_yolo_dataset_14_classes\train\images\312.jpg,train/images/312.jpg,train,roboflow,dhash,7,exclude
C:\Pywork\dental\dental\data\raw\zenodo\panoramic_radiography_yolo_dataset_14_classes\train\images\917.jpg,train/images/917.jpg,train,C:\Pywork\dental\dental\data\raw\zenodo\panoramic_radiography_yolo_dataset_14_classes\train\images\1542.jpg,train/images/1542.jpg,train,roboflow,dhash,6,exclude
C:\Pywork\dental\dental\data\raw\zenodo\panoramic_radiography_yolo_dataset_14_classes\train\images\918.jpg,train/images/918.jpg,train,C:\Pywork\dental\dental\data\raw\zenodo\panoramic_radiography_yolo_dataset_14_classes\train\images\791.jpg,train/images/791.jpg,train,roboflow,dhash,7,exclude
C:\Pywork\dental\dental\data\raw\zenodo\panoramic_radiography_yolo_dataset_14_classes\train\images\919.jpg,train/images/919.jpg,train,C:\Pywork\dental\dental\data\raw\zenodo\panoramic_radiography_yolo_dataset_14_classes\train\images\196.jpg,train/images/196.jpg,train,roboflow,dhash,6,exclude
C:\Pywork\dental\dental\data\raw\zenodo\panoramic_radiography_yolo_dataset_14_classes\train\images\921.jpg,train/images/921.jpg,train,C:\Pywork\dental\dental\data\raw\zenodo\panoramic_radiography_yolo_dataset_14_classes\train\images\814.jpg,train/images/814.jpg,train,roboflow,dhash,7,exclude
C:\Pywork\dental\dental\data\raw\zenodo\panoramic_radiography_yolo_dataset_14_classes\train\images\923.jpg,train/images/923.jpg,train,C:\Pywork\dental\dental\data\raw\zenodo\panoramic_radiography_yolo_dataset_14_classes\train\images\558.jpg,train/images/558.jpg,train,roboflow,dhash,7,exclude
C:\Pywork\dental\dental\data\raw\zenodo\panoramic_radiography_yolo_dataset_14_classes\train\images\925.jpg,train/images/925.jpg,train,C:\Pywork\dental\dental\data\raw\zenodo\panoramic_radiography_yolo_dataset_14_classes\train\images\1024.jpg,train/images/1024.jpg,train,roboflow,dhash,5,exclude
C:\Pywork\dental\dental\data\raw\zenodo\panoramic_radiography_yolo_dataset_14_classes\train\images\929.jpg,train/images/929.jpg,train,C:\Pywork\dental\dental\data\raw\zenodo\panoramic_radiography_yolo_dataset_14_classes\train\images\178.jpg,train/images/178.jpg,train,roboflow,dhash,5,exclude
C:\Pywork\dental\dental\data\raw\zenodo\panoramic_radiography_yolo_dataset_14_classes\train\images\931.jpg,train/images/931.jpg,train,C:\Pywork\dental\dental\data\raw\zenodo\panoramic_radiography_yolo_dataset_14_classes\train\images\1243.jpg,train/images/1243.jpg,train,roboflow,dhash,7,exclude
C:\Pywork\dental\dental\data\raw\zenodo\panoramic_radiography_yolo_dataset_14_classes\train\images\932.jpg,train/images/932.jpg,train,C:\Pywork\dental\dental\data\raw\zenodo\panoramic_radiography_yolo_dataset_14_classes\train\images\869.jpg,train/images/869.jpg,train,roboflow,dhash,7,exclude
C:\Pywork\dental\dental\data\raw\zenodo\panoramic_radiography_yolo_dataset_14_classes\train\images\935.jpg,train/images/935.jpg,train,C:\Pywork\dental\dental\data\raw\zenodo\panoramic_radiography_yolo_dataset_14_classes\train\images\1443.jpg,train/images/1443.jpg,train,roboflow,dhash,6,exclude
C:\Pywork\dental\dental\data\raw\zenodo\panoramic_radiography_yolo_dataset_14_classes\train\images\937.jpg,train/images/937.jpg,train,C:\Pywork\dental\dental\data\raw\zenodo\panoramic_radiography_yolo_dataset_14_classes\train\images\248.jpg,train/images/248.jpg,train,roboflow,dhash,6,exclude
C:\Pywork\dental\dental\data\raw\zenodo\panoramic_radiography_yolo_dataset_14_classes\train\images\939.jpg,train/images/939.jpg,train,C:\Pywork\dental\dental\data\raw\zenodo\panoramic_radiography_yolo_dataset_14_classes\train\images\189.jpg,train/images/189.jpg,train,roboflow,dhash,7,exclude
C:\Pywork\dental\dental\data\raw\zenodo\panoramic_radiography_yolo_dataset_14_classes\train\images\942.jpg,train/images/942.jpg,train,C:\Pywork\dental\dental\data\raw\zenodo\panoramic_radiography_yolo_dataset_14_classes\train\images\655.jpg,train/images/655.jpg,train,roboflow,dhash,5,exclude
C:\Pywork\dental\dental\data\raw\zenodo\panoramic_radiography_yolo_dataset_14_classes\train\images\945.jpg,train/images/945.jpg,train,C:\Pywork\dental\dental\data\raw\zenodo\panoramic_radiography_yolo_dataset_14_classes\train\images\1548.jpg,train/images/1548.jpg,train,roboflow,dhash,6,exclude
C:\Pywork\dental\dental\data\raw\zenodo\panoramic_radiography_yolo_dataset_14_classes\train\images\95.jpg,train/images/95.jpg,train,C:\Pywork\dental\dental\data\raw\zenodo\panoramic_radiography_yolo_dataset_14_classes\train\images\43.jpg,train/images/43.jpg,train,roboflow,dhash,6,exclude
C:\Pywork\dental\dental\data\raw\zenodo\panoramic_radiography_yolo_dataset_14_classes\train\images\951.jpg,train/images/951.jpg,train,C:\Pywork\dental\dental\data\raw\zenodo\panoramic_radiography_yolo_dataset_14_classes\test\images\v15.jpg,test/images/v15.jpg,test,roboflow,dhash,7,exclude
C:\Pywork\dental\dental\data\raw\zenodo\panoramic_radiography_yolo_dataset_14_classes\train\images\955.jpg,train/images/955.jpg,train,C:\Pywork\dental\dental\data\raw\zenodo\panoramic_radiography_yolo_dataset_14_classes\train\images\406.jpg,train/images/406.jpg,train,roboflow,dhash,8,exclude
C:\Pywork\dental\dental\data\raw\zenodo\panoramic_radiography_yolo_dataset_14_classes\train\images\956.jpg,train/images/956.jpg,train,C:\Pywork\dental\dental\data\raw\zenodo\panoramic_radiography_yolo_dataset_14_classes\train\images\1324.jpg,train/images/1324.jpg,train,roboflow,dhash,6,exclude
C:\Pywork\dental\dental\data\raw\zenodo\panoramic_radiography_yolo_dataset_14_classes\train\images\963.jpg,train/images/963.jpg,train,C:\Pywork\dental\dental\data\raw\zenodo\panoramic_radiography_yolo_dataset_14_classes\train\images\786.jpg,train/images/786.jpg,train,roboflow,dhash,5,exclude
C:\Pywork\dental\dental\data\raw\zenodo\panoramic_radiography_yolo_dataset_14_classes\train\images\966.jpg,train/images/966.jpg,train,C:\Pywork\dental\dental\data\raw\zenodo\panoramic_radiography_yolo_dataset_14_classes\train\images\469.jpg,train/images/469.jpg,train,roboflow,dhash,7,exclude
C:\Pywork\dental\dental\data\raw\zenodo\panoramic_radiography_yolo_dataset_14_classes\train\images\968.jpg,train/images/968.jpg,train,C:\Pywork\dental\dental\data\raw\zenodo\panoramic_radiography_yolo_dataset_14_classes\train\images\357.jpg,train/images/357.jpg,train,roboflow,dhash,7,exclude
C:\Pywork\dental\dental\data\raw\zenodo\panoramic_radiography_yolo_dataset_14_classes\train\images\969.jpg,train/images/969.jpg,train,C:\Pywork\dental\dental\data\raw\zenodo\panoramic_radiography_yolo_dataset_14_classes\train\images\1268.jpg,train/images/1268.jpg,train,roboflow,dhash,5,exclude
C:\Pywork\dental\dental\data\raw\zenodo\panoramic_radiography_yolo_dataset_14_classes\train\images\972.jpg,train/images/972.jpg,train,C:\Pywork\dental\dental\data\raw\zenodo\panoramic_radiography_yolo_dataset_14_classes\train\images\27.jpg,train/images/27.jpg,train,roboflow,dhash,8,exclude
C:\Pywork\dental\dental\data\raw\zenodo\panoramic_radiography_yolo_dataset_14_classes\train\images\973.jpg,train/images/973.jpg,train,C:\Pywork\dental\dental\data\raw\zenodo\panoramic_radiography_yolo_dataset_14_classes\train\images\218.jpg,train/images/218.jpg,train,roboflow,dhash,7,exclude
C:\Pywork\dental\dental\data\raw\zenodo\panoramic_radiography_yolo_dataset_14_classes\train\images\974.jpg,train/images/974.jpg,train,C:\Pywork\dental\dental\data\raw\zenodo\panoramic_radiography_yolo_dataset_14_classes\train\images\1371.jpg,train/images/1371.jpg,train,roboflow,dhash,5,exclude
C:\Pywork\dental\dental\data\raw\zenodo\panoramic_radiography_yolo_dataset_14_classes\train\images\975.jpg,train/images/975.jpg,train,C:\Pywork\dental\dental\data\raw\zenodo\panoramic_radiography_yolo_dataset_14_classes\test_alte_cabinete\Ext-validation\images\101.jpg,test_alte_cabinete/Ext-validation/images/101.jpg,roboflow,roboflow,dhash,6,exclude
C:\Pywork\dental\dental\data\raw\zenodo\panoramic_radiography_yolo_dataset_14_classes\train\images\98.jpg,train/images/98.jpg,train,C:\Pywork\dental\dental\data\raw\zenodo\panoramic_radiography_yolo_dataset_14_classes\test\images\v32.jpg,test/images/v32.jpg,test,roboflow,dhash,6,exclude
C:\Pywork\dental\dental\data\raw\zenodo\panoramic_radiography_yolo_dataset_14_classes\train\images\982.jpg,train/images/982.jpg,train,C:\Pywork\dental\dental\data\raw\zenodo\panoramic_radiography_yolo_dataset_14_classes\train\images\1039.jpg,train/images/1039.jpg,train,roboflow,dhash,6,exclude
C:\Pywork\dental\dental\data\raw\zenodo\panoramic_radiography_yolo_dataset_14_classes\train\images\984.jpg,train/images/984.jpg,train,C:\Pywork\dental\dental\data\raw\zenodo\panoramic_radiography_yolo_dataset_14_classes\train\images\1045.jpg,train/images/1045.jpg,train,roboflow,dhash,6,exclude
C:\Pywork\dental\dental\data\raw\zenodo\panoramic_radiography_yolo_dataset_14_classes\train\images\985.jpg,train/images/985.jpg,train,C:\Pywork\dental\dental\data\raw\zenodo\panoramic_radiography_yolo_dataset_14_classes\train\images\1477.jpg,train/images/1477.jpg,train,roboflow,dhash,7,exclude
C:\Pywork\dental\dental\data\raw\zenodo\panoramic_radiography_yolo_dataset_14_classes\train\images\988.jpg,train/images/988.jpg,train,C:\Pywork\dental\dental\data\raw\zenodo\panoramic_radiography_yolo_dataset_14_classes\train\images\789.jpg,train/images/789.jpg,train,roboflow,dhash,8,exclude
C:\Pywork\dental\dental\data\raw\zenodo\panoramic_radiography_yolo_dataset_14_classes\train\images\989.jpg,train/images/989.jpg,train,C:\Pywork\dental\dental\data\raw\zenodo\panoramic_radiography_yolo_dataset_14_classes\train\images\313.jpg,train/images/313.jpg,train,roboflow,dhash,7,exclude
C:\Pywork\dental\dental\data\raw\zenodo\panoramic_radiography_yolo_dataset_14_classes\train\images\995.jpg,train/images/995.jpg,train,C:\Pywork\dental\dental\data\raw\zenodo\panoramic_radiography_yolo_dataset_14_classes\train\images\114.jpg,train/images/114.jpg,train,roboflow,dhash,5,exclude
C:\Pywork\dental\dental\data\raw\zenodo\panoramic_radiography_yolo_dataset_14_classes\train\images\996.jpg,train/images/996.jpg,train,C:\Pywork\dental\dental\data\raw\zenodo\panoramic_radiography_yolo_dataset_14_classes\test_alte_cabinete\Ext-validation\images\7.jpg,test_alte_cabinete/Ext-validation/images/7.jpg,roboflow,roboflow,dhash,8,exclude
C:\Pywork\dental\dental\data\raw\zenodo\panoramic_radiography_yolo_dataset_14_classes\train\images\998.jpg,train/images/998.jpg,train,C:\Pywork\dental\dental\data\raw\zenodo\panoramic_radiography_yolo_dataset_14_classes\test\images\v80.jpg,test/images/v80.jpg,test,roboflow,dhash,6,exclude
C:\Pywork\dental\dental\data\raw\zenodo\panoramic_radiography_yolo_dataset_14_classes\valid\images\10.jpg,valid/images/10.jpg,val,C:\Pywork\dental\dental\data\raw\zenodo\panoramic_radiography_yolo_dataset_14_classes\train\images\1006.jpg,train/images/1006.jpg,train,roboflow,dhash,8,exclude
C:\Pywork\dental\dental\data\raw\zenodo\panoramic_radiography_yolo_dataset_14_classes\valid\images\100.jpg,valid/images/100.jpg,val,C:\Pywork\dental\dental\data\raw\zenodo\panoramic_radiography_yolo_dataset_14_classes\test\images\v26.jpg,test/images/v26.jpg,test,roboflow,dhash,8,exclude
C:\Pywork\dental\dental\data\raw\zenodo\panoramic_radiography_yolo_dataset_14_classes\valid\images\1070.jpg,valid/images/1070.jpg,val,C:\Pywork\dental\dental\data\raw\zenodo\panoramic_radiography_yolo_dataset_14_classes\train\images\1081.jpg,train/images/1081.jpg,train,roboflow,dhash,8,exclude
C:\Pywork\dental\dental\data\raw\zenodo\panoramic_radiography_yolo_dataset_14_classes\valid\images\110.jpg,valid/images/110.jpg,val,C:\Pywork\dental\dental\data\raw\zenodo\panoramic_radiography_yolo_dataset_14_classes\train\images\6.jpg,train/images/6.jpg,train,roboflow,dhash,5,exclude
C:\Pywork\dental\dental\data\raw\zenodo\panoramic_radiography_yolo_dataset_14_classes\valid\images\1110.jpg,valid/images/1110.jpg,val,C:\Pywork\dental\dental\data\raw\zenodo\panoramic_radiography_yolo_dataset_14_classes\train\images\1165.jpg,train/images/1165.jpg,train,roboflow,dhash,7,exclude
C:\Pywork\dental\dental\data\raw\zenodo\panoramic_radiography_yolo_dataset_14_classes\valid\images\1120.jpg,valid/images/1120.jpg,val,C:\Pywork\dental\dental\data\raw\zenodo\panoramic_radiography_yolo_dataset_14_classes\train\images\112.jpg,train/images/112.jpg,train,roboflow,dhash,7,exclude
C:\Pywork\dental\dental\data\raw\zenodo\panoramic_radiography_yolo_dataset_14_classes\valid\images\1140.jpg,valid/images/1140.jpg,val,C:\Pywork\dental\dental\data\raw\zenodo\panoramic_radiography_yolo_dataset_14_classes\train\images\111.jpg,train/images/111.jpg,train,roboflow,dhash,5,exclude
C:\Pywork\dental\dental\data\raw\zenodo\panoramic_radiography_yolo_dataset_14_classes\valid\images\1150.jpg,valid/images/1150.jpg,val,C:\Pywork\dental\dental\data\raw\zenodo\panoramic_radiography_yolo_dataset_14_classes\test_alte_cabinete\Ext-validation\images\67.jpg,test_alte_cabinete/Ext-validation/images/67.jpg,roboflow,roboflow,dhash,8,exclude
C:\Pywork\dental\dental\data\raw\zenodo\panoramic_radiography_yolo_dataset_14_classes\valid\images\1160.jpg,valid/images/1160.jpg,val,C:\Pywork\dental\dental\data\raw\zenodo\panoramic_radiography_yolo_dataset_14_classes\train\images\1015.jpg,train/images/1015.jpg,train,roboflow,dhash,6,exclude
C:\Pywork\dental\dental\data\raw\zenodo\panoramic_radiography_yolo_dataset_14_classes\valid\images\1170.jpg,valid/images/1170.jpg,val,C:\Pywork\dental\dental\data\raw\zenodo\panoramic_radiography_yolo_dataset_14_classes\test\images\v85.jpg,test/images/v85.jpg,test,roboflow,dhash,7,exclude
C:\Pywork\dental\dental\data\raw\zenodo\panoramic_radiography_yolo_dataset_14_classes\valid\images\1220.jpg,valid/images/1220.jpg,val,C:\Pywork\dental\dental\data\raw\zenodo\panoramic_radiography_yolo_dataset_14_classes\train\images\878.jpg,train/images/878.jpg,train,roboflow,dhash,5,exclude
C:\Pywork\dental\dental\data\raw\zenodo\panoramic_radiography_yolo_dataset_14_classes\valid\images\1250.jpg,valid/images/1250.jpg,val,C:\Pywork\dental\dental\data\raw\zenodo\panoramic_radiography_yolo_dataset_14_classes\train\images\1443.jpg,train/images/1443.jpg,train,roboflow,dhash,6,exclude
C:\Pywork\dental\dental\data\raw\zenodo\panoramic_radiography_yolo_dataset_14_classes\valid\images\1260.jpg,valid/images/1260.jpg,val,C:\Pywork\dental\dental\data\raw\zenodo\panoramic_radiography_yolo_dataset_14_classes\train\images\1041.jpg,train/images/1041.jpg,train,roboflow,dhash,6,exclude
C:\Pywork\dental\dental\data\raw\zenodo\panoramic_radiography_yolo_dataset_14_classes\valid\images\1270.jpg,valid/images/1270.jpg,val,C:\Pywork\dental\dental\data\raw\zenodo\panoramic_radiography_yolo_dataset_14_classes\train\images\717.jpg,train/images/717.jpg,train,roboflow,dhash,7,exclude
C:\Pywork\dental\dental\data\raw\zenodo\panoramic_radiography_yolo_dataset_14_classes\valid\images\130.jpg,valid/images/130.jpg,val,C:\Pywork\dental\dental\data\raw\zenodo\panoramic_radiography_yolo_dataset_14_classes\train\images\1138.jpg,train/images/1138.jpg,train,roboflow,dhash,7,exclude
C:\Pywork\dental\dental\data\raw\zenodo\panoramic_radiography_yolo_dataset_14_classes\valid\images\1320.jpg,valid/images/1320.jpg,val,C:\Pywork\dental\dental\data\raw\zenodo\panoramic_radiography_yolo_dataset_14_classes\train\images\1337.jpg,train/images/1337.jpg,train,roboflow,dhash,8,exclude
C:\Pywork\dental\dental\data\raw\zenodo\panoramic_radiography_yolo_dataset_14_classes\valid\images\1330.jpg,valid/images/1330.jpg,val,C:\Pywork\dental\dental\data\raw\zenodo\panoramic_radiography_yolo_dataset_14_classes\train\images\425.jpg,train/images/425.jpg,train,roboflow,dhash,8,exclude
C:\Pywork\dental\dental\data\raw\zenodo\panoramic_radiography_yolo_dataset_14_classes\valid\images\1340.jpg,valid/images/1340.jpg,val,C:\Pywork\dental\dental\data\raw\zenodo\panoramic_radiography_yolo_dataset_14_classes\test\images\v1.jpg,test/images/v1.jpg,test,roboflow,dhash,7,exclude
C:\Pywork\dental\dental\data\raw\zenodo\panoramic_radiography_yolo_dataset_14_classes\valid\images\1350.jpg,valid/images/1350.jpg,val,C:\Pywork\dental\dental\data\raw\zenodo\panoramic_radiography_yolo_dataset_14_classes\train\images\194.jpg,train/images/194.jpg,train,roboflow,dhash,6,exclude
C:\Pywork\dental\dental\data\raw\zenodo\panoramic_radiography_yolo_dataset_14_classes\valid\images\1360.jpg,valid/images/1360.jpg,val,C:\Pywork\dental\dental\data\raw\zenodo\panoramic_radiography_yolo_dataset_14_classes\train\images\1138.jpg,train/images/1138.jpg,train,roboflow,dhash,8,exclude
C:\Pywork\dental\dental\data\raw\zenodo\panoramic_radiography_yolo_dataset_14_classes\valid\images\1380.jpg,valid/images/1380.jpg,val,C:\Pywork\dental\dental\data\raw\zenodo\panoramic_radiography_yolo_dataset_14_classes\test\images\v42.jpg,test/images/v42.jpg,test,roboflow,dhash,8,exclude
C:\Pywork\dental\dental\data\raw\zenodo\panoramic_radiography_yolo_dataset_14_classes\valid\images\1420.jpg,valid/images/1420.jpg,val,C:\Pywork\dental\dental\data\raw\zenodo\panoramic_radiography_yolo_dataset_14_classes\test\images\v40.jpg,test/images/v40.jpg,test,roboflow,dhash,8,exclude
C:\Pywork\dental\dental\data\raw\zenodo\panoramic_radiography_yolo_dataset_14_classes\valid\images\1430.jpg,valid/images/1430.jpg,val,C:\Pywork\dental\dental\data\raw\zenodo\panoramic_radiography_yolo_dataset_14_classes\train\images\1113.jpg,train/images/1113.jpg,train,roboflow,dhash,8,exclude
C:\Pywork\dental\dental\data\raw\zenodo\panoramic_radiography_yolo_dataset_14_classes\valid\images\1460.jpg,valid/images/1460.jpg,val,C:\Pywork\dental\dental\data\raw\zenodo\panoramic_radiography_yolo_dataset_14_classes\train\images\1549.jpg,train/images/1549.jpg,train,roboflow,dhash,6,exclude
C:\Pywork\dental\dental\data\raw\zenodo\panoramic_radiography_yolo_dataset_14_classes\valid\images\1470.jpg,valid/images/1470.jpg,val,C:\Pywork\dental\dental\data\raw\zenodo\panoramic_radiography_yolo_dataset_14_classes\train\images\95.jpg,train/images/95.jpg,train,roboflow,dhash,7,exclude
C:\Pywork\dental\dental\data\raw\zenodo\panoramic_radiography_yolo_dataset_14_classes\valid\images\1530.jpg,valid/images/1530.jpg,val,C:\Pywork\dental\dental\data\raw\zenodo\panoramic_radiography_yolo_dataset_14_classes\train\images\1324.jpg,train/images/1324.jpg,train,roboflow,dhash,8,exclude
C:\Pywork\dental\dental\data\raw\zenodo\panoramic_radiography_yolo_dataset_14_classes\valid\images\1540.jpg,valid/images/1540.jpg,val,C:\Pywork\dental\dental\data\raw\zenodo\panoramic_radiography_yolo_dataset_14_classes\test\images\v15.jpg,test/images/v15.jpg,test,roboflow,dhash,7,exclude
C:\Pywork\dental\dental\data\raw\zenodo\panoramic_radiography_yolo_dataset_14_classes\valid\images\170.jpg,valid/images/170.jpg,val,C:\Pywork\dental\dental\data\raw\zenodo\panoramic_radiography_yolo_dataset_14_classes\train\images\712.jpg,train/images/712.jpg,train,roboflow,dhash,8,exclude
C:\Pywork\dental\dental\data\raw\zenodo\panoramic_radiography_yolo_dataset_14_classes\valid\images\180.jpg,valid/images/180.jpg,val,C:\Pywork\dental\dental\data\raw\zenodo\panoramic_radiography_yolo_dataset_14_classes\test\images\v72.jpg,test/images/v72.jpg,test,roboflow,dhash,8,exclude
C:\Pywork\dental\dental\data\raw\zenodo\panoramic_radiography_yolo_dataset_14_classes\valid\images\200.jpg,valid/images/200.jpg,val,C:\Pywork\dental\dental\data\raw\zenodo\panoramic_radiography_yolo_dataset_14_classes\train\images\791.jpg,train/images/791.jpg,train,roboflow,dhash,5,exclude
C:\Pywork\dental\dental\data\raw\zenodo\panoramic_radiography_yolo_dataset_14_classes\valid\images\240.jpg,valid/images/240.jpg,val,C:\Pywork\dental\dental\data\raw\zenodo\panoramic_radiography_yolo_dataset_14_classes\train\images\595.jpg,train/images/595.jpg,train,roboflow,dhash,7,exclude
C:\Pywork\dental\dental\data\raw\zenodo\panoramic_radiography_yolo_dataset_14_classes\valid\images\260.jpg,valid/images/260.jpg,val,C:\Pywork\dental\dental\data\raw\zenodo\panoramic_radiography_yolo_dataset_14_classes\train\images\928.jpg,train/images/928.jpg,train,roboflow,dhash,5,exclude
C:\Pywork\dental\dental\data\raw\zenodo\panoramic_radiography_yolo_dataset_14_classes\valid\images\290.jpg,valid/images/290.jpg,val,C:\Pywork\dental\dental\data\raw\zenodo\panoramic_radiography_yolo_dataset_14_classes\train\images\1446.jpg,train/images/1446.jpg,train,roboflow,dhash,7,exclude
C:\Pywork\dental\dental\data\raw\zenodo\panoramic_radiography_yolo_dataset_14_classes\valid\images\30.jpg,valid/images/30.jpg,val,C:\Pywork\dental\dental\data\raw\zenodo\panoramic_radiography_yolo_dataset_14_classes\train\images\925.jpg,train/images/925.jpg,train,roboflow,dhash,7,exclude
C:\Pywork\dental\dental\data\raw\zenodo\panoramic_radiography_yolo_dataset_14_classes\valid\images\300.jpg,valid/images/300.jpg,val,C:\Pywork\dental\dental\data\raw\zenodo\panoramic_radiography_yolo_dataset_14_classes\train\images\994.jpg,train/images/994.jpg,train,roboflow,dhash,7,exclude
C:\Pywork\dental\dental\data\raw\zenodo\panoramic_radiography_yolo_dataset_14_classes\valid\images\420.jpg,valid/images/420.jpg,val,C:\Pywork\dental\dental\data\raw\zenodo\panoramic_radiography_yolo_dataset_14_classes\train\images\74.jpg,train/images/74.jpg,train,roboflow,dhash,7,exclude
C:\Pywork\dental\dental\data\raw\zenodo\panoramic_radiography_yolo_dataset_14_classes\valid\images\430.jpg,valid/images/430.jpg,val,C:\Pywork\dental\dental\data\raw\zenodo\panoramic_radiography_yolo_dataset_14_classes\test_alte_cabinete\Ext-validation\images\180.jpg,test_alte_cabinete/Ext-validation/images/180.jpg,roboflow,roboflow,dhash,7,exclude
C:\Pywork\dental\dental\data\raw\zenodo\panoramic_radiography_yolo_dataset_14_classes\valid\images\460.jpg,valid/images/460.jpg,val,C:\Pywork\dental\dental\data\raw\zenodo\panoramic_radiography_yolo_dataset_14_classes\train\images\527.jpg,train/images/527.jpg,train,roboflow,dhash,8,exclude
C:\Pywork\dental\dental\data\raw\zenodo\panoramic_radiography_yolo_dataset_14_classes\valid\images\50.jpg,valid/images/50.jpg,val,C:\Pywork\dental\dental\data\raw\zenodo\panoramic_radiography_yolo_dataset_14_classes\train\images\615.jpg,train/images/615.jpg,train,roboflow,dhash,8,exclude
C:\Pywork\dental\dental\data\raw\zenodo\panoramic_radiography_yolo_dataset_14_classes\valid\images\500.jpg,valid/images/500.jpg,val,C:\Pywork\dental\dental\data\raw\zenodo\panoramic_radiography_yolo_dataset_14_classes\train\images\262.jpg,train/images/262.jpg,train,roboflow,dhash,7,exclude
C:\Pywork\dental\dental\data\raw\zenodo\panoramic_radiography_yolo_dataset_14_classes\valid\images\530.jpg,valid/images/530.jpg,val,C:\Pywork\dental\dental\data\raw\zenodo\panoramic_radiography_yolo_dataset_14_classes\train\images\1468.jpg,train/images/1468.jpg,train,roboflow,dhash,6,exclude
C:\Pywork\dental\dental\data\raw\zenodo\panoramic_radiography_yolo_dataset_14_classes\valid\images\560.jpg,valid/images/560.jpg,val,C:\Pywork\dental\dental\data\raw\zenodo\panoramic_radiography_yolo_dataset_14_classes\train\images\1024.jpg,train/images/1024.jpg,train,roboflow,dhash,6,exclude
C:\Pywork\dental\dental\data\raw\zenodo\panoramic_radiography_yolo_dataset_14_classes\valid\images\60.jpg,valid/images/60.jpg,val,C:\Pywork\dental\dental\data\raw\zenodo\panoramic_radiography_yolo_dataset_14_classes\train\images\667.jpg,train/images/667.jpg,train,roboflow,dhash,8,exclude
C:\Pywork\dental\dental\data\raw\zenodo\panoramic_radiography_yolo_dataset_14_classes\valid\images\600.jpg,valid/images/600.jpg,val,C:\Pywork\dental\dental\data\raw\zenodo\panoramic_radiography_yolo_dataset_14_classes\train\images\1319.jpg,train/images/1319.jpg,train,roboflow,dhash,6,exclude
C:\Pywork\dental\dental\data\raw\zenodo\panoramic_radiography_yolo_dataset_14_classes\valid\images\610.jpg,valid/images/610.jpg,val,C:\Pywork\dental\dental\data\raw\zenodo\panoramic_radiography_yolo_dataset_14_classes\train\images\361.jpg,train/images/361.jpg,train,roboflow,dhash,8,exclude
C:\Pywork\dental\dental\data\raw\zenodo\panoramic_radiography_yolo_dataset_14_classes\valid\images\620.jpg,valid/images/620.jpg,val,C:\Pywork\dental\dental\data\raw\zenodo\panoramic_radiography_yolo_dataset_14_classes\train\images\1017.jpg,train/images/1017.jpg,train,roboflow,dhash,7,exclude
C:\Pywork\dental\dental\data\raw\zenodo\panoramic_radiography_yolo_dataset_14_classes\valid\images\640.jpg,valid/images/640.jpg,val,C:\Pywork\dental\dental\data\raw\zenodo\panoramic_radiography_yolo_dataset_14_classes\train\images\36.jpg,train/images/36.jpg,train,roboflow,dhash,6,exclude
C:\Pywork\dental\dental\data\raw\zenodo\panoramic_radiography_yolo_dataset_14_classes\valid\images\650.jpg,valid/images/650.jpg,val,C:\Pywork\dental\dental\data\raw\zenodo\panoramic_radiography_yolo_dataset_14_classes\train\images\201.jpg,train/images/201.jpg,train,roboflow,dhash,8,exclude
C:\Pywork\dental\dental\data\raw\zenodo\panoramic_radiography_yolo_dataset_14_classes\valid\images\660.jpg,valid/images/660.jpg,val,C:\Pywork\dental\dental\data\raw\zenodo\panoramic_radiography_yolo_dataset_14_classes\train\images\556.jpg,train/images/556.jpg,train,roboflow,dhash,8,exclude
C:\Pywork\dental\dental\data\raw\zenodo\panoramic_radiography_yolo_dataset_14_classes\valid\images\670.jpg,valid/images/670.jpg,val,C:\Pywork\dental\dental\data\raw\zenodo\panoramic_radiography_yolo_dataset_14_classes\train\images\307.jpg,train/images/307.jpg,train,roboflow,dhash,6,exclude
C:\Pywork\dental\dental\data\raw\zenodo\panoramic_radiography_yolo_dataset_14_classes\valid\images\680.jpg,valid/images/680.jpg,val,C:\Pywork\dental\dental\data\raw\zenodo\panoramic_radiography_yolo_dataset_14_classes\train\images\1466.jpg,train/images/1466.jpg,train,roboflow,dhash,7,exclude
C:\Pywork\dental\dental\data\raw\zenodo\panoramic_radiography_yolo_dataset_14_classes\valid\images\690.jpg,valid/images/690.jpg,val,C:\Pywork\dental\dental\data\raw\zenodo\panoramic_radiography_yolo_dataset_14_classes\train\images\1039.jpg,train/images/1039.jpg,train,roboflow,dhash,5,exclude
C:\Pywork\dental\dental\data\raw\zenodo\panoramic_radiography_yolo_dataset_14_classes\valid\images\730.jpg,valid/images/730.jpg,val,C:\Pywork\dental\dental\data\raw\zenodo\panoramic_radiography_yolo_dataset_14_classes\train\images\765.jpg,train/images/765.jpg,train,roboflow,dhash,8,exclude
C:\Pywork\dental\dental\data\raw\zenodo\panoramic_radiography_yolo_dataset_14_classes\valid\images\740.jpg,valid/images/740.jpg,val,C:\Pywork\dental\dental\data\raw\zenodo\panoramic_radiography_yolo_dataset_14_classes\train\images\1191.jpg,train/images/1191.jpg,train,roboflow,dhash,6,exclude
C:\Pywork\dental\dental\data\raw\zenodo\panoramic_radiography_yolo_dataset_14_classes\valid\images\750.jpg,valid/images/750.jpg,val,C:\Pywork\dental\dental\data\raw\zenodo\panoramic_radiography_yolo_dataset_14_classes\train\images\966.jpg,train/images/966.jpg,train,roboflow,dhash,6,exclude
C:\Pywork\dental\dental\data\raw\zenodo\panoramic_radiography_yolo_dataset_14_classes\valid\images\760.jpg,valid/images/760.jpg,val,C:\Pywork\dental\dental\data\raw\zenodo\panoramic_radiography_yolo_dataset_14_classes\train\images\764.jpg,train/images/764.jpg,train,roboflow,dhash,8,exclude
C:\Pywork\dental\dental\data\raw\zenodo\panoramic_radiography_yolo_dataset_14_classes\valid\images\770.jpg,valid/images/770.jpg,val,C:\Pywork\dental\dental\data\raw\zenodo\panoramic_radiography_yolo_dataset_14_classes\train\images\1449.jpg,train/images/1449.jpg,train,roboflow,dhash,7,exclude
C:\Pywork\dental\dental\data\raw\zenodo\panoramic_radiography_yolo_dataset_14_classes\valid\images\790.jpg,valid/images/790.jpg,val,C:\Pywork\dental\dental\data\raw\zenodo\panoramic_radiography_yolo_dataset_14_classes\train\images\1324.jpg,train/images/1324.jpg,train,roboflow,dhash,6,exclude
C:\Pywork\dental\dental\data\raw\zenodo\panoramic_radiography_yolo_dataset_14_classes\valid\images\80.jpg,valid/images/80.jpg,val,C:\Pywork\dental\dental\data\raw\zenodo\panoramic_radiography_yolo_dataset_14_classes\train\images\361.jpg,train/images/361.jpg,train,roboflow,dhash,6,exclude
C:\Pywork\dental\dental\data\raw\zenodo\panoramic_radiography_yolo_dataset_14_classes\valid\images\810.jpg,valid/images/810.jpg,val,C:\Pywork\dental\dental\data\raw\zenodo\panoramic_radiography_yolo_dataset_14_classes\train\images\1445.jpg,train/images/1445.jpg,train,roboflow,dhash,6,exclude
C:\Pywork\dental\dental\data\raw\zenodo\panoramic_radiography_yolo_dataset_14_classes\valid\images\820.jpg,valid/images/820.jpg,val,C:\Pywork\dental\dental\data\raw\zenodo\panoramic_radiography_yolo_dataset_14_classes\train\images\33.jpg,train/images/33.jpg,train,roboflow,dhash,7,exclude
C:\Pywork\dental\dental\data\raw\zenodo\panoramic_radiography_yolo_dataset_14_classes\valid\images\850.jpg,valid/images/850.jpg,val,C:\Pywork\dental\dental\data\raw\zenodo\panoramic_radiography_yolo_dataset_14_classes\train\images\633.jpg,train/images/633.jpg,train,roboflow,dhash,5,exclude
C:\Pywork\dental\dental\data\raw\zenodo\panoramic_radiography_yolo_dataset_14_classes\valid\images\870.jpg,valid/images/870.jpg,val,C:\Pywork\dental\dental\data\raw\zenodo\panoramic_radiography_yolo_dataset_14_classes\train\images\369.jpg,train/images/369.jpg,train,roboflow,dhash,5,exclude
C:\Pywork\dental\dental\data\raw\zenodo\panoramic_radiography_yolo_dataset_14_classes\valid\images\880.jpg,valid/images/880.jpg,val,C:\Pywork\dental\dental\data\raw\zenodo\panoramic_radiography_yolo_dataset_14_classes\train\images\206.jpg,train/images/206.jpg,train,roboflow,dhash,7,exclude
C:\Pywork\dental\dental\data\raw\zenodo\panoramic_radiography_yolo_dataset_14_classes\valid\images\90.jpg,valid/images/90.jpg,val,C:\Pywork\dental\dental\data\raw\zenodo\panoramic_radiography_yolo_dataset_14_classes\train\images\1497.jpg,train/images/1497.jpg,train,roboflow,dhash,7,exclude
C:\Pywork\dental\dental\data\raw\zenodo\panoramic_radiography_yolo_dataset_14_classes\valid\images\900.jpg,valid/images/900.jpg,val,C:\Pywork\dental\dental\data\raw\zenodo\panoramic_radiography_yolo_dataset_14_classes\train\images\616.jpg,train/images/616.jpg,train,roboflow,dhash,6,exclude
C:\Pywork\dental\dental\data\raw\zenodo\panoramic_radiography_yolo_dataset_14_classes\valid\images\930.jpg,valid/images/930.jpg,val,C:\Pywork\dental\dental\data\raw\zenodo\panoramic_radiography_yolo_dataset_14_classes\test\images\v68.jpg,test/images/v68.jpg,test,roboflow,dhash,7,exclude
C:\Pywork\dental\dental\data\raw\zenodo\panoramic_radiography_yolo_dataset_14_classes\valid\images\950.jpg,valid/images/950.jpg,val,C:\Pywork\dental\dental\data\raw\zenodo\panoramic_radiography_yolo_dataset_14_classes\train\images\307.jpg,train/images/307.jpg,train,roboflow,dhash,6,exclude
