roboflow_path,roboflow_rel_path,roboflow_split,match_path,match_rel_path,match_split,source,method,distance,decision
C:\Pywork\dental\dental\data\raw\zenodo\panoramic_radiography_yolo_dataset_14_classes\test\images\v1.jpg,test/images/v1.jpg,test,C:\Pywork\dental\dental\data\detection_hierarchical\images\test\umfih_v1.jpg,umfih_v1.jpg,test,existing,dhash,0,exclude
C:\Pywork\dental\dental\data\raw\zenodo\panoramic_radiography_yolo_dataset_14_classes\test\images\v10.jpg,test/images/v10.jpg,test,C:\Pywork\dental\dental\data\detection_hierarchical\images\test\umfih_v10.jpg,umfih_v10.jpg,test,existing,dhash,0,exclude
C:\Pywork\dental\dental\data\raw\zenodo\panoramic_radiography_yolo_dataset_14_classes\test\images\v100.jpg,test/images/v100.jpg,test,C:\Pywork\dental\dental\data\detection_hierarchical\images\test\umfih_v100.jpg,umfih_v100.jpg,test,existing,dhash,0,exclude
C:\Pywork\dental\dental\data\raw\zenodo\panoramic_radiography_yolo_dataset_14_classes\test\images\v11.jpg,test/images/v11.jpg,test,C:\Pywork\dental\dental\data\detection_hierarchical\images\test\umfih_v11.jpg,umfih_v11.jpg,test,existing,dhash,0,exclude
C:\Pywork\dental\dental\data\raw\zenodo\panoramic_radiography_yolo_dataset_14_classes\test\images\v12.jpg,test/images/v12.jpg,test,C:\Pywork\dental\dental\data\detection_hierarchical\images\test\umfih_v12.jpg,umfih_v12.jpg,test,existing,dhash,0,exclude
C:\Pywork\dental\dental\data\raw\zenodo\panoramic_radiography_yolo_dataset_14_classes\test\images\v13.jpg,test/images/v13.jpg,test,C:\Pywork\dental\dental\data\detection_hierarchical\images\test\umfih_v13.jpg,umfih_v13.jpg,test,existing,dhash,0,exclude
C:\Pywork\dental\dental\data\raw\zenodo\panoramic_radiography_yolo_dataset_14_classes\test\images\v14.jpg,test/images/v14.jpg,test,C:\Pywork\dental\dental\data\detection_hierarchical\images\test\umfih_v13.jpg,umfih_v13.jpg,test,existing,dhash,0,exclude
C:\Pywork\dental\dental\data\raw\zenodo\panoramic_radiography_yolo_dataset_14_classes\test\images\v16.jpg,test/images/v16.jpg,test,C:\Pywork\dental\dental\data\detection_hierarchical\images\test\umfih_v16.jpg,umfih_v16.jpg,test,existing,dhash,0,exclude
C:\Pywork\dental\dental\data\raw\zenodo\panoramic_radiography_yolo_dataset_14_classes\test\images\v17.jpg,test/images/v17.jpg,test,C:\Pywork\dental\dental\data\detection_hierarchical\images\test\umfih_v17.jpg,umfih_v17.jpg,test,existing,dhash,0,exclude
C:\Pywork\dental\dental\data\raw\zenodo\panoramic_radiography_yolo_dataset_14_classes\test\images\v18.jpg,test/images/v18.jpg,test,C:\Pywork\dental\dental\data\detection_hierarchical\images\test\umfih_v18.jpg,umfih_v18.jpg,test,existing,dhash,0,exclude
C:\Pywork\dental\dental\data\raw\zenodo\panoramic_radiography_yolo_dataset_14_classes\test\images\v19.jpg,test/images/v19.jpg,test,C:\Pywork\dental\dental\data\detection_hierarchical\images\test\umfih_v19.jpg,umfih_v19.jpg,test,existing,dhash,0,exclude
C:\Pywork\dental\dental\data\raw\zenodo\panoramic_radiography_yolo_dataset_14_classes\test\images\v2.jpg,test/images/v2.jpg,test,C:\Pywork\dental\dental\data\detection_hierarchical\images\test\umfih_v2.jpg,umfih_v2.jpg,test,existing,dhash,0,exclude
C:\Pywork\dental\dental\data\raw\zenodo\panoramic_radiography_yolo_dataset_14_classes\test\images\v20.jpg,test/images/v20.jpg,test,C:\Pywork\dental\dental\data\detection_hierarchical\images\test\umfih_v20.jpg,umfih_v20.jpg,test,existing,dhash,0,exclude
C:\Pywork\dental\dental\data\raw\zenodo\panoramic_radiography_yolo_dataset_14_classes\test\images\v21.jpg,test/images/v21.jpg,test,C:\Pywork\dental\dental\data\detection_hierarchical\images\test\umfih_v21.jpg,umfih_v21.jpg,test,existing,dhash,0,exclude
C:\Pywork\dental\dental\data\raw\zenodo\panoramic_radiography_yolo_dataset_14_classes\test\images\v22.jpg,test/images/v22.jpg,test,C:\Pywork\dental\dental\data\detection_hierarchical\images\test\umfih_v22.jpg,umfih_v22.jpg,test,existing,dhash,0,exclude
C:\Pywork\dental\dental\data\raw\zenodo\panoramic_radiography_yolo_dataset_14_classes\test\images\v24.jpg,test/images/v24.jpg,test,C:\Pywork\dental\dental\data\detection_hierarchical\images\test\umfih_v24.jpg,umfih_v24.jpg,test,existing,dhash,0,exclude
C:\Pywork\dental\dental\data\raw\zenodo\panoramic_radiography_yolo_dataset_14_classes\test\images\v25.jpg,test/images/v25.jpg,test,C:\Pywork\dental\dental\data\detection_hierarchical\images\test\umfih_v25.jpg,umfih_v25.jpg,test,existing,dhash,0,exclude
C:\Pywork\dental\dental\data\raw\zenodo\panoramic_radiography_yolo_dataset_14_classes\test\images\v27.jpg,test/images/v27.jpg,test,C:\Pywork\dental\dental\data\detection_hierarchical\images\test\umfih_v27.jpg,umfih_v27.jpg,test,existing,dhash,0,exclude
C:\Pywork\dental\dental\data\raw\zenodo\panoramic_radiography_yolo_dataset_14_classes\test\images\v29.jpg,test/images/v29.jpg,test,C:\Pywork\dental\dental\data\detection_hierarchical\images\test\umfih_v29.jpg,umfih_v29.jpg,test,existing,dhash,0,exclude
C:\Pywork\dental\dental\data\raw\zenodo\panoramic_radiography_yolo_dataset_14_classes\test\images\v3.jpg,test/images/v3.jpg,test,C:\Pywork\dental\dental\data\detection_hierarchical\images\test\umfih_v3.jpg,umfih_v3.jpg,test,existing,dhash,0,exclude
C:\Pywork\dental\dental\data\raw\zenodo\panoramic_radiography_yolo_dataset_14_classes\test\images\v30.jpg,test/images/v30.jpg,test,C:\Pywork\dental\dental\data\detection_hierarchical\images\test\umfih_v30.jpg,umfih_v30.jpg,test,existing,dhash,0,exclude
C:\Pywork\dental\dental\data\raw\zenodo\panoramic_radiography_yolo_dataset_14_classes\test\images\v31.jpg,test/images/v31.jpg,test,C:\Pywork\dental\dental\data\detection_hierarchical\images\test\umfih_v31.jpg,umfih_v31.jpg,test,existing,dhash,0,exclude
C:\Pywork\dental\dental\data\raw\zenodo\panoramic_radiography_yolo_dataset_14_classes\test\images\v32.jpg,test/images/v32.jpg,test,C:\Pywork\dental\dental\data\detection_hierarchical\images\test\umfih_v32.jpg,umfih_v32.jpg,test,existing,dhash,0,exclude
C:\Pywork\dental\dental\data\raw\zenodo\panoramic_radiography_yolo_dataset_14_classes\test\images\v33.jpg,test/images/v33.jpg,test,C:\Pywork\dental\dental\data\detection_hierarchical\images\test\umfih_v32.jpg,umfih_v32.jpg,test,existing,dhash,0,exclude
C:\Pywork\dental\dental\data\raw\zenodo\panoramic_radiography_yolo_dataset_14_classes\test\images\v34.jpg,test/images/v34.jpg,test,C:\Pywork\dental\dental\data\detection_hierarchical\images\test\umfih_v34.jpg,umfih_v34.jpg,test,existing,dhash,0,exclude
C:\Pywork\dental\dental\data\raw\zenodo\panoramic_radiography_yolo_dataset_14_classes\test\images\v35.jpg,test/images/v35.jpg,test,C:\Pywork\dental\dental\data\detection_hierarchical\images\test\umfih_v35.jpg,umfih_v35.jpg,test,existing,dhash,0,exclude
C:\Pywork\dental\dental\data\raw\zenodo\panoramic_radiography_yolo_dataset_14_classes\test\images\v37.jpg,test/images/v37.jpg,test,C:\Pywork\dental\dental\data\detection_hierarchical\images\test\umfih_v37.jpg,umfih_v37.jpg,test,existing,dhash,0,exclude
C:\Pywork\dental\dental\data\raw\zenodo\panoramic_radiography_yolo_dataset_14_classes\test\images\v38.jpg,test/images/v38.jpg,test,C:\Pywork\dental\dental\data\detection_hierarchical\images\test\umfih_v38.jpg,umfih_v38.jpg,test,existing,dhash,0,exclude
C:\Pywork\dental\dental\data\raw\zenodo\panoramic_radiography_yolo_dataset_14_classes\test\images\v39.jpg,test/images/v39.jpg,test,C:\Pywork\dental\dental\data\detection_hierarchical\images\test\cx_029189.jpg,cx_029189.jpg,test,existing,dhash,1,exclude
C:\Pywork\dental\dental\data\raw\zenodo\panoramic_radiography_yolo_dataset_14_classes\test\images\v4.jpg,test/images/v4.jpg,test,C:\Pywork\dental\dental\data\detection_hierarchical\images\test\umfih_v4.jpg,umfih_v4.jpg,test,existing,dhash,0,exclude
C:\Pywork\dental\dental\data\raw\zenodo\panoramic_radiography_yolo_dataset_14_classes\test\images\v40.jpg,test/images/v40.jpg,test,C:\Pywork\dental\dental\data\detection_hierarchical\images\test\umfih_v40.jpg,umfih_v40.jpg,test,existing,dhash,0,exclude
C:\Pywork\dental\dental\data\raw\zenodo\panoramic_radiography_yolo_dataset_14_classes\test\images\v41.jpg,test/images/v41.jpg,test,C:\Pywork\dental\dental\data\detection_hierarchical\images\test\umfih_v41.jpg,umfih_v41.jpg,test,existing,dhash,0,exclude
C:\Pywork\dental\dental\data\raw\zenodo\panoramic_radiography_yolo_dataset_14_classes\test\images\v42.jpg,test/images/v42.jpg,test,C:\Pywork\dental\dental\data\detection_hierarchical\images\test\umfih_v42.jpg,umfih_v42.jpg,test,existing,dhash,0,exclude
C:\Pywork\dental\dental\data\raw\zenodo\panoramic_radiography_yolo_dataset_14_classes\test\images\v44.jpg,test/images/v44.jpg,test,C:\Pywork\dental\dental\data\detection_hierarchical\images\test\umfih_v44.jpg,umfih_v44.jpg,test,existing,dhash,0,exclude
C:\Pywork\dental\dental\data\raw\zenodo\panoramic_radiography_yolo_dataset_14_classes\test\images\v45.jpg,test/images/v45.jpg,test,C:\Pywork\dental\dental\data\detection_hierarchical\images\test\umfih_v45.jpg,umfih_v45.jpg,test,existing,dhash,0,exclude
C:\Pywork\dental\dental\data\raw\zenodo\panoramic_radiography_yolo_dataset_14_classes\test\images\v46.jpg,test/images/v46.jpg,test,C:\Pywork\dental\dental\data\detection_hierarchical\images\test\umfih_v46.jpg,umfih_v46.jpg,test,existing,dhash,0,exclude
C:\Pywork\dental\dental\data\raw\zenodo\panoramic_radiography_yolo_dataset_14_classes\test\images\v47.jpg,test/images/v47.jpg,test,C:\Pywork\dental\dental\data\detection_hierarchical\images\test\umfih_v47.jpg,umfih_v47.jpg,test,existing,dhash,0,exclude
C:\Pywork\dental\dental\data\raw\zenodo\panoramic_radiography_yolo_dataset_14_classes\test\images\v49.jpg,test/images/v49.jpg,test,C:\Pywork\dental\dental\data\detection_hierarchical\images\test\umfih_v49.jpg,umfih_v49.jpg,test,existing,dhash,0,exclude
C:\Pywork\dental\dental\data\raw\zenodo\panoramic_radiography_yolo_dataset_14_classes\test\images\v5.jpg,test/images/v5.jpg,test,C:\Pywork\dental\dental\data\detection_hierarchical\images\test\umfih_v5.jpg,umfih_v5.jpg,test,existing,dhash,0,exclude
C:\Pywork\dental\dental\data\raw\zenodo\panoramic_radiography_yolo_dataset_14_classes\test\images\v50.jpg,test/images/v50.jpg,test,C:\Pywork\dental\dental\data\detection_hierarchical\images\test\umfih_v50.jpg,umfih_v50.jpg,test,existing,dhash,0,exclude
C:\Pywork\dental\dental\data\raw\zenodo\panoramic_radiography_yolo_dataset_14_classes\test\images\v51.jpg,test/images/v51.jpg,test,C:\Pywork\dental\dental\data\detection_hierarchical\images\test\umfih_v51.jpg,umfih_v51.jpg,test,existing,dhash,0,exclude
C:\Pywork\dental\dental\data\raw\zenodo\panoramic_radiography_yolo_dataset_14_classes\test\images\v53.jpg,test/images/v53.jpg,test,C:\Pywork\dental\dental\data\detection_hierarchical\images\test\umfih_v53.jpg,umfih_v53.jpg,test,existing,dhash,0,exclude
C:\Pywork\dental\dental\data\raw\zenodo\panoramic_radiography_yolo_dataset_14_classes\test\images\v54.jpg,test/images/v54.jpg,test,C:\Pywork\dental\dental\data\detection_hierarchical\images\test\umfih_v54.jpg,umfih_v54.jpg,test,existing,dhash,0,exclude
C:\Pywork\dental\dental\data\raw\zenodo\panoramic_radiography_yolo_dataset_14_classes\test\images\v55.jpg,test/images/v55.jpg,test,C:\Pywork\dental\dental\data\detection_hierarchical\images\test\umfih_v55.jpg,umfih_v55.jpg,test,existing,dhash,0,exclude
C:\Pywork\dental\dental\data\raw\zenodo\panoramic_radiography_yolo_dataset_14_classes\test\images\v56.jpg,test/images/v56.jpg,test,C:\Pywork\dental\dental\data\detection_hierarchical\images\test\umfih_v56.jpg,umfih_v56.jpg,test,existing,dhash,0,exclude
C:\Pywork\dental\dental\data\raw\zenodo\panoramic_radiography_yolo_dataset_14_classes\test\images\v57.jpg,test/images/v57.jpg,test,C:\Pywork\dental\dental\data\detection_hierarchical\images\test\umfih_v57.jpg,umfih_v57.jpg,test,existing,dhash,0,exclude
C:\Pywork\dental\dental\data\raw\zenodo\panoramic_radiography_yolo_dataset_14_classes\test\images\v58.jpg,test/images/v58.jpg,test,C:\Pywork\dental\dental\data\detection_hierarchical\images\test\umfih_v58.jpg,umfih_v58.jpg,test,existing,dhash,0,exclude
C:\Pywork\dental\dental\data\raw\zenodo\panoramic_radiography_yolo_dataset_14_classes\test\images\v59.jpg,test/images/v59.jpg,test,C:\Pywork\dental\dental\data\detection_hierarchical\images\test\umfih_v59.jpg,umfih_v59.jpg,test,existing,dhash,0,exclude
C:\Pywork\dental\dental\data\raw\zenodo\panoramic_radiography_yolo_dataset_14_classes\test\images\v6.jpg,test/images/v6.jpg,test,C:\Pywork\dental\dental\data\detection_hierarchical\images\test\umfih_v6.jpg,umfih_v6.jpg,test,existing,dhash,0,exclude
C:\Pywork\dental\dental\data\raw\zenodo\panoramic_radiography_yolo_dataset_14_classes\test\images\v60.png,test/images/v60.png,test,C:\Pywork\dental\dental\data\detection_hierarchical\images\train\cx_025281.jpg,cx_025281.jpg,train,existing,dhash,2,exclude
C:\Pywork\dental\dental\data\raw\zenodo\panoramic_radiography_yolo_dataset_14_classes\test\images\v62.jpg,test/images/v62.jpg,test,C:\Pywork\dental\dental\data\detection_hierarchical\images\test\umfih_v62.jpg,umfih_v62.jpg,test,existing,dhash,0,exclude
C:\Pywork\dental\dental\data\raw\zenodo\panoramic_radiography_yolo_dataset_14_classes\test\images\v67.jpg,test/images/v67.jpg,test,C:\Pywork\dental\dental\data\detection_hierarchical\images\test\umfih_v67.jpg,umfih_v67.jpg,test,existing,dhash,0,exclude
C:\Pywork\dental\dental\data\raw\zenodo\panoramic_radiography_yolo_dataset_14_classes\test\images\v68.jpg,test/images/v68.jpg,test,C:\Pywork\dental\dental\data\detection_hierarchical\images\train\umfih_811.jpg,umfih_811.jpg,train,existing,dhash,3,exclude
C:\Pywork\dental\dental\data\raw\zenodo\panoramic_radiography_yolo_dataset_14_classes\test\images\v69.jpg,test/images/v69.jpg,test,C:\Pywork\dental\dental\data\detection_hierarchical\images\test\umfih_v69.jpg,umfih_v69.jpg,test,existing,dhash,0,exclude
C:\Pywork\dental\dental\data\raw\zenodo\panoramic_radiography_yolo_dataset_14_classes\test\images\v7.jpg,test/images/v7.jpg,test,C:\Pywork\dental\dental\data\detection_hierarchical\images\test\umfih_v7.jpg,umfih_v7.jpg,test,existing,dhash,0,exclude
C:\Pywork\dental\dental\data\raw\zenodo\panoramic_radiography_yolo_dataset_14_classes\test\images\v70.jpg,test/images/v70.jpg,test,C:\Pywork\dental\dental\data\detection_hierarchical\images\test\umfih_v70.jpg,umfih_v70.jpg,test,existing,dhash,0,exclude
C:\Pywork\dental\dental\data\raw\zenodo\panoramic_radiography_yolo_dataset_14_classes\test\images\v71.jpg,test/images/v71.jpg,test,C:\Pywork\dental\dental\data\detection_hierarchical\images\test\umfih_v71.jpg,umfih_v71.jpg,test,existing,dhash,0,exclude
C:\Pywork\dental\dental\data\raw\zenodo\panoramic_radiography_yolo_dataset_14_classes\test\images\v73.jpg,test/images/v73.jpg,test,C:\Pywork\dental\dental\data\detection_hierarchical\images\test\umfih_v73.jpg,umfih_v73.jpg,test,existing,dhash,0,exclude
C:\Pywork\dental\dental\data\raw\zenodo\panoramic_radiography_yolo_dataset_14_classes\test\images\v75.jpg,test/images/v75.jpg,test,C:\Pywork\dental\dental\data\detection_hierarchical\images\test\umfih_v75.jpg,umfih_v75.jpg,test,existing,dhash,0,exclude
C:\Pywork\dental\dental\data\raw\zenodo\panoramic_radiography_yolo_dataset_14_classes\test\images\v77.jpg,test/images/v77.jpg,test,C:\Pywork\dental\dental\data\detection_hierarchical\images\test\umfih_v77.jpg,umfih_v77.jpg,test,existing,dhash,0,exclude
C:\Pywork\dental\dental\data\raw\zenodo\panoramic_radiography_yolo_dataset_14_classes\test\images\v8.jpg,test/images/v8.jpg,test,C:\Pywork\dental\dental\data\detection_hierarchical\images\test\umfih_v8.jpg,umfih_v8.jpg,test,existing,dhash,0,exclude
C:\Pywork\dental\dental\data\raw\zenodo\panoramic_radiography_yolo_dataset_14_classes\test\images\v82.jpg,test/images/v82.jpg,test,C:\Pywork\dental\dental\data\detection_hierarchical\images\test\umfih_v82.jpg,umfih_v82.jpg,test,existing,dhash,0,exclude
C:\Pywork\dental\dental\data\raw\zenodo\panoramic_radiography_yolo_dataset_14_classes\test\images\v85.jpg,test/images/v85.jpg,test,C:\Pywork\dental\dental\data\detection_hierarchical\images\test\umfih_v85.jpg,umfih_v85.jpg,test,existing,dhash,0,exclude
C:\Pywork\dental\dental\data\raw\zenodo\panoramic_radiography_yolo_dataset_14_classes\test\images\v88.jpg,test/images/v88.jpg,test,C:\Pywork\dental\dental\data\detection_hierarchical\images\test\umfih_v88.jpg,umfih_v88.jpg,test,existing,dhash,0,exclude
C:\Pywork\dental\dental\data\raw\zenodo\panoramic_radiography_yolo_dataset_14_classes\test\images\v91.jpg,test/images/v91.jpg,test,C:\Pywork\dental\dental\data\detection_hierarchical\images\test\umfih_v91.jpg,umfih_v91.jpg,test,existing,dhash,0,exclude
C:\Pywork\dental\dental\data\raw\zenodo\panoramic_radiography_yolo_dataset_14_classes\test\images\v94.jpg,test/images/v94.jpg,test,C:\Pywork\dental\dental\data\detection_hierarchical\images\test\umfih_v94.jpg,umfih_v94.jpg,test,existing,dhash,0,exclude
C:\Pywork\dental\dental\data\raw\zenodo\panoramic_radiography_yolo_dataset_14_classes\test\images\v99.jpg,test/images/v99.jpg,test,C:\Pywork\dental\dental\data\detection_hierarchical\images\test\umfih_v99.jpg,umfih_v99.jpg,test,existing,dhash,0,exclude
C:\Pywork\dental\dental\data\raw\zenodo\panoramic_radiography_yolo_dataset_14_classes\test_alte_cabinete\Ext-validation\images\134.jpg,test_alte_cabinete/Ext-validation/images/134.jpg,roboflow,C:\Pywork\dental\dental\data\detection_hierarchical\images\train\cx_009788.jpg,cx_009788.jpg,train,existing,dhash,4,exclude
C:\Pywork\dental\dental\data\raw\zenodo\panoramic_radiography_yolo_dataset_14_classes\test_alte_cabinete\Ext-validation\images\142.jpg,test_alte_cabinete/Ext-validation/images/142.jpg,roboflow,C:\Pywork\dental\dental\data\detection_hierarchical\images\test\cx_022825.jpg,cx_022825.jpg,test,existing,dhash,4,exclude
C:\Pywork\dental\dental\data\raw\zenodo\panoramic_radiography_yolo_dataset_14_classes\test_alte_cabinete\Ext-validation\images\180.jpg,test_alte_cabinete/Ext-validation/images/180.jpg,roboflow,C:\Pywork\dental\dental\data\detection_hierarchical\images\train\cx_025574.jpg,cx_025574.jpg,train,existing,dhash,4,exclude
C:\Pywork\dental\dental\data\raw\zenodo\panoramic_radiography_yolo_dataset_14_classes\test_alte_cabinete\Ext-validation\images\22.jpg,test_alte_cabinete/Ext-validation/images/22.jpg,roboflow,C:\Pywork\dental\dental\data\detection_hierarchical\images\test\cx_022825.jpg,cx_022825.jpg,test,existing,dhash,4,exclude
C:\Pywork\dental\dental\data\raw\zenodo\panoramic_radiography_yolo_dataset_14_classes\test_alte_cabinete\Ext-validation\images\9.jpg,test_alte_cabinete/Ext-validation/images/9.jpg,roboflow,C:\Pywork\dental\dental\data\detection_hierarchical\images\train\cx_023085.jpg,cx_023085.jpg,train,existing,dhash,0,exclude
C:\Pywork\dental\dental\data\raw\zenodo\panoramic_radiography_yolo_dataset_14_classes\test_alte_cabinete\Ext-validation\images\99.jpg,test_alte_cabinete/Ext-validation/images/99.jpg,roboflow,C:\Pywork\dental\dental\data\detection_hierarchical\images\train\cx_009683.jpg,cx_009683.jpg,train,existing,dhash,4,exclude
C:\Pywork\dental\dental\data\raw\zenodo\panoramic_radiography_yolo_dataset_14_classes\train\images\1001.jpg,train/images/1001.jpg,train,C:\Pywork\dental\dental\data\detection_hierarchical\images\train\umfih_1001.jpg,umfih_1001.jpg,train,existing,dhash,0,exclude
C:\Pywork\dental\dental\data\raw\zenodo\panoramic_radiography_yolo_dataset_14_classes\train\images\1002.jpg,train/images/1002.jpg,train,C:\Pywork\dental\dental\data\detection_hierarchical\images\train\umfih_1002.jpg,umfih_1002.jpg,train,existing,dhash,0,exclude
C:\Pywork\dental\dental\data\raw\zenodo\panoramic_radiography_yolo_dataset_14_classes\train\images\1004.jpg,train/images/1004.jpg,train,C:\Pywork\dental\dental\data\detection_hierarchical\images\train\umfih_1004.jpg,umfih_1004.jpg,train,existing,dhash,0,exclude
C:\Pywork\dental\dental\data\raw\zenodo\panoramic_radiography_yolo_dataset_14_classes\train\images\1005.jpg,train/images/1005.jpg,train,C:\Pywork\dental\dental\data\detection_hierarchical\images\train\umfih_1005.jpg,umfih_1005.jpg,train,existing,dhash,0,exclude
C:\Pywork\dental\dental\data\raw\zenodo\panoramic_radiography_yolo_dataset_14_classes\train\images\1006.jpg,train/images/1006.jpg,train,C:\Pywork\dental\dental\data\detection_hierarchical\images\train\umfih_1006.jpg,umfih_1006.jpg,train,existing,dhash,0,exclude
C:\Pywork\dental\dental\data\raw\zenodo\panoramic_radiography_yolo_dataset_14_classes\train\images\1007.jpg,train/images/1007.jpg,train,C:\Pywork\dental\dental\data\detection_hierarchical\images\train\umfih_1007.jpg,umfih_1007.jpg,train,existing,dhash,0,exclude
C:\Pywork\dental\dental\data\raw\zenodo\panoramic_radiography_yolo_dataset_14_classes\train\images\1008.jpg,train/images/1008.jpg,train,C:\Pywork\dental\dental\data\detection_hierarchical\images\train\umfih_1008.jpg,umfih_1008.jpg,train,existing,dhash,0,exclude
C:\Pywork\dental\dental\data\raw\zenodo\panoramic_radiography_yolo_dataset_14_classes\train\images\1009.jpg,train/images/1009.jpg,train,C:\Pywork\dental\dental\data\detection_hierarchical\images\train\umfih_1009.jpg,umfih_1009.jpg,train,existing,dhash,0,exclude
C:\Pywork\dental\dental\data\raw\zenodo\panoramic_radiography_yolo_dataset_14_classes\train\images\101.jpg,train/images/101.jpg,train,C:\Pywork\dental\dental\data\detection_hierarchical\images\train\umfih_101.jpg,umfih_101.jpg,train,existing,dhash,0,exclude
C:\Pywork\dental\dental\data\raw\zenodo\panoramic_radiography_yolo_dataset_14_classes\train\images\1011.jpg,train/images/1011.jpg,train,C:\Pywork\dental\dental\data\detection_hierarchical\images\train\umfih_1011.jpg,umfih_1011.jpg,train,existing,dhash,0,exclude
C:\Pywork\dental\dental\data\raw\zenodo\panoramic_radiography_yolo_dataset_14_classes\train\images\1013.jpg,train/images/1013.jpg,train,C:\Pywork\dental\dental\data\detection_hierarchical\images\train\umfih_1403.jpg,umfih_1403.jpg,train,existing,dhash,0,exclude
C:\Pywork\dental\dental\data\raw\zenodo\panoramic_radiography_yolo_dataset_14_classes\train\images\1015.jpg,train/images/1015.jpg,train,C:\Pywork\dental\dental\data\detection_hierarchical\images\train\umfih_1015.jpg,umfih_1015.jpg,train,existing,dhash,0,exclude
C:\Pywork\dental\dental\data\raw\zenodo\panoramic_radiography_yolo_dataset_14_classes\train\images\1016.jpg,train/images/1016.jpg,train,C:\Pywork\dental\dental\data\detection_hierarchical\images\train\umfih_1016.jpg,umfih_1016.jpg,train,existing,dhash,0,exclude
C:\Pywork\dental\dental\data\raw\zenodo\panoramic_radiography_yolo_dataset_14_classes\train\images\1017.jpg,train/images/1017.jpg,train,C:\Pywork\dental\dental\data\detection_hierarchical\images\train\umfih_1017.jpg,umfih_1017.jpg,train,existing,dhash,0,exclude
C:\Pywork\dental\dental\data\raw\zenodo\panoramic_radiography_yolo_dataset_14_classes\train\images\1019.jpg,train/images/1019.jpg,train,C:\Pywork\dental\dental\data\detection_hierarchical\images\train\umfih_1019.jpg,umfih_1019.jpg,train,existing,dhash,0,exclude
C:\Pywork\dental\dental\data\raw\zenodo\panoramic_radiography_yolo_dataset_14_classes\train\images\102.jpg,train/images/102.jpg,train,C:\Pywork\dental\dental\data\detection_hierarchical\images\train\umfih_102.jpg,umfih_102.jpg,train,existing,dhash,0,exclude
C:\Pywork\dental\dental\data\raw\zenodo\panoramic_radiography_yolo_dataset_14_classes\train\images\1021.jpg,train/images/1021.jpg,train,C:\Pywork\dental\dental\data\detection_hierarchical\images\train\umfih_1021.jpg,umfih_1021.jpg,train,existing,dhash,0,exclude
C:\Pywork\dental\dental\data\raw\zenodo\panoramic_radiography_yolo_dataset_14_classes\train\images\1022.jpg,train/images/1022.jpg,train,C:\Pywork\dental\dental\data\detection_hierarchical\images\train\umfih_1022.jpg,umfih_1022.jpg,train,existing,dhash,0,exclude
C:\Pywork\dental\dental\data\raw\zenodo\panoramic_radiography_yolo_dataset_14_classes\train\images\1023.jpg,train/images/1023.jpg,train,C:\Pywork\dental\dental\data\detection_hierarchical\images\train\umfih_1023.jpg,umfih_1023.jpg,train,existing,dhash,0,exclude
C:\Pywork\dental\dental\data\raw\zenodo\panoramic_radiography_yolo_dataset_14_classes\train\images\1024.jpg,train/images/1024.jpg,train,C:\Pywork\dental\dental\data\detection_hierarchical\images\train\umfih_1024.jpg,umfih_1024.jpg,train,existing,dhash,0,exclude
C:\Pywork\dental\dental\data\raw\zenodo\panoramic_radiography_yolo_dataset_14_classes\train\images\1025.jpg,train/images/1025.jpg,train,C:\Pywork\dental\dental\data\detection_hierarchical\images\train\umfih_1025.jpg,umfih_1025.jpg,train,existing,dhash,0,exclude
C:\Pywork\dental\dental\data\raw\zenodo\panoramic_radiography_yolo_dataset_14_classes\train\images\1027.jpg,train/images/1027.jpg,train,C:\Pywork\dental\dental\data\detection_hierarchical\images\train\umfih_1027.jpg,umfih_1027.jpg,train,existing,dhash,0,exclude
C:\Pywork\dental\dental\data\raw\zenodo\panoramic_radiography_yolo_dataset_14_classes\train\images\1028.jpg,train/images/1028.jpg,train,C:\Pywork\dental\dental\data\detection_hierarchical\images\train\umfih_1028.jpg,umfih_1028.jpg,train,existing,dhash,0,exclude
C:\Pywork\dental\dental\data\raw\zenodo\panoramic_radiography_yolo_dataset_14_classes\train\images\1029.jpg,train/images/1029.jpg,train,C:\Pywork\dental\dental\data\detection_hierarchical\images\train\umfih_1029.jpg,umfih_1029.jpg,train,existing,dhash,0,exclude
C:\Pywork\dental\dental\data\raw\zenodo\panoramic_radiography_yolo_dataset_14_classes\train\images\103.jpg,train/images/103.jpg,train,C:\Pywork\dental\dental\data\detection_hierarchical\images\train\umfih_104.jpg,umfih_104.jpg,train,existing,dhash,2,exclude
C:\Pywork\dental\dental\data\raw\zenodo\panoramic_radiography_yolo_dataset_14_classes\train\images\1031.jpg,train/images/1031.jpg,train,C:\Pywork\dental\dental\data\detection_hierarchical\images\train\umfih_1031.jpg,umfih_1031.jpg,train,existing,dhash,0,exclude
C:\Pywork\dental\dental\data\raw\zenodo\panoramic_radiography_yolo_dataset_14_classes\train\images\1032.jpg,train/images/1032.jpg,train,C:\Pywork\dental\dental\data\detection_hierarchical\images\train\umfih_1032.jpg,umfih_1032.jpg,train,existing,dhash,0,exclude
C:\Pywork\dental\dental\data\raw\zenodo\panoramic_radiography_yolo_dataset_14_classes\train\images\1033.jpg,train/images/1033.jpg,train,C:\Pywork\dental\dental\data\detection_hierarchical\images\train\umfih_1033.jpg,umfih_1033.jpg,train,existing,dhash,0,exclude
C:\Pywork\dental\dental\data\raw\zenodo\panoramic_radiography_yolo_dataset_14_classes\train\images\1034.jpg,train/images/1034.jpg,train,C:\Pywork\dental\dental\data\detection_hierarchical\images\train\umfih_1034.jpg,umfih_1034.jpg,train,existing,dhash,0,exclude
C:\Pywork\dental\dental\data\raw\zenodo\panoramic_radiography_yolo_dataset_14_classes\train\images\1035.jpg,train/images/1035.jpg,train,C:\Pywork\dental\dental\data\detection_hierarchical\images\train\umfih_1035.jpg,umfih_1035.jpg,train,existing,dhash,0,exclude
C:\Pywork\dental\dental\data\raw\zenodo\panoramic_radiography_yolo_dataset_14_classes\train\images\1036.jpg,train/images/1036.jpg,train,C:\Pywork\dental\dental\data\detection_hierarchical\images\val\umfih_1230.jpg,umfih_1230.jpg,val,existing,dhash,0,exclude
C:\Pywork\dental\dental\data\raw\zenodo\panoramic_radiography_yolo_dataset_14_classes\train\images\1037.jpg,train/images/1037.jpg,train,C:\Pywork\dental\dental\data\detection_hierarchical\images\train\umfih_1037.jpg,umfih_1037.jpg,train,existing,dhash,0,exclude
C:\Pywork\dental\dental\data\raw\zenodo\panoramic_radiography_yolo_dataset_14_classes\train\images\1038.jpg,train/images/1038.jpg,train,C:\Pywork\dental\dental\data\detection_hierarchical\images\train\umfih_1038.jpg,umfih_1038.jpg,train,existing,dhash,0,exclude
C:\Pywork\dental\dental\data\raw\zenodo\panoramic_radiography_yolo_dataset_14_classes\train\images\1039.jpg,train/images/1039.jpg,train,C:\Pywork\dental\dental\data\detection_hierarchical\images\train\umfih_1039.jpg,umfih_1039.jpg,train,existing,dhash,0,exclude
C:\Pywork\dental\dental\data\raw\zenodo\panoramic_radiography_yolo_dataset_14_classes\train\images\104.jpg,train/images/104.jpg,train,C:\Pywork\dental\dental\data\detection_hierarchical\images\train\umfih_104.jpg,umfih_104.jpg,train,existing,dhash,0,exclude
C:\Pywork\dental\dental\data\raw\zenodo\panoramic_radiography_yolo_dataset_14_classes\train\images\1041.jpg,train/images/1041.jpg,train,C:\Pywork\dental\dental\data\detection_hierarchical\images\train\umfih_1041.jpg,umfih_1041.jpg,train,existing,dhash,0,exclude
C:\Pywork\dental\dental\data\raw\zenodo\panoramic_radiography_yolo_dataset_14_classes\train\images\1043.jpg,train/images/1043.jpg,train,C:\Pywork\dental\dental\data\detection_hierarchical\images\train\umfih_1043.jpg,umfih_1043.jpg,train,existing,dhash,0,exclude
C:\Pywork\dental\dental\data\raw\zenodo\panoramic_radiography_yolo_dataset_14_classes\train\images\1044.jpg,train/images/1044.jpg,train,C:\Pywork\dental\dental\data\detection_hierarchical\images\train\umfih_1044.jpg,umfih_1044.jpg,train,existing,dhash,0,exclude
C:\Pywork\dental\dental\data\raw\zenodo\panoramic_radiography_yolo_dataset_14_classes\train\images\1045.jpg,train/images/1045.jpg,train,C:\Pywork\dental\dental\data\detection_hierarchical\images\train\umfih_1045.jpg,umfih_1045.jpg,train,existing,dhash,0,exclude
C:\Pywork\dental\dental\data\raw\zenodo\panoramic_radiography_yolo_dataset_14_classes\train\images\1046.jpg,train/images/1046.jpg,train,C:\Pywork\dental\dental\data\detection_hierarchical\images\train\umfih_1046.jpg,umfih_1046.jpg,train,existing,dhash,0,exclude
C:\Pywork\dental\dental\data\raw\zenodo\panoramic_radiography_yolo_dataset_14_classes\train\images\1047.jpg,train/images/1047.jpg,train,C:\Pywork\dental\dental\data\detection_hierarchical\images\train\umfih_1047.jpg,umfih_1047.jpg,train,existing,dhash,0,exclude
C:\Pywork\dental\dental\data\raw\zenodo\panoramic_radiography_yolo_dataset_14_classes\train\images\1048.jpg,train/images/1048.jpg,train,C:\Pywork\dental\dental\data\detection_hierarchical\images\train\umfih_1048.jpg,umfih_1048.jpg,train,existing,dhash,0,exclude
C:\Pywork\dental\dental\data\raw\zenodo\panoramic_radiography_yolo_dataset_14_classes\train\images\1049.jpg,train/images/1049.jpg,train,C:\Pywork\dental\dental\data\detection_hierarchical\images\train\umfih_1049.jpg,umfih_1049.jpg,train,existing,dhash,0,exclude
C:\Pywork\dental\dental\data\raw\zenodo\panoramic_radiography_yolo_dataset_14_classes\train\images\105.jpg,train/images/105.jpg,train,C:\Pywork\dental\dental\data\detection_hierarchical\images\train\cx_021605.jpg,cx_021605.jpg,train,existing,dhash,2,exclude
C:\Pywork\dental\dental\data\raw\zenodo\panoramic_radiography_yolo_dataset_14_classes\train\images\1051.jpg,train/images/1051.jpg,train,C:\Pywork\dental\dental\data\detection_hierarchical\images\train\umfih_1051.jpg,umfih_1051.jpg,train,existing,dhash,0,exclude
C:\Pywork\dental\dental\data\raw\zenodo\panoramic_radiography_yolo_dataset_14_classes\train\images\1052.jpg,train/images/1052.jpg,train,C:\Pywork\dental\dental\data\detection_hierarchical\images\train\umfih_1052.jpg,umfih_1052.jpg,train,existing,dhash,0,exclude
C:\Pywork\dental\dental\data\raw\zenodo\panoramic_radiography_yolo_dataset_14_classes\train\images\1053.jpg,train/images/1053.jpg,train,C:\Pywork\dental\dental\data\detection_hierarchical\images\train\umfih_1053.jpg,umfih_1053.jpg,train,existing,dhash,0,exclude
C:\Pywork\dental\dental\data\raw\zenodo\panoramic_radiography_yolo_dataset_14_classes\train\images\1054.jpg,train/images/1054.jpg,train,C:\Pywork\dental\dental\data\detection_hierarchical\images\train\umfih_1054.jpg,umfih_1054.jpg,train,existing,dhash,0,exclude
C:\Pywork\dental\dental\data\raw\zenodo\panoramic_radiography_yolo_dataset_14_classes\train\images\1055.jpg,train/images/1055.jpg,train,C:\Pywork\dental\dental\data\detection_hierarchical\images\train\umfih_1055.jpg,umfih_1055.jpg,train,existing,dhash,0,exclude
C:\Pywork\dental\dental\data\raw\zenodo\panoramic_radiography_yolo_dataset_14_classes\train\images\1056.jpg,train/images/1056.jpg,train,C:\Pywork\dental\dental\data\detection_hierarchical\images\train\umfih_1056.jpg,umfih_1056.jpg,train,existing,dhash,0,exclude
C:\Pywork\dental\dental\data\raw\zenodo\panoramic_radiography_yolo_dataset_14_classes\train\images\1057.jpg,train/images/1057.jpg,train,C:\Pywork\dental\dental\data\detection_hierarchical\images\train\umfih_1057.jpg,umfih_1057.jpg,train,existing,dhash,0,exclude
C:\Pywork\dental\dental\data\raw\zenodo\panoramic_radiography_yolo_dataset_14_classes\train\images\1058.jpg,train/images/1058.jpg,train,C:\Pywork\dental\dental\data\detection_hierarchical\images\train\umfih_1058.jpg,umfih_1058.jpg,train,existing,dhash,0,exclude
C:\Pywork\dental\dental\data\raw\zenodo\panoramic_radiography_yolo_dataset_14_classes\train\images\106.jpg,train/images/106.jpg,train,C:\Pywork\dental\dental\data\detection_hierarchical\images\train\umfih_106.jpg,umfih_106.jpg,train,existing,dhash,0,exclude
C:\Pywork\dental\dental\data\raw\zenodo\panoramic_radiography_yolo_dataset_14_classes\train\images\1061.jpg,train/images/1061.jpg,train,C:\Pywork\dental\dental\data\detection_hierarchical\images\train\umfih_1061.jpg,umfih_1061.jpg,train,existing,dhash,0,exclude
C:\Pywork\dental\dental\data\raw\zenodo\panoramic_radiography_yolo_dataset_14_classes\train\images\1062.jpg,train/images/1062.jpg,train,C:\Pywork\dental\dental\data\detection_hierarchical\images\train\umfih_1062.jpg,umfih_1062.jpg,train,existing,dhash,0,exclude
C:\Pywork\dental\dental\data\raw\zenodo\panoramic_radiography_yolo_dataset_14_classes\train\images\1063.jpg,train/images/1063.jpg,train,C:\Pywork\dental\dental\data\detection_hierarchical\images\train\umfih_1424.jpg,umfih_1424.jpg,train,existing,dhash,0,exclude
C:\Pywork\dental\dental\data\raw\zenodo\panoramic_radiography_yolo_dataset_14_classes\train\images\1064.jpg,train/images/1064.jpg,train,C:\Pywork\dental\dental\data\detection_hierarchical\images\train\umfih_1064.jpg,umfih_1064.jpg,train,existing,dhash,0,exclude
C:\Pywork\dental\dental\data\raw\zenodo\panoramic_radiography_yolo_dataset_14_classes\train\images\1068.jpg,train/images/1068.jpg,train,C:\Pywork\dental\dental\data\detection_hierarchical\images\train\umfih_1068.jpg,umfih_1068.jpg,train,existing,dhash,0,exclude
C:\Pywork\dental\dental\data\raw\zenodo\panoramic_radiography_yolo_dataset_14_classes\train\images\1069.jpg,train/images/1069.jpg,train,C:\Pywork\dental\dental\data\detection_hierarchical\images\train\umfih_1069.jpg,umfih_1069.jpg,train,existing,dhash,0,exclude
C:\Pywork\dental\dental\data\raw\zenodo\panoramic_radiography_yolo_dataset_14_classes\train\images\107.jpg,train/images/107.jpg,train,C:\Pywork\dental\dental\data\detection_hierarchical\images\train\umfih_107.jpg,umfih_107.jpg,train,existing,dhash,0,exclude
C:\Pywork\dental\dental\data\raw\zenodo\panoramic_radiography_yolo_dataset_14_classes\train\images\1071.jpg,train/images/1071.jpg,train,C:\Pywork\dental\dental\data\detection_hierarchical\images\train\umfih_1071.jpg,umfih_1071.jpg,train,existing,dhash,0,exclude
C:\Pywork\dental\dental\data\raw\zenodo\panoramic_radiography_yolo_dataset_14_classes\train\images\1073.jpg,train/images/1073.jpg,train,C:\Pywork\dental\dental\data\detection_hierarchical\images\train\umfih_1073.jpg,umfih_1073.jpg,train,existing,dhash,0,exclude
C:\Pywork\dental\dental\data\raw\zenodo\panoramic_radiography_yolo_dataset_14_classes\train\images\1074.jpg,train/images/1074.jpg,train,C:\Pywork\dental\dental\data\detection_hierarchical\images\train\umfih_1074.jpg,umfih_1074.jpg,train,existing,dhash,0,exclude
C:\Pywork\dental\dental\data\raw\zenodo\panoramic_radiography_yolo_dataset_14_classes\train\images\1075.jpg,train/images/1075.jpg,train,C:\Pywork\dental\dental\data\detection_hierarchical\images\train\umfih_1075.jpg,umfih_1075.jpg,train,existing,dhash,0,exclude
C:\Pywork\dental\dental\data\raw\zenodo\panoramic_radiography_yolo_dataset_14_classes\train\images\1076.jpg,train/images/1076.jpg,train,C:\Pywork\dental\dental\data\detection_hierarchical\images\train\umfih_1076.jpg,umfih_1076.jpg,train,existing,dhash,0,exclude
C:\Pywork\dental\dental\data\raw\zenodo\panoramic_radiography_yolo_dataset_14_classes\train\images\1077.jpg,train/images/1077.jpg,train,C:\Pywork\dental\dental\data\detection_hierarchical\images\train\umfih_1077.jpg,umfih_1077.jpg,train,existing,dhash,0,exclude
C:\Pywork\dental\dental\data\raw\zenodo\panoramic_radiography_yolo_dataset_14_classes\train\images\1078.jpg,train/images/1078.jpg,train,C:\Pywork\dental\dental\data\detection_hierarchical\images\train\umfih_1078.jpg,umfih_1078.jpg,train,existing,dhash,0,exclude
C:\Pywork\dental\dental\data\raw\zenodo\panoramic_radiography_yolo_dataset_14_classes\train\images\1079.jpg,train/images/1079.jpg,train,C:\Pywork\dental\dental\data\detection_hierarchical\images\train\umfih_1079.jpg,umfih_1079.jpg,train,existing,dhash,0,exclude
C:\Pywork\dental\dental\data\raw\zenodo\panoramic_radiography_yolo_dataset_14_classes\train\images\108.jpg,train/images/108.jpg,train,C:\Pywork\dental\dental\data\detection_hierarchical\images\train\umfih_108.jpg,umfih_108.jpg,train,existing,dhash,0,exclude
C:\Pywork\dental\dental\data\raw\zenodo\panoramic_radiography_yolo_dataset_14_classes\train\images\1081.jpg,train/images/1081.jpg,train,C:\Pywork\dental\dental\data\detection_hierarchical\images\train\umfih_1081.jpg,umfih_1081.jpg,train,existing,dhash,0,exclude
C:\Pywork\dental\dental\data\raw\zenodo\panoramic_radiography_yolo_dataset_14_classes\train\images\1082.jpg,train/images/1082.jpg,train,C:\Pywork\dental\dental\data\detection_hierarchical\images\train\umfih_1082.jpg,umfih_1082.jpg,train,existing,dhash,0,exclude
C:\Pywork\dental\dental\data\raw\zenodo\panoramic_radiography_yolo_dataset_14_classes\train\images\1083.jpg,train/images/1083.jpg,train,C:\Pywork\dental\dental\data\detection_hierarchical\images\train\umfih_1083.jpg,umfih_1083.jpg,train,existing,dhash,0,exclude
C:\Pywork\dental\dental\data\raw\zenodo\panoramic_radiography_yolo_dataset_14_classes\train\images\1084.jpg,train/images/1084.jpg,train,C:\Pywork\dental\dental\data\detection_hierarchical\images\train\umfih_1084.jpg,umfih_1084.jpg,train,existing,dhash,0,exclude
C:\Pywork\dental\dental\data\raw\zenodo\panoramic_radiography_yolo_dataset_14_classes\train\images\1085.jpg,train/images/1085.jpg,train,C:\Pywork\dental\dental\data\detection_hierarchical\images\train\umfih_1085.jpg,umfih_1085.jpg,train,existing,dhash,0,exclude
C:\Pywork\dental\dental\data\raw\zenodo\panoramic_radiography_yolo_dataset_14_classes\train\images\1086.jpg,train/images/1086.jpg,train,C:\Pywork\dental\dental\data\detection_hierarchical\images\train\umfih_1086.jpg,umfih_1086.jpg,train,existing,dhash,0,exclude
C:\Pywork\dental\dental\data\raw\zenodo\panoramic_radiography_yolo_dataset_14_classes\train\images\1087.jpg,train/images/1087.jpg,train,C:\Pywork\dental\dental\data\detection_hierarchical\images\train\umfih_1087.jpg,umfih_1087.jpg,train,existing,dhash,0,exclude
C:\Pywork\dental\dental\data\raw\zenodo\panoramic_radiography_yolo_dataset_14_classes\train\images\1088.jpg,train/images/1088.jpg,train,C:\Pywork\dental\dental\data\detection_hierarchical\images\train\umfih_1088.jpg,umfih_1088.jpg,train,existing,dhash,0,exclude
C:\Pywork\dental\dental\data\raw\zenodo\panoramic_radiography_yolo_dataset_14_classes\train\images\1089.jpg,train/images/1089.jpg,train,C:\Pywork\dental\dental\data\detection_hierarchical\images\train\umfih_1089.jpg,umfih_1089.jpg,train,existing,dhash,0,exclude
C:\Pywork\dental\dental\data\raw\zenodo\panoramic_radiography_yolo_dataset_14_classes\train\images\109.jpg,train/images/109.jpg,train,C:\Pywork\dental\dental\data\detection_hierarchical\images\train\umfih_109.jpg,umfih_109.jpg,train,existing,dhash,0,exclude
C:\Pywork\dental\dental\data\raw\zenodo\panoramic_radiography_yolo_dataset_14_classes\train\images\1091.jpg,train/images/1091.jpg,train,C:\Pywork\dental\dental\data\detection_hierarchical\images\train\umfih_1091.jpg,umfih_1091.jpg,train,existing,dhash,0,exclude
C:\Pywork\dental\dental\data\raw\zenodo\panoramic_radiography_yolo_dataset_14_classes\train\images\1092.jpg,train/images/1092.jpg,train,C:\Pywork\dental\dental\data\detection_hierarchical\images\train\umfih_1092.jpg,umfih_1092.jpg,train,existing,dhash,0,exclude
C:\Pywork\dental\dental\data\raw\zenodo\panoramic_radiography_yolo_dataset_14_classes\train\images\1094.jpg,train/images/1094.jpg,train,C:\Pywork\dental\dental\data\detection_hierarchical\images\train\umfih_1094.jpg,umfih_1094.jpg,train,existing,dhash,0,exclude
C:\Pywork\dental\dental\data\raw\zenodo\panoramic_radiography_yolo_dataset_14_classes\train\images\1095.jpg,train/images/1095.jpg,train,C:\Pywork\dental\dental\data\detection_hierarchical\images\train\umfih_1095.jpg,umfih_1095.jpg,train,existing,dhash,0,exclude
C:\Pywork\dental\dental\data\raw\zenodo\panoramic_radiography_yolo_dataset_14_classes\train\images\1098.jpg,train/images/1098.jpg,train,C:\Pywork\dental\dental\data\detection_hierarchical\images\train\umfih_1098.jpg,umfih_1098.jpg,train,existing,dhash,0,exclude
C:\Pywork\dental\dental\data\raw\zenodo\panoramic_radiography_yolo_dataset_14_classes\train\images\1099.jpg,train/images/1099.jpg,train,C:\Pywork\dental\dental\data\detection_hierarchical\images\train\umfih_1099.jpg,umfih_1099.jpg,train,existing,dhash,0,exclude
C:\Pywork\dental\dental\data\raw\zenodo\panoramic_radiography_yolo_dataset_14_classes\train\images\1101.jpg,train/images/1101.jpg,train,C:\Pywork\dental\dental\data\detection_hierarchical\images\train\umfih_1101.jpg,umfih_1101.jpg,train,existing,dhash,0,exclude
C:\Pywork\dental\dental\data\raw\zenodo\panoramic_radiography_yolo_dataset_14_classes\train\images\1102.jpg,train/images/1102.jpg,train,C:\Pywork\dental\dental\data\detection_hierarchical\images\train\umfih_1102.jpg,umfih_1102.jpg,train,existing,dhash,0,exclude
C:\Pywork\dental\dental\data\raw\zenodo\panoramic_radiography_yolo_dataset_14_classes\train\images\1103.jpg,train/images/1103.jpg,train,C:\Pywork\dental\dental\data\detection_hierarchical\images\train\umfih_1103.jpg,umfih_1103.jpg,train,existing,dhash,0,exclude
C:\Pywork\dental\dental\data\raw\zenodo\panoramic_radiography_yolo_dataset_14_classes\train\images\1105.jpg,train/images/1105.jpg,train,C:\Pywork\dental\dental\data\detection_hierarchical\images\train\umfih_1105.jpg,umfih_1105.jpg,train,existing,dhash,0,exclude
C:\Pywork\dental\dental\data\raw\zenodo\panoramic_radiography_yolo_dataset_14_classes\train\images\1106.jpg,train/images/1106.jpg,train,C:\Pywork\dental\dental\data\detection_hierarchical\images\train\umfih_1106.jpg,umfih_1106.jpg,train,existing,dhash,0,exclude
C:\Pywork\dental\dental\data\raw\zenodo\panoramic_radiography_yolo_dataset_14_classes\train\images\1107.jpg,train/images/1107.jpg,train,C:\Pywork\dental\dental\data\detection_hierarchical\images\train\umfih_1107.jpg,umfih_1107.jpg,train,existing,dhash,0,exclude
C:\Pywork\dental\dental\data\raw\zenodo\panoramic_radiography_yolo_dataset_14_classes\train\images\1108.jpg,train/images/1108.jpg,train,C:\Pywork\dental\dental\data\detection_hierarchical\images\train\umfih_1108.jpg,umfih_1108.jpg,train,existing,dhash,0,exclude
C:\Pywork\dental\dental\data\raw\zenodo\panoramic_radiography_yolo_dataset_14_classes\train\images\1109.jpg,train/images/1109.jpg,train,C:\Pywork\dental\dental\data\detection_hierarchical\images\train\umfih_1109.jpg,umfih_1109.jpg,train,existing,dhash,0,exclude
C:\Pywork\dental\dental\data\raw\zenodo\panoramic_radiography_yolo_dataset_14_classes\train\images\111.jpg,train/images/111.jpg,train,C:\Pywork\dental\dental\data\detection_hierarchical\images\train\umfih_111.jpg,umfih_111.jpg,train,existing,dhash,0,exclude
C:\Pywork\dental\dental\data\raw\zenodo\panoramic_radiography_yolo_dataset_14_classes\train\images\1111.jpg,train/images/1111.jpg,train,C:\Pywork\dental\dental\data\detection_hierarchical\images\train\umfih_1111.jpg,umfih_1111.jpg,train,existing,dhash,0,exclude
C:\Pywork\dental\dental\data\raw\zenodo\panoramic_radiography_yolo_dataset_14_classes\train\images\1112.jpg,train/images/1112.jpg,train,C:\Pywork\dental\dental\data\detection_hierarchical\images\train\umfih_1112.jpg,umfih_1112.jpg,train,existing,dhash,0,exclude
C:\Pywork\dental\dental\data\raw\zenodo\panoramic_radiography_yolo_dataset_14_classes\train\images\1113.jpg,train/images/1113.jpg,train,C:\Pywork\dental\dental\data\detection_hierarchical\images\train\umfih_1113.jpg,umfih_1113.jpg,train,existing,dhash,0,exclude
C:\Pywork\dental\dental\data\raw\zenodo\panoramic_radiography_yolo_dataset_14_classes\train\images\1114.jpg,train/images/1114.jpg,train,C:\Pywork\dental\dental\data\detection_hierarchical\images\train\umfih_1114.jpg,umfih_1114.jpg,train,existing,dhash,0,exclude
C:\Pywork\dental\dental\data\raw\zenodo\panoramic_radiography_yolo_dataset_14_classes\train\images\1115.jpg,train/images/1115.jpg,train,C:\Pywork\dental\dental\data\detection_hierarchical\images\train\umfih_1115.jpg,umfih_1115.jpg,train,existing,dhash,0,exclude
C:\Pywork\dental\dental\data\raw\zenodo\panoramic_radiography_yolo_dataset_14_classes\train\images\1116.jpg,train/images/1116.jpg,train,C:\Pywork\dental\dental\data\detection_hierarchical\images\train\umfih_1116.jpg,umfih_1116.jpg,train,existing,dhash,0,exclude
C:\Pywork\dental\dental\data\raw\zenodo\panoramic_radiography_yolo_dataset_14_classes\train\images\1117.jpg,train/images/1117.jpg,train,C:\Pywork\dental\dental\data\detection_hierarchical\images\train\umfih_1117.jpg,umfih_1117.jpg,train,existing,dhash,0,exclude
C:\Pywork\dental\dental\data\raw\zenodo\panoramic_radiography_yolo_dataset_14_classes\train\images\1118.jpg,train/images/1118.jpg,train,C:\Pywork\dental\dental\data\detection_hierarchical\images\train\umfih_1118.jpg,umfih_1118.jpg,train,existing,dhash,0,exclude
C:\Pywork\dental\dental\data\raw\zenodo\panoramic_radiography_yolo_dataset_14_classes\train\images\1119.jpg,train/images/1119.jpg,train,C:\Pywork\dental\dental\data\detection_hierarchical\images\train\umfih_1119.jpg,umfih_1119.jpg,train,existing,dhash,0,exclude
C:\Pywork\dental\dental\data\raw\zenodo\panoramic_radiography_yolo_dataset_14_classes\train\images\112.jpg,train/images/112.jpg,train,C:\Pywork\dental\dental\data\detection_hierarchical\images\train\umfih_112.jpg,umfih_112.jpg,train,existing,dhash,0,exclude
C:\Pywork\dental\dental\data\raw\zenodo\panoramic_radiography_yolo_dataset_14_classes\train\images\1121.jpg,train/images/1121.jpg,train,C:\Pywork\dental\dental\data\detection_hierarchical\images\train\umfih_1121.jpg,umfih_1121.jpg,train,existing,dhash,0,exclude
C:\Pywork\dental\dental\data\raw\zenodo\panoramic_radiography_yolo_dataset_14_classes\train\images\1122.jpg,train/images/1122.jpg,train,C:\Pywork\dental\dental\data\detection_hierarchical\images\train\umfih_1122.jpg,umfih_1122.jpg,train,existing,dhash,0,exclude
C:\Pywork\dental\dental\data\raw\zenodo\panoramic_radiography_yolo_dataset_14_classes\train\images\1123.jpg,train/images/1123.jpg,train,C:\Pywork\dental\dental\data\detection_hierarchical\images\train\umfih_1123.jpg,umfih_1123.jpg,train,existing,dhash,0,exclude
C:\Pywork\dental\dental\data\raw\zenodo\panoramic_radiography_yolo_dataset_14_classes\train\images\1124.jpg,train/images/1124.jpg,train,C:\Pywork\dental\dental\data\detection_hierarchical\images\train\umfih_1124.jpg,umfih_1124.jpg,train,existing,dhash,0,exclude
C:\Pywork\dental\dental\data\raw\zenodo\panoramic_radiography_yolo_dataset_14_classes\train\images\1125.jpg,train/images/1125.jpg,train,C:\Pywork\dental\dental\data\detection_hierarchical\images\train\umfih_1125.jpg,umfih_1125.jpg,train,existing,dhash,0,exclude
C:\Pywork\dental\dental\data\raw\zenodo\panoramic_radiography_yolo_dataset_14_classes\train\images\1126.jpg,train/images/1126.jpg,train,C:\Pywork\dental\dental\data\detection_hierarchical\images\train\umfih_1126.jpg,umfih_1126.jpg,train,existing,dhash,0,exclude
C:\Pywork\dental\dental\data\raw\zenodo\panoramic_radiography_yolo_dataset_14_classes\train\images\1127.jpg,train/images/1127.jpg,train,C:\Pywork\dental\dental\data\detection_hierarchical\images\train\umfih_1127.jpg,umfih_1127.jpg,train,existing,dhash,0,exclude
C:\Pywork\dental\dental\data\raw\zenodo\panoramic_radiography_yolo_dataset_14_classes\train\images\1128.jpg,train/images/1128.jpg,train,C:\Pywork\dental\dental\data\detection_hierarchical\images\train\umfih_1128.jpg,umfih_1128.jpg,train,existing,dhash,0,exclude
C:\Pywork\dental\dental\data\raw\zenodo\panoramic_radiography_yolo_dataset_14_classes\train\images\1129.jpg,train/images/1129.jpg,train,C:\Pywork\dental\dental\data\detection_hierarchical\images\train\umfih_1129.jpg,umfih_1129.jpg,train,existing,dhash,0,exclude
C:\Pywork\dental\dental\data\raw\zenodo\panoramic_radiography_yolo_dataset_14_classes\train\images\113.jpg,train/images/113.jpg,train,C:\Pywork\dental\dental\data\detection_hierarchical\images\train\umfih_113.jpg,umfih_113.jpg,train,existing,dhash,0,exclude
C:\Pywork\dental\dental\data\raw\zenodo\panoramic_radiography_yolo_dataset_14_classes\train\images\1131.jpg,train/images/1131.jpg,train,C:\Pywork\dental\dental\data\detection_hierarchical\images\train\umfih_1131.jpg,umfih_1131.jpg,train,existing,dhash,0,exclude
C:\Pywork\dental\dental\data\raw\zenodo\panoramic_radiography_yolo_dataset_14_classes\train\images\1132.jpg,train/images/1132.jpg,train,C:\Pywork\dental\dental\data\detection_hierarchical\images\train\umfih_1132.jpg,umfih_1132.jpg,train,existing,dhash,0,exclude
C:\Pywork\dental\dental\data\raw\zenodo\panoramic_radiography_yolo_dataset_14_classes\train\images\1133.jpg,train/images/1133.jpg,train,C:\Pywork\dental\dental\data\detection_hierarchical\images\train\umfih_1133.jpg,umfih_1133.jpg,train,existing,dhash,0,exclude
C:\Pywork\dental\dental\data\raw\zenodo\panoramic_radiography_yolo_dataset_14_classes\train\images\1134.jpg,train/images/1134.jpg,train,C:\Pywork\dental\dental\data\detection_hierarchical\images\train\umfih_1134.jpg,umfih_1134.jpg,train,existing,dhash,0,exclude
C:\Pywork\dental\dental\data\raw\zenodo\panoramic_radiography_yolo_dataset_14_classes\train\images\1135.jpg,train/images/1135.jpg,train,C:\Pywork\dental\dental\data\detection_hierarchical\images\train\umfih_1135.jpg,umfih_1135.jpg,train,existing,dhash,0,exclude
C:\Pywork\dental\dental\data\raw\zenodo\panoramic_radiography_yolo_dataset_14_classes\train\images\1136.jpg,train/images/1136.jpg,train,C:\Pywork\dental\dental\data\detection_hierarchical\images\train\umfih_1136.jpg,umfih_1136.jpg,train,existing,dhash,0,exclude
C:\Pywork\dental\dental\data\raw\zenodo\panoramic_radiography_yolo_dataset_14_classes\train\images\1137.jpg,train/images/1137.jpg,train,C:\Pywork\dental\dental\data\detection_hierarchical\images\train\umfih_1137.jpg,umfih_1137.jpg,train,existing,dhash,0,exclude
C:\Pywork\dental\dental\data\raw\zenodo\panoramic_radiography_yolo_dataset_14_classes\train\images\1138.jpg,train/images/1138.jpg,train,C:\Pywork\dental\dental\data\detection_hierarchical\images\train\umfih_1138.jpg,umfih_1138.jpg,train,existing,dhash,0,exclude
C:\Pywork\dental\dental\data\raw\zenodo\panoramic_radiography_yolo_dataset_14_classes\train\images\114.jpg,train/images/114.jpg,train,C:\Pywork\dental\dental\data\detection_hierarchical\images\train\umfih_114.jpg,umfih_114.jpg,train,existing,dhash,0,exclude
C:\Pywork\dental\dental\data\raw\zenodo\panoramic_radiography_yolo_dataset_14_classes\train\images\1141.jpg,train/images/1141.jpg,train,C:\Pywork\dental\dental\data\detection_hierarchical\images\train\umfih_1141.jpg,umfih_1141.jpg,train,existing,dhash,0,exclude
C:\Pywork\dental\dental\data\raw\zenodo\panoramic_radiography_yolo_dataset_14_classes\train\images\1142.jpg,train/images/1142.jpg,train,C:\Pywork\dental\dental\data\detection_hierarchical\images\train\umfih_1142.jpg,umfih_1142.jpg,train,existing,dhash,0,exclude
C:\Pywork\dental\dental\data\raw\zenodo\panoramic_radiography_yolo_dataset_14_classes\train\images\1143.jpg,train/images/1143.jpg,train,C:\Pywork\dental\dental\data\detection_hierarchical\images\train\umfih_1143.jpg,umfih_1143.jpg,train,existing,dhash,0,exclude
C:\Pywork\dental\dental\data\raw\zenodo\panoramic_radiography_yolo_dataset_14_classes\train\images\1144.jpg,train/images/1144.jpg,train,C:\Pywork\dental\dental\data\detection_hierarchical\images\train\umfih_1144.jpg,umfih_1144.jpg,train,existing,dhash,0,exclude
C:\Pywork\dental\dental\data\raw\zenodo\panoramic_radiography_yolo_dataset_14_classes\train\images\1145.jpg,train/images/1145.jpg,train,C:\Pywork\dental\dental\data\detection_hierarchical\images\train\umfih_1145.jpg,umfih_1145.jpg,train,existing,dhash,0,exclude
C:\Pywork\dental\dental\data\raw\zenodo\panoramic_radiography_yolo_dataset_14_classes\train\images\1146.jpg,train/images/1146.jpg,train,C:\Pywork\dental\dental\data\detection_hierarchical\images\train\umfih_1146.jpg,umfih_1146.jpg,train,existing,dhash,0,exclude
C:\Pywork\dental\dental\data\raw\zenodo\panoramic_radiography_yolo_dataset_14_classes\train\images\1147.jpg,train/images/1147.jpg,train,C:\Pywork\dental\dental\data\detection_hierarchical\images\train\umfih_1147.jpg,umfih_1147.jpg,train,existing,dhash,0,exclude
C:\Pywork\dental\dental\data\raw\zenodo\panoramic_radiography_yolo_dataset_14_classes\train\images\1148.jpg,train/images/1148.jpg,train,C:\Pywork\dental\dental\data\detection_hierarchical\images\train\umfih_1148.jpg,umfih_1148.jpg,train,existing,dhash,0,exclude
C:\Pywork\dental\dental\data\raw\zenodo\panoramic_radiography_yolo_dataset_14_classes\train\images\1149.jpg,train/images/1149.jpg,train,C:\Pywork\dental\dental\data\detection_hierarchical\images\train\umfih_1149.jpg,umfih_1149.jpg,train,existing,dhash,0,exclude
C:\Pywork\dental\dental\data\raw\zenodo\panoramic_radiography_yolo_dataset_14_classes\train\images\115.jpg,train/images/115.jpg,train,C:\Pywork\dental\dental\data\detection_hierarchical\images\train\cx_023085.jpg,cx_023085.jpg,train,existing,dhash,2,exclude
C:\Pywork\dental\dental\data\raw\zenodo\panoramic_radiography_yolo_dataset_14_classes\train\images\1151.jpg,train/images/1151.jpg,train,C:\Pywork\dental\dental\data\detection_hierarchical\images\train\cx_014002.jpg,cx_014002.jpg,train,existing,dhash,1,exclude
C:\Pywork\dental\dental\data\raw\zenodo\panoramic_radiography_yolo_dataset_14_classes\train\images\1152.jpg,train/images/1152.jpg,train,C:\Pywork\dental\dental\data\detection_hierarchical\images\train\umfih_1152.jpg,umfih_1152.jpg,train,existing,dhash,0,exclude
C:\Pywork\dental\dental\data\raw\zenodo\panoramic_radiography_yolo_dataset_14_classes\train\images\1153.jpg,train/images/1153.jpg,train,C:\Pywork\dental\dental\data\detection_hierarchical\images\train\umfih_1153.jpg,umfih_1153.jpg,train,existing,dhash,0,exclude
C:\Pywork\dental\dental\data\raw\zenodo\panoramic_radiography_yolo_dataset_14_classes\train\images\1154.jpg,train/images/1154.jpg,train,C:\Pywork\dental\dental\data\detection_hierarchical\images\train\umfih_1154.jpg,umfih_1154.jpg,train,existing,dhash,0,exclude
C:\Pywork\dental\dental\data\raw\zenodo\panoramic_radiography_yolo_dataset_14_classes\train\images\1155.jpg,train/images/1155.jpg,train,C:\Pywork\dental\dental\data\detection_hierarchical\images\train\umfih_1155.jpg,umfih_1155.jpg,train,existing,dhash,0,exclude
C:\Pywork\dental\dental\data\raw\zenodo\panoramic_radiography_yolo_dataset_14_classes\train\images\1156.jpg,train/images/1156.jpg,train,C:\Pywork\dental\dental\data\detection_hierarchical\images\train\umfih_1156.jpg,umfih_1156.jpg,train,existing,dhash,0,exclude
C:\Pywork\dental\dental\data\raw\zenodo\panoramic_radiography_yolo_dataset_14_classes\train\images\1157.jpg,train/images/1157.jpg,train,C:\Pywork\dental\dental\data\detection_hierarchical\images\train\umfih_1157.jpg,umfih_1157.jpg,train,existing,dhash,0,exclude
C:\Pywork\dental\dental\data\raw\zenodo\panoramic_radiography_yolo_dataset_14_classes\train\images\1158.jpg,train/images/1158.jpg,train,C:\Pywork\dental\dental\data\detection_hierarchical\images\train\umfih_1158.jpg,umfih_1158.jpg,train,existing,dhash,0,exclude
C:\Pywork\dental\dental\data\raw\zenodo\panoramic_radiography_yolo_dataset_14_classes\train\images\1159.jpg,train/images/1159.jpg,train,C:\Pywork\dental\dental\data\detection_hierarchical\images\train\umfih_1159.jpg,umfih_1159.jpg,train,existing,dhash,0,exclude
C:\Pywork\dental\dental\data\raw\zenodo\panoramic_radiography_yolo_dataset_14_classes\train\images\116.jpg,train/images/116.jpg,train,C:\Pywork\dental\dental\data\detection_hierarchical\images\train\umfih_116.jpg,umfih_116.jpg,train,existing,dhash,0,exclude
C:\Pywork\dental\dental\data\raw\zenodo\panoramic_radiography_yolo_dataset_14_classes\train\images\1161.jpg,train/images/1161.jpg,train,C:\Pywork\dental\dental\data\detection_hierarchical\images\train\umfih_1161.jpg,umfih_1161.jpg,train,existing,dhash,0,exclude
C:\Pywork\dental\dental\data\raw\zenodo\panoramic_radiography_yolo_dataset_14_classes\train\images\1162.jpg,train/images/1162.jpg,train,C:\Pywork\dental\dental\data\detection_hierarchical\images\train\cx_026243.jpg,cx_026243.jpg,train,existing,dhash,4,exclude
C:\Pywork\dental\dental\data\raw\zenodo\panoramic_radiography_yolo_dataset_14_classes\train\images\1163.jpg,train/images/1163.jpg,train,C:\Pywork\dental\dental\data\detection_hierarchical\images\train\umfih_1163.jpg,umfih_1163.jpg,train,existing,dhash,0,exclude
C:\Pywork\dental\dental\data\raw\zenodo\panoramic_radiography_yolo_dataset_14_classes\train\images\1164.jpg,train/images/1164.jpg,train,C:\Pywork\dental\dental\data\detection_hierarchical\images\train\umfih_1164.jpg,umfih_1164.jpg,train,existing,dhash,0,exclude
C:\Pywork\dental\dental\data\raw\zenodo\panoramic_radiography_yolo_dataset_14_classes\train\images\1165.jpg,train/images/1165.jpg,train,C:\Pywork\dental\dental\data\detection_hierarchical\images\train\umfih_1165.jpg,umfih_1165.jpg,train,existing,dhash,0,exclude
C:\Pywork\dental\dental\data\raw\zenodo\panoramic_radiography_yolo_dataset_14_classes\train\images\1166.jpg,train/images/1166.jpg,train,C:\Pywork\dental\dental\data\detection_hierarchical\images\train\umfih_1166.jpg,umfih_1166.jpg,train,existing,dhash,0,exclude
C:\Pywork\dental\dental\data\raw\zenodo\panoramic_radiography_yolo_dataset_14_classes\train\images\1167.jpg,train/images/1167.jpg,train,C:\Pywork\dental\dental\data\detection_hierarchical\images\train\umfih_1167.jpg,umfih_1167.jpg,train,existing,dhash,0,exclude
C:\Pywork\dental\dental\data\raw\zenodo\panoramic_radiography_yolo_dataset_14_classes\train\images\1168.jpg,train/images/1168.jpg,train,C:\Pywork\dental\dental\data\detection_hierarchical\images\train\umfih_1168.jpg,umfih_1168.jpg,train,existing,dhash,0,exclude
C:\Pywork\dental\dental\data\raw\zenodo\panoramic_radiography_yolo_dataset_14_classes\train\images\1169.jpg,train/images/1169.jpg,train,C:\Pywork\dental\dental\data\detection_hierarchical\images\train\umfih_1169.jpg,umfih_1169.jpg,train,existing,dhash,0,exclude
C:\Pywork\dental\dental\data\raw\zenodo\panoramic_radiography_yolo_dataset_14_classes\train\images\117.jpg,train/images/117.jpg,train,C:\Pywork\dental\dental\data\detection_hierarchical\images\train\umfih_117.jpg,umfih_117.jpg,train,existing,dhash,0,exclude
C:\Pywork\dental\dental\data\raw\zenodo\panoramic_radiography_yolo_dataset_14_classes\train\images\1171.jpg,train/images/1171.jpg,train,C:\Pywork\dental\dental\data\detection_hierarchical\images\train\umfih_1171.jpg,umfih_1171.jpg,train,existing,dhash,0,exclude
C:\Pywork\dental\dental\data\raw\zenodo\panoramic_radiography_yolo_dataset_14_classes\train\images\1172.jpg,train/images/1172.jpg,train,C:\Pywork\dental\dental\data\detection_hierarchical\images\train\umfih_1172.jpg,umfih_1172.jpg,train,existing,dhash,0,exclude
C:\Pywork\dental\dental\data\raw\zenodo\panoramic_radiography_yolo_dataset_14_classes\train\images\1173.jpg,train/images/1173.jpg,train,C:\Pywork\dental\dental\data\detection_hierarchical\images\train\umfih_1173.jpg,umfih_1173.jpg,train,existing,dhash,0,exclude
C:\Pywork\dental\dental\data\raw\zenodo\panoramic_radiography_yolo_dataset_14_classes\train\images\1174.jpg,train/images/1174.jpg,train,C:\Pywork\dental\dental\data\detection_hierarchical\images\train\umfih_1174.jpg,umfih_1174.jpg,train,existing,dhash,0,exclude
C:\Pywork\dental\dental\data\raw\zenodo\panoramic_radiography_yolo_dataset_14_classes\train\images\1175.jpg,train/images/1175.jpg,train,C:\Pywork\dental\dental\data\detection_hierarchical\images\train\umfih_1175.jpg,umfih_1175.jpg,train,existing,dhash,0,exclude
C:\Pywork\dental\dental\data\raw\zenodo\panoramic_radiography_yolo_dataset_14_classes\train\images\1176.jpg,train/images/1176.jpg,train,C:\Pywork\dental\dental\data\detection_hierarchical\images\train\umfih_1001.jpg,umfih_1001.jpg,train,existing,dhash,0,exclude
C:\Pywork\dental\dental\data\raw\zenodo\panoramic_radiography_yolo_dataset_14_classes\train\images\1177.jpg,train/images/1177.jpg,train,C:\Pywork\dental\dental\data\detection_hierarchical\images\train\umfih_1002.jpg,umfih_1002.jpg,train,existing,dhash,0,exclude
C:\Pywork\dental\dental\data\raw\zenodo\panoramic_radiography_yolo_dataset_14_classes\train\images\1179.jpg,train/images/1179.jpg,train,C:\Pywork\dental\dental\data\detection_hierarchical\images\train\umfih_1004.jpg,umfih_1004.jpg,train,existing,dhash,0,exclude
C:\Pywork\dental\dental\data\raw\zenodo\panoramic_radiography_yolo_dataset_14_classes\train\images\118.jpg,train/images/118.jpg,train,C:\Pywork\dental\dental\data\detection_hierarchical\images\train\umfih_118.jpg,umfih_118.jpg,train,existing,dhash,0,exclude
C:\Pywork\dental\dental\data\raw\zenodo\panoramic_radiography_yolo_dataset_14_classes\train\images\1181.jpg,train/images/1181.jpg,train,C:\Pywork\dental\dental\data\detection_hierarchical\images\train\umfih_1006.jpg,umfih_1006.jpg,train,existing,dhash,0,exclude
C:\Pywork\dental\dental\data\raw\zenodo\panoramic_radiography_yolo_dataset_14_classes\train\images\1182.jpg,train/images/1182.jpg,train,C:\Pywork\dental\dental\data\detection_hierarchical\images\train\umfih_1006.jpg,umfih_1006.jpg,train,existing,dhash,0,exclude
C:\Pywork\dental\dental\data\raw\zenodo\panoramic_radiography_yolo_dataset_14_classes\train\images\1183.jpg,train/images/1183.jpg,train,C:\Pywork\dental\dental\data\detection_hierarchical\images\train\umfih_1183.jpg,umfih_1183.jpg,train,existing,dhash,0,exclude
C:\Pywork\dental\dental\data\raw\zenodo\panoramic_radiography_yolo_dataset_14_classes\train\images\1184.jpg,train/images/1184.jpg,train,C:\Pywork\dental\dental\data\detection_hierarchical\images\train\umfih_1184.jpg,umfih_1184.jpg,train,existing,dhash,0,exclude
C:\Pywork\dental\dental\data\raw\zenodo\panoramic_radiography_yolo_dataset_14_classes\train\images\1185.jpg,train/images/1185.jpg,train,C:\Pywork\dental\dental\data\detection_hierarchical\images\train\umfih_1185.jpg,umfih_1185.jpg,train,existing,dhash,0,exclude
C:\Pywork\dental\dental\data\raw\zenodo\panoramic_radiography_yolo_dataset_14_classes\train\images\1186.jpg,train/images/1186.jpg,train,C:\Pywork\dental\dental\data\detection_hierarchical\images\train\umfih_1186.jpg,umfih_1186.jpg,train,existing,dhash,0,exclude
C:\Pywork\dental\dental\data\raw\zenodo\panoramic_radiography_yolo_dataset_14_classes\train\images\1187.jpg,train/images/1187.jpg,train,C:\Pywork\dental\dental\data\detection_hierarchical\images\train\umfih_1187.jpg,umfih_1187.jpg,train,existing,dhash,0,exclude
C:\Pywork\dental\dental\data\raw\zenodo\panoramic_radiography_yolo_dataset_14_classes\train\images\1188.jpg,train/images/1188.jpg,train,C:\Pywork\dental\dental\data\detection_hierarchical\images\train\umfih_1007.jpg,umfih_1007.jpg,train,existing,dhash,0,exclude
C:\Pywork\dental\dental\data\raw\zenodo\panoramic_radiography_yolo_dataset_14_classes\train\images\1189.jpg,train/images/1189.jpg,train,C:\Pywork\dental\dental\data\detection_hierarchical\images\train\umfih_1008.jpg,umfih_1008.jpg,train,existing,dhash,0,exclude
C:\Pywork\dental\dental\data\raw\zenodo\panoramic_radiography_yolo_dataset_14_classes\train\images\119.jpg,train/images/119.jpg,train,C:\Pywork\dental\dental\data\detection_hierarchical\images\train\umfih_119.jpg,umfih_119.jpg,train,existing,dhash,0,exclude
C:\Pywork\dental\dental\data\raw\zenodo\panoramic_radiography_yolo_dataset_14_classes\train\images\1191.jpg,train/images/1191.jpg,train,C:\Pywork\dental\dental\data\detection_hierarchical\images\train\umfih_1191.jpg,umfih_1191.jpg,train,existing,dhash,0,exclude
C:\Pywork\dental\dental\data\raw\zenodo\panoramic_radiography_yolo_dataset_14_classes\train\images\1192.jpg,train/images/1192.jpg,train,C:\Pywork\dental\dental\data\detection_hierarchical\images\train\umfih_1192.jpg,umfih_1192.jpg,train,existing,dhash,0,exclude
C:\Pywork\dental\dental\data\raw\zenodo\panoramic_radiography_yolo_dataset_14_classes\train\images\1193.jpg,train/images/1193.jpg,train,C:\Pywork\dental\dental\data\detection_hierarchical\images\train\umfih_1011.jpg,umfih_1011.jpg,train,existing,dhash,0,exclude
C:\Pywork\dental\dental\data\raw\zenodo\panoramic_radiography_yolo_dataset_14_classes\train\images\1194.jpg,train/images/1194.jpg,train,C:\Pywork\dental\dental\data\detection_hierarchical\images\train\umfih_1194.jpg,umfih_1194.jpg,train,existing,dhash,0,exclude
C:\Pywork\dental\dental\data\raw\zenodo\panoramic_radiography_yolo_dataset_14_classes\train\images\1195.jpg,train/images/1195.jpg,train,C:\Pywork\dental\dental\data\detection_hierarchical\images\train\umfih_1195.jpg,umfih_1195.jpg,train,existing,dhash,0,exclude
C:\Pywork\dental\dental\data\raw\zenodo\panoramic_radiography_yolo_dataset_14_classes\train\images\1196.jpg,train/images/1196.jpg,train,C:\Pywork\dental\dental\data\detection_hierarchical\images\train\umfih_1196.jpg,umfih_1196.jpg,train,existing,dhash,0,exclude
C:\Pywork\dental\dental\data\raw\zenodo\panoramic_radiography_yolo_dataset_14_classes\train\images\1197.jpg,train/images/1197.jpg,train,C:\Pywork\dental\dental\data\detection_hierarchical\images\train\umfih_1197.jpg,umfih_1197.jpg,train,existing,dhash,0,exclude
C:\Pywork\dental\dental\data\raw\zenodo\panoramic_radiography_yolo_dataset_14_classes\train\images\1198.jpg,train/images/1198.jpg,train,C:\Pywork\dental\dental\data\detection_hierarchical\images\train\umfih_1198.jpg,umfih_1198.jpg,train,existing,dhash,0,exclude
C:\Pywork\dental\dental\data\raw\zenodo\panoramic_radiography_yolo_dataset_14_classes\train\images\1199.jpg,train/images/1199.jpg,train,C:\Pywork\dental\dental\data\detection_hierarchical\images\train\umfih_1199.jpg,umfih_1199.jpg,train,existing,dhash,0,exclude
C:\Pywork\dental\dental\data\raw\zenodo\panoramic_radiography_yolo_dataset_14_classes\train\images\12.jpg,train/images/12.jpg,train,C:\Pywork\dental\dental\data\detection_hierarchical\images\train\umfih_12.jpg,umfih_12.jpg,train,existing,dhash,0,exclude
C:\Pywork\dental\dental\data\raw\zenodo\panoramic_radiography_yolo_dataset_14_classes\train\images\1201.jpg,train/images/1201.jpg,train,C:\Pywork\dental\dental\data\detection_hierarchical\images\train\umfih_1015.jpg,umfih_1015.jpg,train,existing,dhash,0,exclude
C:\Pywork\dental\dental\data\raw\zenodo\panoramic_radiography_yolo_dataset_14_classes\train\images\1202.jpg,train/images/1202.jpg,train,C:\Pywork\dental\dental\data\detection_hierarchical\images\train\umfih_1016.jpg,umfih_1016.jpg,train,existing,dhash,0,exclude
C:\Pywork\dental\dental\data\raw\zenodo\panoramic_radiography_yolo_dataset_14_classes\train\images\1203.jpg,train/images/1203.jpg,train,C:\Pywork\dental\dental\data\detection_hierarchical\images\train\umfih_1203.jpg,umfih_1203.jpg,train,existing,dhash,0,exclude
C:\Pywork\dental\dental\data\raw\zenodo\panoramic_radiography_yolo_dataset_14_classes\train\images\1204.jpg,train/images/1204.jpg,train,C:\Pywork\dental\dental\data\detection_hierarchical\images\train\umfih_1017.jpg,umfih_1017.jpg,train,existing,dhash,0,exclude
C:\Pywork\dental\dental\data\raw\zenodo\panoramic_radiography_yolo_dataset_14_classes\train\images\1206.jpg,train/images/1206.jpg,train,C:\Pywork\dental\dental\data\detection_hierarchical\images\train\umfih_1019.jpg,umfih_1019.jpg,train,existing,dhash,0,exclude
C:\Pywork\dental\dental\data\raw\zenodo\panoramic_radiography_yolo_dataset_14_classes\train\images\1207.jpg,train/images/1207.jpg,train,C:\Pywork\dental\dental\data\detection_hierarchical\images\train\umfih_1207.jpg,umfih_1207.jpg,train,existing,dhash,0,exclude
C:\Pywork\dental\dental\data\raw\zenodo\panoramic_radiography_yolo_dataset_14_classes\train\images\1208.jpg,train/images/1208.jpg,train,C:\Pywork\dental\dental\data\detection_hierarchical\images\train\umfih_1021.jpg,umfih_1021.jpg,train,existing,dhash,0,exclude
C:\Pywork\dental\dental\data\raw\zenodo\panoramic_radiography_yolo_dataset_14_classes\train\images\1209.jpg,train/images/1209.jpg,train,C:\Pywork\dental\dental\data\detection_hierarchical\images\train\umfih_1209.jpg,umfih_1209.jpg,train,existing,dhash,0,exclude
C:\Pywork\dental\dental\data\raw\zenodo\panoramic_radiography_yolo_dataset_14_classes\train\images\1211.jpg,train/images/1211.jpg,train,C:\Pywork\dental\dental\data\detection_hierarchical\images\train\umfih_1022.jpg,umfih_1022.jpg,train,existing,dhash,0,exclude
C:\Pywork\dental\dental\data\raw\zenodo\panoramic_radiography_yolo_dataset_14_classes\train\images\1212.jpg,train/images/1212.jpg,train,C:\Pywork\dental\dental\data\detection_hierarchical\images\train\umfih_1023.jpg,umfih_1023.jpg,train,existing,dhash,0,exclude
C:\Pywork\dental\dental\data\raw\zenodo\panoramic_radiography_yolo_dataset_14_classes\train\images\1213.jpg,train/images/1213.jpg,train,C:\Pywork\dental\dental\data\detection_hierarchical\images\train\umfih_1213.jpg,umfih_1213.jpg,train,existing,dhash,0,exclude
C:\Pywork\dental\dental\data\raw\zenodo\panoramic_radiography_yolo_dataset_14_classes\train\images\1214.jpg,train/images/1214.jpg,train,C:\Pywork\dental\dental\data\detection_hierarchical\images\train\umfih_1024.jpg,umfih_1024.jpg,train,existing,dhash,0,exclude
C:\Pywork\dental\dental\data\raw\zenodo\panoramic_radiography_yolo_dataset_14_classes\train\images\1216.jpg,train/images/1216.jpg,train,C:\Pywork\dental\dental\data\detection_hierarchical\images\train\umfih_1025.jpg,umfih_1025.jpg,train,existing,dhash,0,exclude
C:\Pywork\dental\dental\data\raw\zenodo\panoramic_radiography_yolo_dataset_14_classes\train\images\1219.jpg,train/images/1219.jpg,train,C:\Pywork\dental\dental\data\detection_hierarchical\images\train\umfih_1219.jpg,umfih_1219.jpg,train,existing,dhash,0,exclude
C:\Pywork\dental\dental\data\raw\zenodo\panoramic_radiography_yolo_dataset_14_classes\train\images\122.jpg,train/images/122.jpg,train,C:\Pywork\dental\dental\data\detection_hierarchical\images\train\umfih_122.jpg,umfih_122.jpg,train,existing,dhash,0,exclude
C:\Pywork\dental\dental\data\raw\zenodo\panoramic_radiography_yolo_dataset_14_classes\train\images\1221.jpg,train/images/1221.jpg,train,C:\Pywork\dental\dental\data\detection_hierarchical\images\train\umfih_1027.jpg,umfih_1027.jpg,train,existing,dhash,0,exclude
C:\Pywork\dental\dental\data\raw\zenodo\panoramic_radiography_yolo_dataset_14_classes\train\images\1222.jpg,train/images/1222.jpg,train,C:\Pywork\dental\dental\data\detection_hierarchical\images\train\umfih_1222.jpg,umfih_1222.jpg,train,existing,dhash,0,exclude
C:\Pywork\dental\dental\data\raw\zenodo\panoramic_radiography_yolo_dataset_14_classes\train\images\1223.jpg,train/images/1223.jpg,train,C:\Pywork\dental\dental\data\detection_hierarchical\images\train\umfih_1028.jpg,umfih_1028.jpg,train,existing,dhash,0,exclude
C:\Pywork\dental\dental\data\raw\zenodo\panoramic_radiography_yolo_dataset_14_classes\train\images\1224.jpg,train/images/1224.jpg,train,C:\Pywork\dental\dental\data\detection_hierarchical\images\train\umfih_1029.jpg,umfih_1029.jpg,train,existing,dhash,0,exclude
C:\Pywork\dental\dental\data\raw\zenodo\panoramic_radiography_yolo_dataset_14_classes\train\images\1225.jpg,train/images/1225.jpg,train,C:\Pywork\dental\dental\data\detection_hierarchical\images\train\umfih_1225.jpg,umfih_1225.jpg,train,existing,dhash,0,exclude
C:\Pywork\dental\dental\data\raw\zenodo\panoramic_radiography_yolo_dataset_14_classes\train\images\1226.jpg,train/images/1226.jpg,train,C:\Pywork\dental\dental\data\detection_hierarchical\images\train\umfih_1031.jpg,umfih_1031.jpg,train,existing,dhash,0,exclude
C:\Pywork\dental\dental\data\raw\zenodo\panoramic_radiography_yolo_dataset_14_classes\train\images\1227.jpg,train/images/1227.jpg,train,C:\Pywork\dental\dental\data\detection_hierarchical\images\train\umfih_1032.jpg,umfih_1032.jpg,train,existing,dhash,0,exclude
C:\Pywork\dental\dental\data\raw\zenodo\panoramic_radiography_yolo_dataset_14_classes\train\images\1228.jpg,train/images/1228.jpg,train,C:\Pywork\dental\dental\data\detection_hierarchical\images\train\umfih_1034.jpg,umfih_1034.jpg,train,existing,dhash,0,exclude
C:\Pywork\dental\dental\data\raw\zenodo\panoramic_radiography_yolo_dataset_14_classes\train\images\1229.jpg,train/images/1229.jpg,train,C:\Pywork\dental\dental\data\detection_hierarchical\images\train\umfih_1035.jpg,umfih_1035.jpg,train,existing,dhash,0,exclude
C:\Pywork\dental\dental\data\raw\zenodo\panoramic_radiography_yolo_dataset_14_classes\train\images\123.jpg,train/images/123.jpg,train,C:\Pywork\dental\dental\data\detection_hierarchical\images\train\umfih_123.jpg,umfih_123.jpg,train,existing,dhash,0,exclude
C:\Pywork\dental\dental\data\raw\zenodo\panoramic_radiography_yolo_dataset_14_classes\train\images\1231.jpg,train/images/1231.jpg,train,C:\Pywork\dental\dental\data\detection_hierarchical\images\train\umfih_1231.jpg,umfih_1231.jpg,train,existing,dhash,0,exclude
C:\Pywork\dental\dental\data\raw\zenodo\panoramic_radiography_yolo_dataset_14_classes\train\images\1234.jpg,train/images/1234.jpg,train,C:\Pywork\dental\dental\data\detection_hierarchical\images\train\umfih_1234.jpg,umfih_1234.jpg,train,existing,dhash,0,exclude
C:\Pywork\dental\dental\data\raw\zenodo\panoramic_radiography_yolo_dataset_14_classes\train\images\1235.jpg,train/images/1235.jpg,train,C:\Pywork\dental\dental\data\detection_hierarchical\images\train\umfih_1235.jpg,umfih_1235.jpg,train,existing,dhash,0,exclude
C:\Pywork\dental\dental\data\raw\zenodo\panoramic_radiography_yolo_dataset_14_classes\train\images\1236.jpg,train/images/1236.jpg,train,C:\Pywork\dental\dental\data\detection_hierarchical\images\train\umfih_1037.jpg,umfih_1037.jpg,train,existing,dhash,0,exclude
C:\Pywork\dental\dental\data\raw\zenodo\panoramic_radiography_yolo_dataset_14_classes\train\images\1237.jpg,train/images/1237.jpg,train,C:\Pywork\dental\dental\data\detection_hierarchical\images\train\umfih_1038.jpg,umfih_1038.jpg,train,existing,dhash,0,exclude
C:\Pywork\dental\dental\data\raw\zenodo\panoramic_radiography_yolo_dataset_14_classes\train\images\1238.jpg,train/images/1238.jpg,train,C:\Pywork\dental\dental\data\detection_hierarchical\images\train\umfih_1039.jpg,umfih_1039.jpg,train,existing,dhash,0,exclude
C:\Pywork\dental\dental\data\raw\zenodo\panoramic_radiography_yolo_dataset_14_classes\train\images\1239.jpg,train/images/1239.jpg,train,C:\Pywork\dental\dental\data\detection_hierarchical\images\train\umfih_1239.jpg,umfih_1239.jpg,train,existing,dhash,0,exclude
C:\Pywork\dental\dental\data\raw\zenodo\panoramic_radiography_yolo_dataset_14_classes\train\images\124.jpg,train/images/124.jpg,train,C:\Pywork\dental\dental\data\detection_hierarchical\images\train\umfih_124.jpg,umfih_124.jpg,train,existing,dhash,0,exclude
C:\Pywork\dental\dental\data\raw\zenodo\panoramic_radiography_yolo_dataset_14_classes\train\images\1242.jpg,train/images/1242.jpg,train,C:\Pywork\dental\dental\data\detection_hierarchical\images\train\umfih_1043.jpg,umfih_1043.jpg,train,existing,dhash,0,exclude
C:\Pywork\dental\dental\data\raw\zenodo\panoramic_radiography_yolo_dataset_14_classes\train\images\1243.jpg,train/images/1243.jpg,train,C:\Pywork\dental\dental\data\detection_hierarchical\images\train\umfih_1243.jpg,umfih_1243.jpg,train,existing,dhash,0,exclude
C:\Pywork\dental\dental\data\raw\zenodo\panoramic_radiography_yolo_dataset_14_classes\train\images\1244.jpg,train/images/1244.jpg,train,C:\Pywork\dental\dental\data\detection_hierarchical\images\train\umfih_1044.jpg,umfih_1044.jpg,train,existing,dhash,0,exclude
C:\Pywork\dental\dental\data\raw\zenodo\panoramic_radiography_yolo_dataset_14_classes\train\images\1245.jpg,train/images/1245.jpg,train,C:\Pywork\dental\dental\data\detection_hierarchical\images\train\umfih_1245.jpg,umfih_1245.jpg,train,existing,dhash,0,exclude
C:\Pywork\dental\dental\data\raw\zenodo\panoramic_radiography_yolo_dataset_14_classes\train\images\1246.jpg,train/images/1246.jpg,train,C:\Pywork\dental\dental\data\detection_hierarchical\images\train\umfih_1045.jpg,umfih_1045.jpg,train,existing,dhash,0,exclude
C:\Pywork\dental\dental\data\raw\zenodo\panoramic_radiography_yolo_dataset_14_classes\train\images\1248.jpg,train/images/1248.jpg,train,C:\Pywork\dental\dental\data\detection_hierarchical\images\train\umfih_1046.jpg,umfih_1046.jpg,train,existing,dhash,0,exclude
C:\Pywork\dental\dental\data\raw\zenodo\panoramic_radiography_yolo_dataset_14_classes\train\images\1249.jpg,train/images/1249.jpg,train,C:\Pywork\dental\dental\data\detection_hierarchical\images\train\umfih_1249.jpg,umfih_1249.jpg,train,existing,dhash,0,exclude
C:\Pywork\dental\dental\data\raw\zenodo\panoramic_radiography_yolo_dataset_14_classes\train\images\125.jpg,train/images/125.jpg,train,C:\Pywork\dental\dental\data\detection_hierarchical\images\train\umfih_125.jpg,umfih_125.jpg,train,existing,dhash,0,exclude
C:\Pywork\dental\dental\data\raw\zenodo\panoramic_radiography_yolo_dataset_14_classes\train\images\1251.jpg,train/images/1251.jpg,train,C:\Pywork\dental\dental\data\detection_hierarchical\images\train\umfih_1047.jpg,umfih_1047.jpg,train,existing,dhash,0,exclude
C:\Pywork\dental\dental\data\raw\zenodo\panoramic_radiography_yolo_dataset_14_classes\train\images\1252.jpg,train/images/1252.jpg,train,C:\Pywork\dental\dental\data\detection_hierarchical\images\train\umfih_1048.jpg,umfih_1048.jpg,train,existing,dhash,0,exclude
C:\Pywork\dental\dental\data\raw\zenodo\panoramic_radiography_yolo_dataset_14_classes\train\images\1253.jpg,train/images/1253.jpg,train,C:\Pywork\dental\dental\data\detection_hierarchical\images\train\umfih_1049.jpg,umfih_1049.jpg,train,existing,dhash,0,exclude
C:\Pywork\dental\dental\data\raw\zenodo\panoramic_radiography_yolo_dataset_14_classes\train\images\1254.jpg,train/images/1254.jpg,train,C:\Pywork\dental\dental\data\detection_hierarchical\images\train\umfih_1254.jpg,umfih_1254.jpg,train,existing,dhash,0,exclude
C:\Pywork\dental\dental\data\raw\zenodo\panoramic_radiography_yolo_dataset_14_classes\train\images\1255.jpg,train/images/1255.jpg,train,C:\Pywork\dental\dental\data\detection_hierarchical\images\train\umfih_1051.jpg,umfih_1051.jpg,train,existing,dhash,0,exclude
C:\Pywork\dental\dental\data\raw\zenodo\panoramic_radiography_yolo_dataset_14_classes\train\images\1256.jpg,train/images/1256.jpg,train,C:\Pywork\dental\dental\data\detection_hierarchical\images\train\umfih_1052.jpg,umfih_1052.jpg,train,existing,dhash,0,exclude
C:\Pywork\dental\dental\data\raw\zenodo\panoramic_radiography_yolo_dataset_14_classes\train\images\1257.jpg,train/images/1257.jpg,train,C:\Pywork\dental\dental\data\detection_hierarchical\images\train\umfih_1257.jpg,umfih_1257.jpg,train,existing,dhash,0,exclude
C:\Pywork\dental\dental\data\raw\zenodo\panoramic_radiography_yolo_dataset_14_classes\train\images\1258.jpg,train/images/1258.jpg,train,C:\Pywork\dental\dental\data\detection_hierarchical\images\train\umfih_1258.jpg,umfih_1258.jpg,train,existing,dhash,0,exclude
C:\Pywork\dental\dental\data\raw\zenodo\panoramic_radiography_yolo_dataset_14_classes\train\images\1259.jpg,train/images/1259.jpg,train,C:\Pywork\dental\dental\data\detection_hierarchical\images\train\umfih_1053.jpg,umfih_1053.jpg,train,existing,dhash,0,exclude
C:\Pywork\dental\dental\data\raw\zenodo\panoramic_radiography_yolo_dataset_14_classes\train\images\126.jpg,train/images/126.jpg,train,C:\Pywork\dental\dental\data\detection_hierarchical\images\train\umfih_126.jpg,umfih_126.jpg,train,existing,dhash,0,exclude
C:\Pywork\dental\dental\data\raw\zenodo\panoramic_radiography_yolo_dataset_14_classes\train\images\1261.jpg,train/images/1261.jpg,train,C:\Pywork\dental\dental\data\detection_hierarchical\images\train\umfih_1054.jpg,umfih_1054.jpg,train,existing,dhash,0,exclude
C:\Pywork\dental\dental\data\raw\zenodo\panoramic_radiography_yolo_dataset_14_classes\train\images\1264.jpg,train/images/1264.jpg,train,C:\Pywork\dental\dental\data\detection_hierarchical\images\train\umfih_1055.jpg,umfih_1055.jpg,train,existing,dhash,0,exclude
C:\Pywork\dental\dental\data\raw\zenodo\panoramic_radiography_yolo_dataset_14_classes\train\images\1265.jpg,train/images/1265.jpg,train,C:\Pywork\dental\dental\data\detection_hierarchical\images\train\umfih_1056.jpg,umfih_1056.jpg,train,existing,dhash,0,exclude
C:\Pywork\dental\dental\data\raw\zenodo\panoramic_radiography_yolo_dataset_14_classes\train\images\1266.jpg,train/images/1266.jpg,train,C:\Pywork\dental\dental\data\detection_hierarchical\images\train\umfih_1057.jpg,umfih_1057.jpg,train,existing,dhash,0,exclude
C:\Pywork\dental\dental\data\raw\zenodo\panoramic_radiography_yolo_dataset_14_classes\train\images\1267.jpg,train/images/1267.jpg,train,C:\Pywork\dental\dental\data\detection_hierarchical\images\train\umfih_1267.jpg,umfih_1267.jpg,train,existing,dhash,0,exclude
C:\Pywork\dental\dental\data\raw\zenodo\panoramic_radiography_yolo_dataset_14_classes\train\images\1268.jpg,train/images/1268.jpg,train,C:\Pywork\dental\dental\data\detection_hierarchical\images\train\umfih_1268.jpg,umfih_1268.jpg,train,existing,dhash,0,exclude
C:\Pywork\dental\dental\data\raw\zenodo\panoramic_radiography_yolo_dataset_14_classes\train\images\1269.jpg,train/images/1269.jpg,train,C:\Pywork\dental\dental\data\detection_hierarchical\images\train\umfih_1269.jpg,umfih_1269.jpg,train,existing,dhash,0,exclude
C:\Pywork\dental\dental\data\raw\zenodo\panoramic_radiography_yolo_dataset_14_classes\train\images\1271.jpg,train/images/1271.jpg,train,C:\Pywork\dental\dental\data\detection_hierarchical\images\train\umfih_1271.jpg,umfih_1271.jpg,train,existing,dhash,0,exclude
C:\Pywork\dental\dental\data\raw\zenodo\panoramic_radiography_yolo_dataset_14_classes\train\images\1272.jpg,train/images/1272.jpg,train,C:\Pywork\dental\dental\data\detection_hierarchical\images\train\umfih_1058.jpg,umfih_1058.jpg,train,existing,dhash,0,exclude
C:\Pywork\dental\dental\data\raw\zenodo\panoramic_radiography_yolo_dataset_14_classes\train\images\1273.jpg,train/images/1273.jpg,train,C:\Pywork\dental\dental\data\detection_hierarchical\images\train\umfih_1273.jpg,umfih_1273.jpg,train,existing,dhash,0,exclude
C:\Pywork\dental\dental\data\raw\zenodo\panoramic_radiography_yolo_dataset_14_classes\train\images\1274.jpg,train/images/1274.jpg,train,C:\Pywork\dental\dental\data\detection_hierarchical\images\train\umfih_1274.jpg,umfih_1274.jpg,train,existing,dhash,0,exclude
C:\Pywork\dental\dental\data\raw\zenodo\panoramic_radiography_yolo_dataset_14_classes\train\images\1275.jpg,train/images/1275.jpg,train,C:\Pywork\dental\dental\data\detection_hierarchical\images\train\umfih_1275.jpg,umfih_1275.jpg,train,existing,dhash,0,exclude
C:\Pywork\dental\dental\data\raw\zenodo\panoramic_radiography_yolo_dataset_14_classes\train\images\1276.jpg,train/images/1276.jpg,train,C:\Pywork\dental\dental\data\detection_hierarchical\images\train\umfih_1276.jpg,umfih_1276.jpg,train,existing,dhash,0,exclude
C:\Pywork\dental\dental\data\raw\zenodo\panoramic_radiography_yolo_dataset_14_classes\train\images\1277.jpg,train/images/1277.jpg,train,C:\Pywork\dental\dental\data\detection_hierarchical\images\train\umfih_1061.jpg,umfih_1061.jpg,train,existing,dhash,0,exclude
C:\Pywork\dental\dental\data\raw\zenodo\panoramic_radiography_yolo_dataset_14_classes\train\images\1278.jpg,train/images/1278.jpg,train,C:\Pywork\dental\dental\data\detection_hierarchical\images\train\umfih_1062.jpg,umfih_1062.jpg,train,existing,dhash,0,exclude
C:\Pywork\dental\dental\data\raw\zenodo\panoramic_radiography_yolo_dataset_14_classes\train\images\1279.jpg,train/images/1279.jpg,train,C:\Pywork\dental\dental\data\detection_hierarchical\images\train\umfih_1279.jpg,umfih_1279.jpg,train,existing,dhash,0,exclude
C:\Pywork\dental\dental\data\raw\zenodo\panoramic_radiography_yolo_dataset_14_classes\train\images\128.jpg,train/images/128.jpg,train,C:\Pywork\dental\dental\data\detection_hierarchical\images\train\umfih_128.jpg,umfih_128.jpg,train,existing,dhash,0,exclude
C:\Pywork\dental\dental\data\raw\zenodo\panoramic_radiography_yolo_dataset_14_classes\train\images\1281.jpg,train/images/1281.jpg,train,C:\Pywork\dental\dental\data\detection_hierarchical\images\train\umfih_1281.jpg,umfih_1281.jpg,train,existing,dhash,0,exclude
C:\Pywork\dental\dental\data\raw\zenodo\panoramic_radiography_yolo_dataset_14_classes\train\images\1282.jpg,train/images/1282.jpg,train,C:\Pywork\dental\dental\data\detection_hierarchical\images\train\umfih_1282.jpg,umfih_1282.jpg,train,existing,dhash,0,exclude
C:\Pywork\dental\dental\data\raw\zenodo\panoramic_radiography_yolo_dataset_14_classes\train\images\1283.jpg,train/images/1283.jpg,train,C:\Pywork\dental\dental\data\detection_hierarchical\images\train\umfih_1283.jpg,umfih_1283.jpg,train,existing,dhash,0,exclude
C:\Pywork\dental\dental\data\raw\zenodo\panoramic_radiography_yolo_dataset_14_classes\train\images\1284.jpg,train/images/1284.jpg,train,C:\Pywork\dental\dental\data\detection_hierarchical\images\train\umfih_1284.jpg,umfih_1284.jpg,train,existing,dhash,0,exclude
C:\Pywork\dental\dental\data\raw\zenodo\panoramic_radiography_yolo_dataset_14_classes\train\images\1285.jpg,train/images/1285.jpg,train,C:\Pywork\dental\dental\data\detection_hierarchical\images\train\umfih_1064.jpg,umfih_1064.jpg,train,existing,dhash,0,exclude
C:\Pywork\dental\dental\data\raw\zenodo\panoramic_radiography_yolo_dataset_14_classes\train\images\1286.jpg,train/images/1286.jpg,train,C:\Pywork\dental\dental\data\detection_hierarchical\images\train\umfih_1286.jpg,umfih_1286.jpg,train,existing,dhash,0,exclude
C:\Pywork\dental\dental\data\raw\zenodo\panoramic_radiography_yolo_dataset_14_classes\train\images\1288.jpg,train/images/1288.jpg,train,C:\Pywork\dental\dental\data\detection_hierarchical\images\train\umfih_1084.jpg,umfih_1084.jpg,train,existing,dhash,0,exclude
C:\Pywork\dental\dental\data\raw\zenodo\panoramic_radiography_yolo_dataset_14_classes\train\images\1289.jpg,train/images/1289.jpg,train,C:\Pywork\dental\dental\data\detection_hierarchical\images\train\umfih_1085.jpg,umfih_1085.jpg,train,existing,dhash,0,exclude
C:\Pywork\dental\dental\data\raw\zenodo\panoramic_radiography_yolo_dataset_14_classes\train\images\129.jpg,train/images/129.jpg,train,C:\Pywork\dental\dental\data\detection_hierarchical\images\train\umfih_129.jpg,umfih_129.jpg,train,existing,dhash,0,exclude
C:\Pywork\dental\dental\data\raw\zenodo\panoramic_radiography_yolo_dataset_14_classes\train\images\1291.jpg,train/images/1291.jpg,train,C:\Pywork\dental\dental\data\detection_hierarchical\images\train\umfih_1291.jpg,umfih_1291.jpg,train,existing,dhash,0,exclude
C:\Pywork\dental\dental\data\raw\zenodo\panoramic_radiography_yolo_dataset_14_classes\train\images\1292.jpg,train/images/1292.jpg,train,C:\Pywork\dental\dental\data\detection_hierarchical\images\train\umfih_1086.jpg,umfih_1086.jpg,train,existing,dhash,0,exclude
C:\Pywork\dental\dental\data\raw\zenodo\panoramic_radiography_yolo_dataset_14_classes\train\images\1293.jpg,train/images/1293.jpg,train,C:\Pywork\dental\dental\data\detection_hierarchical\images\train\umfih_1293.jpg,umfih_1293.jpg,train,existing,dhash,0,exclude
C:\Pywork\dental\dental\data\raw\zenodo\panoramic_radiography_yolo_dataset_14_classes\train\images\1294.jpg,train/images/1294.jpg,train,C:\Pywork\dental\dental\data\detection_hierarchical\images\train\umfih_1294.jpg,umfih_1294.jpg,train,existing,dhash,0,exclude
C:\Pywork\dental\dental\data\raw\zenodo\panoramic_radiography_yolo_dataset_14_classes\train\images\1295.jpg,train/images/1295.jpg,train,C:\Pywork\dental\dental\data\detection_hierarchical\images\train\umfih_1087.jpg,umfih_1087.jpg,train,existing,dhash,0,exclude
C:\Pywork\dental\dental\data\raw\zenodo\panoramic_radiography_yolo_dataset_14_classes\train\images\1296.jpg,train/images/1296.jpg,train,C:\Pywork\dental\dental\data\detection_hierarchical\images\train\umfih_1088.jpg,umfih_1088.jpg,train,existing,dhash,0,exclude
C:\Pywork\dental\dental\data\raw\zenodo\panoramic_radiography_yolo_dataset_14_classes\train\images\1297.jpg,train/images/1297.jpg,train,C:\Pywork\dental\dental\data\detection_hierarchical\images\train\umfih_1089.jpg,umfih_1089.jpg,train,existing,dhash,0,exclude
C:\Pywork\dental\dental\data\raw\zenodo\panoramic_radiography_yolo_dataset_14_classes\train\images\1298.jpg,train/images/1298.jpg,train,C:\Pywork\dental\dental\data\detection_hierarchical\images\train\umfih_1298.jpg,umfih_1298.jpg,train,existing,dhash,0,exclude
C:\Pywork\dental\dental\data\raw\zenodo\panoramic_radiography_yolo_dataset_14_classes\train\images\1299.jpg,train/images/1299.jpg,train,C:\Pywork\dental\dental\data\detection_hierarchical\images\train\umfih_1091.jpg,umfih_1091.jpg,train,existing,dhash,0,exclude
C:\Pywork\dental\dental\data\raw\zenodo\panoramic_radiography_yolo_dataset_14_classes\train\images\13.jpg,train/images/13.jpg,train,C:\Pywork\dental\dental\data\detection_hierarchical\images\train\umfih_13.jpg,umfih_13.jpg,train,existing,dhash,0,exclude
C:\Pywork\dental\dental\data\raw\zenodo\panoramic_radiography_yolo_dataset_14_classes\train\images\1301.jpg,train/images/1301.jpg,train,C:\Pywork\dental\dental\data\detection_hierarchical\images\train\umfih_1301.jpg,umfih_1301.jpg,train,existing,dhash,0,exclude
C:\Pywork\dental\dental\data\raw\zenodo\panoramic_radiography_yolo_dataset_14_classes\train\images\1305.jpg,train/images/1305.jpg,train,C:\Pywork\dental\dental\data\detection_hierarchical\images\train\umfih_1094.jpg,umfih_1094.jpg,train,existing,dhash,0,exclude
C:\Pywork\dental\dental\data\raw\zenodo\panoramic_radiography_yolo_dataset_14_classes\train\images\1306.jpg,train/images/1306.jpg,train,C:\Pywork\dental\dental\data\detection_hierarchical\images\train\umfih_1095.jpg,umfih_1095.jpg,train,existing,dhash,0,exclude
C:\Pywork\dental\dental\data\raw\zenodo\panoramic_radiography_yolo_dataset_14_classes\train\images\1307.jpg,train/images/1307.jpg,train,C:\Pywork\dental\dental\data\detection_hierarchical\images\train\umfih_1307.jpg,umfih_1307.jpg,train,existing,dhash,0,exclude
C:\Pywork\dental\dental\data\raw\zenodo\panoramic_radiography_yolo_dataset_14_classes\train\images\1309.jpg,train/images/1309.jpg,train,C:\Pywork\dental\dental\data\detection_hierarchical\images\train\umfih_1309.jpg,umfih_1309.jpg,train,existing,dhash,0,exclude
C:\Pywork\dental\dental\data\raw\zenodo\panoramic_radiography_yolo_dataset_14_classes\train\images\131.jpg,train/images/131.jpg,train,C:\Pywork\dental\dental\data\detection_hierarchical\images\train\umfih_131.jpg,umfih_131.jpg,train,existing,dhash,0,exclude
C:\Pywork\dental\dental\data\raw\zenodo\panoramic_radiography_yolo_dataset_14_classes\train\images\1311.jpg,train/images/1311.jpg,train,C:\Pywork\dental\dental\data\detection_hierarchical\images\train\umfih_1098.jpg,umfih_1098.jpg,train,existing,dhash,0,exclude
C:\Pywork\dental\dental\data\raw\zenodo\panoramic_radiography_yolo_dataset_14_classes\train\images\1312.jpg,train/images/1312.jpg,train,C:\Pywork\dental\dental\data\detection_hierarchical\images\train\umfih_1312.jpg,umfih_1312.jpg,train,existing,dhash,0,exclude
C:\Pywork\dental\dental\data\raw\zenodo\panoramic_radiography_yolo_dataset_14_classes\train\images\1313.jpg,train/images/1313.jpg,train,C:\Pywork\dental\dental\data\detection_hierarchical\images\train\umfih_1313.jpg,umfih_1313.jpg,train,existing,dhash,0,exclude
C:\Pywork\dental\dental\data\raw\zenodo\panoramic_radiography_yolo_dataset_14_classes\train\images\1314.jpg,train/images/1314.jpg,train,C:\Pywork\dental\dental\data\detection_hierarchical\images\train\umfih_1099.jpg,umfih_1099.jpg,train,existing,dhash,0,exclude
C:\Pywork\dental\dental\data\raw\zenodo\panoramic_radiography_yolo_dataset_14_classes\train\images\1315.jpg,train/images/1315.jpg,train,C:\Pywork\dental\dental\data\detection_hierarchical\images\val\umfih_1100.jpg,umfih_1100.jpg,val,existing,dhash,0,exclude
C:\Pywork\dental\dental\data\raw\zenodo\panoramic_radiography_yolo_dataset_14_classes\train\images\1317.jpg,train/images/1317.jpg,train,C:\Pywork\dental\dental\data\detection_hierarchical\images\train\umfih_1317.jpg,umfih_1317.jpg,train,existing,dhash,0,exclude
C:\Pywork\dental\dental\data\raw\zenodo\panoramic_radiography_yolo_dataset_14_classes\train\images\1318.jpg,train/images/1318.jpg,train,C:\Pywork\dental\dental\data\detection_hierarchical\images\train\umfih_556.jpg,umfih_556.jpg,train,existing,dhash,4,exclude
C:\Pywork\dental\dental\data\raw\zenodo\panoramic_radiography_yolo_dataset_14_classes\train\images\132.jpg,train/images/132.jpg,train,C:\Pywork\dental\dental\data\detection_hierarchical\images\train\umfih_132.jpg,umfih_132.jpg,train,existing,dhash,0,exclude
C:\Pywork\dental\dental\data\raw\zenodo\panoramic_radiography_yolo_dataset_14_classes\train\images\1322.jpg,train/images/1322.jpg,train,C:\Pywork\dental\dental\data\detection_hierarchical\images\train\umfih_1322.jpg,umfih_1322.jpg,train,existing,dhash,0,exclude
C:\Pywork\dental\dental\data\raw\zenodo\panoramic_radiography_yolo_dataset_14_classes\train\images\1323.jpg,train/images/1323.jpg,train,C:\Pywork\dental\dental\data\detection_hierarchical\images\train\umfih_1323.jpg,umfih_1323.jpg,train,existing,dhash,0,exclude
C:\Pywork\dental\dental\data\raw\zenodo\panoramic_radiography_yolo_dataset_14_classes\train\images\1326.jpg,train/images/1326.jpg,train,C:\Pywork\dental\dental\data\detection_hierarchical\images\train\umfih_1326.jpg,umfih_1326.jpg,train,existing,dhash,0,exclude
C:\Pywork\dental\dental\data\raw\zenodo\panoramic_radiography_yolo_dataset_14_classes\train\images\1328.jpg,train/images/1328.jpg,train,C:\Pywork\dental\dental\data\detection_hierarchical\images\train\umfih_1328.jpg,umfih_1328.jpg,train,existing,dhash,0,exclude
C:\Pywork\dental\dental\data\raw\zenodo\panoramic_radiography_yolo_dataset_14_classes\train\images\1329.jpg,train/images/1329.jpg,train,C:\Pywork\dental\dental\data\detection_hierarchical\images\train\cx_023507.jpg,cx_023507.jpg,train,existing,dhash,2,exclude
C:\Pywork\dental\dental\data\raw\zenodo\panoramic_radiography_yolo_dataset_14_classes\train\images\133.jpg,train/images/133.jpg,train,C:\Pywork\dental\dental\data\detection_hierarchical\images\train\umfih_133.jpg,umfih_133.jpg,train,existing,dhash,0,exclude
C:\Pywork\dental\dental\data\raw\zenodo\panoramic_radiography_yolo_dataset_14_classes\train\images\1331.jpg,train/images/1331.jpg,train,C:\Pywork\dental\dental\data\detection_hierarchical\images\train\umfih_1331.jpg,umfih_1331.jpg,train,existing,dhash,0,exclude
C:\Pywork\dental\dental\data\raw\zenodo\panoramic_radiography_yolo_dataset_14_classes\train\images\1332.jpg,train/images/1332.jpg,train,C:\Pywork\dental\dental\data\detection_hierarchical\images\train\umfih_1332.jpg,umfih_1332.jpg,train,existing,dhash,0,exclude
C:\Pywork\dental\dental\data\raw\zenodo\panoramic_radiography_yolo_dataset_14_classes\train\images\1333.jpg,train/images/1333.jpg,train,C:\Pywork\dental\dental\data\detection_hierarchical\images\train\umfih_1333.jpg,umfih_1333.jpg,train,existing,dhash,0,exclude
C:\Pywork\dental\dental\data\raw\zenodo\panoramic_radiography_yolo_dataset_14_classes\train\images\1334.jpg,train/images/1334.jpg,train,C:\Pywork\dental\dental\data\detection_hierarchical\images\train\umfih_1334.jpg,umfih_1334.jpg,train,existing,dhash,0,exclude
C:\Pywork\dental\dental\data\raw\zenodo\panoramic_radiography_yolo_dataset_14_classes\train\images\1335.jpg,train/images/1335.jpg,train,C:\Pywork\dental\dental\data\detection_hierarchical\images\train\umfih_1335.jpg,umfih_1335.jpg,train,existing,dhash,0,exclude
C:\Pywork\dental\dental\data\raw\zenodo\panoramic_radiography_yolo_dataset_14_classes\train\images\1337.jpg,train/images/1337.jpg,train,C:\Pywork\dental\dental\data\detection_hierarchical\images\train\cx_016352.jpg,cx_016352.jpg,train,existing,dhash,4,exclude
C:\Pywork\dental\dental\data\raw\zenodo\panoramic_radiography_yolo_dataset_14_classes\train\images\1338.jpg,train/images/1338.jpg,train,C:\Pywork\dental\dental\data\detection_hierarchical\images\train\umfih_1338.jpg,umfih_1338.jpg,train,existing,dhash,0,exclude
C:\Pywork\dental\dental\data\raw\zenodo\panoramic_radiography_yolo_dataset_14_classes\train\images\1339.jpg,train/images/1339.jpg,train,C:\Pywork\dental\dental\data\detection_hierarchical\images\train\umfih_1339.jpg,umfih_1339.jpg,train,existing,dhash,0,exclude
C:\Pywork\dental\dental\data\raw\zenodo\panoramic_radiography_yolo_dataset_14_classes\train\images\134.jpg,train/images/134.jpg,train,C:\Pywork\dental\dental\data\detection_hierarchical\images\train\umfih_134.jpg,umfih_134.jpg,train,existing,dhash,0,exclude
C:\Pywork\dental\dental\data\raw\zenodo\panoramic_radiography_yolo_dataset_14_classes\train\images\1341.jpg,train/images/1341.jpg,train,C:\Pywork\dental\dental\data\detection_hierarchical\images\train\umfih_1341.jpg,umfih_1341.jpg,train,existing,dhash,0,exclude
C:\Pywork\dental\dental\data\raw\zenodo\panoramic_radiography_yolo_dataset_14_classes\train\images\1342.jpg,train/images/1342.jpg,train,C:\Pywork\dental\dental\data\detection_hierarchical\images\train\umfih_1342.jpg,umfih_1342.jpg,train,existing,dhash,0,exclude
C:\Pywork\dental\dental\data\raw\zenodo\panoramic_radiography_yolo_dataset_14_classes\train\images\1343.jpg,train/images/1343.jpg,train,C:\Pywork\dental\dental\data\detection_hierarchical\images\train\umfih_1343.jpg,umfih_1343.jpg,train,existing,dhash,0,exclude
C:\Pywork\dental\dental\data\raw\zenodo\panoramic_radiography_yolo_dataset_14_classes\train\images\1344.jpg,train/images/1344.jpg,train,C:\Pywork\dental\dental\data\detection_hierarchical\images\train\umfih_1344.jpg,umfih_1344.jpg,train,existing,dhash,0,exclude
C:\Pywork\dental\dental\data\raw\zenodo\panoramic_radiography_yolo_dataset_14_classes\train\images\1345.jpg,train/images/1345.jpg,train,C:\Pywork\dental\dental\data\detection_hierarchical\images\train\umfih_1345.jpg,umfih_1345.jpg,train,existing,dhash,0,exclude
C:\Pywork\dental\dental\data\raw\zenodo\panoramic_radiography_yolo_dataset_14_classes\train\images\1346.jpg,train/images/1346.jpg,train,C:\Pywork\dental\dental\data\detection_hierarchical\images\train\umfih_1346.jpg,umfih_1346.jpg,train,existing,dhash,0,exclude
C:\Pywork\dental\dental\data\raw\zenodo\panoramic_radiography_yolo_dataset_14_classes\train\images\1347.jpg,train/images/1347.jpg,train,C:\Pywork\dental\dental\data\detection_hierarchical\images\train\umfih_1347.jpg,umfih_1347.jpg,train,existing,dhash,0,exclude
C:\Pywork\dental\dental\data\raw\zenodo\panoramic_radiography_yolo_dataset_14_classes\train\images\1348.jpg,train/images/1348.jpg,train,C:\Pywork\dental\dental\data\detection_hierarchical\images\train\umfih_1348.jpg,umfih_1348.jpg,train,existing,dhash,0,exclude
C:\Pywork\dental\dental\data\raw\zenodo\panoramic_radiography_yolo_dataset_14_classes\train\images\1349.jpg,train/images/1349.jpg,train,C:\Pywork\dental\dental\data\detection_hierarchical\images\train\umfih_1349.jpg,umfih_1349.jpg,train,existing,dhash,0,exclude
C:\Pywork\dental\dental\data\raw\zenodo\panoramic_radiography_yolo_dataset_14_classes\train\images\135.jpg,train/images/135.jpg,train,C:\Pywork\dental\dental\data\detection_hierarchical\images\train\umfih_135.jpg,umfih_135.jpg,train,existing,dhash,0,exclude
C:\Pywork\dental\dental\data\raw\zenodo\panoramic_radiography_yolo_dataset_14_classes\train\images\1352.jpg,train/images/1352.jpg,train,C:\Pywork\dental\dental\data\detection_hierarchical\images\train\umfih_1352.jpg,umfih_1352.jpg,train,existing,dhash,0,exclude
C:\Pywork\dental\dental\data\raw\zenodo\panoramic_radiography_yolo_dataset_14_classes\train\images\1354.jpg,train/images/1354.jpg,train,C:\Pywork\dental\dental\data\detection_hierarchical\images\train\umfih_1354.jpg,umfih_1354.jpg,train,existing,dhash,0,exclude
C:\Pywork\dental\dental\data\raw\zenodo\panoramic_radiography_yolo_dataset_14_classes\train\images\1355.jpg,train/images/1355.jpg,train,C:\Pywork\dental\dental\data\detection_hierarchical\images\train\umfih_1355.jpg,umfih_1355.jpg,train,existing,dhash,0,exclude
C:\Pywork\dental\dental\data\raw\zenodo\panoramic_radiography_yolo_dataset_14_classes\train\images\1356.jpg,train/images/1356.jpg,train,C:\Pywork\dental\dental\data\detection_hierarchical\images\train\umfih_1356.jpg,umfih_1356.jpg,train,existing,dhash,0,exclude
C:\Pywork\dental\dental\data\raw\zenodo\panoramic_radiography_yolo_dataset_14_classes\train\images\1357.jpg,train/images/1357.jpg,train,C:\Pywork\dental\dental\data\detection_hierarchical\images\train\umfih_1108.jpg,umfih_1108.jpg,train,existing,dhash,4,exclude
C:\Pywork\dental\dental\data\raw\zenodo\panoramic_radiography_yolo_dataset_14_classes\train\images\1358.jpg,train/images/1358.jpg,train,C:\Pywork\dental\dental\data\detection_hierarchical\images\train\umfih_1358.jpg,umfih_1358.jpg,train,existing,dhash,0,exclude
C:\Pywork\dental\dental\data\raw\zenodo\panoramic_radiography_yolo_dataset_14_classes\train\images\1359.jpg,train/images/1359.jpg,train,C:\Pywork\dental\dental\data\detection_hierarchical\images\train\cx_016352.jpg,cx_016352.jpg,train,existing,dhash,2,exclude
C:\Pywork\dental\dental\data\raw\zenodo\panoramic_radiography_yolo_dataset_14_classes\train\images\136.jpg,train/images/136.jpg,train,C:\Pywork\dental\dental\data\detection_hierarchical\images\train\umfih_136.jpg,umfih_136.jpg,train,existing,dhash,0,exclude
C:\Pywork\dental\dental\data\raw\zenodo\panoramic_radiography_yolo_dataset_14_classes\train\images\1362.jpg,train/images/1362.jpg,train,C:\Pywork\dental\dental\data\detection_hierarchical\images\train\umfih_1362.jpg,umfih_1362.jpg,train,existing,dhash,0,exclude
C:\Pywork\dental\dental\data\raw\zenodo\panoramic_radiography_yolo_dataset_14_classes\train\images\1363.jpg,train/images/1363.jpg,train,C:\Pywork\dental\dental\data\detection_hierarchical\images\train\umfih_1363.jpg,umfih_1363.jpg,train,existing,dhash,0,exclude
C:\Pywork\dental\dental\data\raw\zenodo\panoramic_radiography_yolo_dataset_14_classes\train\images\1365.jpg,train/images/1365.jpg,train,C:\Pywork\dental\dental\data\detection_hierarchical\images\train\umfih_123.jpg,umfih_123.jpg,train,existing,dhash,4,exclude
C:\Pywork\dental\dental\data\raw\zenodo\panoramic_radiography_yolo_dataset_14_classes\train\images\1367.jpg,train/images/1367.jpg,train,C:\Pywork\dental\dental\data\detection_hierarchical\images\train\cx_009534.jpg,cx_009534.jpg,train,existing,dhash,3,exclude
C:\Pywork\dental\dental\data\raw\zenodo\panoramic_radiography_yolo_dataset_14_classes\train\images\1368.jpg,train/images/1368.jpg,train,C:\Pywork\dental\dental\data\detection_hierarchical\images\train\umfih_1368.jpg,umfih_1368.jpg,train,existing,dhash,0,exclude
C:\Pywork\dental\dental\data\raw\zenodo\panoramic_radiography_yolo_dataset_14_classes\train\images\1369.jpg,train/images/1369.jpg,train,C:\Pywork\dental\dental\data\detection_hierarchical\images\train\umfih_1369.jpg,umfih_1369.jpg,train,existing,dhash,0,exclude
C:\Pywork\dental\dental\data\raw\zenodo\panoramic_radiography_yolo_dataset_14_classes\train\images\137.jpg,train/images/137.jpg,train,C:\Pywork\dental\dental\data\detection_hierarchical\images\train\cx_024997.jpg,cx_024997.jpg,train,existing,dhash,2,exclude
C:\Pywork\dental\dental\data\raw\zenodo\panoramic_radiography_yolo_dataset_14_classes\train\images\1372.jpg,train/images/1372.jpg,train,C:\Pywork\dental\dental\data\detection_hierarchical\images\train\umfih_1372.jpg,umfih_1372.jpg,train,existing,dhash,0,exclude
C:\Pywork\dental\dental\data\raw\zenodo\panoramic_radiography_yolo_dataset_14_classes\train\images\1374.jpg,train/images/1374.jpg,train,C:\Pywork\dental\dental\data\detection_hierarchical\images\train\umfih_1374.jpg,umfih_1374.jpg,train,existing,dhash,0,exclude
C:\Pywork\dental\dental\data\raw\zenodo\panoramic_radiography_yolo_dataset_14_classes\train\images\1378.jpg,train/images/1378.jpg,train,C:\Pywork\dental\dental\data\detection_hierarchical\images\train\umfih_1378.jpg,umfih_1378.jpg,train,existing,dhash,0,exclude
C:\Pywork\dental\dental\data\raw\zenodo\panoramic_radiography_yolo_dataset_14_classes\train\images\138.jpg,train/images/138.jpg,train,C:\Pywork\dental\dental\data\detection_hierarchical\images\train\umfih_138.jpg,umfih_138.jpg,train,existing,dhash,0,exclude
C:\Pywork\dental\dental\data\raw\zenodo\panoramic_radiography_yolo_dataset_14_classes\train\images\1381.jpg,train/images/1381.jpg,train,C:\Pywork\dental\dental\data\detection_hierarchical\images\train\umfih_1381.jpg,umfih_1381.jpg,train,existing,dhash,0,exclude
C:\Pywork\dental\dental\data\raw\zenodo\panoramic_radiography_yolo_dataset_14_classes\train\images\1383.jpg,train/images/1383.jpg,train,C:\Pywork\dental\dental\data\detection_hierarchical\images\train\umfih_1383.jpg,umfih_1383.jpg,train,existing,dhash,0,exclude
C:\Pywork\dental\dental\data\raw\zenodo\panoramic_radiography_yolo_dataset_14_classes\train\images\1385.jpg,train/images/1385.jpg,train,C:\Pywork\dental\dental\data\detection_hierarchical\images\train\cx_016352.jpg,cx_016352.jpg,train,existing,dhash,4,exclude
C:\Pywork\dental\dental\data\raw\zenodo\panoramic_radiography_yolo_dataset_14_classes\train\images\139.jpg,train/images/139.jpg,train,C:\Pywork\dental\dental\data\detection_hierarchical\images\train\umfih_139.jpg,umfih_139.jpg,train,existing,dhash,0,exclude
C:\Pywork\dental\dental\data\raw\zenodo\panoramic_radiography_yolo_dataset_14_classes\train\images\1391.jpg,train/images/1391.jpg,train,C:\Pywork\dental\dental\data\detection_hierarchical\images\train\umfih_1391.jpg,umfih_1391.jpg,train,existing,dhash,0,exclude
C:\Pywork\dental\dental\data\raw\zenodo\panoramic_radiography_yolo_dataset_14_classes\train\images\1392.jpg,train/images/1392.jpg,train,C:\Pywork\dental\dental\data\detection_hierarchical\images\train\umfih_1392.jpg,umfih_1392.jpg,train,existing,dhash,0,exclude
C:\Pywork\dental\dental\data\raw\zenodo\panoramic_radiography_yolo_dataset_14_classes\train\images\1393.jpg,train/images/1393.jpg,train,C:\Pywork\dental\dental\data\detection_hierarchical\images\train\umfih_1393.jpg,umfih_1393.jpg,train,existing,dhash,0,exclude
C:\Pywork\dental\dental\data\raw\zenodo\panoramic_radiography_yolo_dataset_14_classes\train\images\1394.jpg,train/images/1394.jpg,train,C:\Pywork\dental\dental\data\detection_hierarchical\images\train\cx_001037.jpg,cx_001037.jpg,train,existing,dhash,3,exclude
C:\Pywork\dental\dental\data\raw\zenodo\panoramic_radiography_yolo_dataset_14_classes\train\images\1396.jpg,train/images/1396.jpg,train,C:\Pywork\dental\dental\data\detection_hierarchical\images\train\umfih_1396.jpg,umfih_1396.jpg,train,existing,dhash,0,exclude
C:\Pywork\dental\dental\data\raw\zenodo\panoramic_radiography_yolo_dataset_14_classes\train\images\14.jpg,train/images/14.jpg,train,C:\Pywork\dental\dental\data\detection_hierarchical\images\train\umfih_14.jpg,umfih_14.jpg,train,existing,dhash,0,exclude
C:\Pywork\dental\dental\data\raw\zenodo\panoramic_radiography_yolo_dataset_14_classes\train\images\1403.jpg,train/images/1403.jpg,train,C:\Pywork\dental\dental\data\detection_hierarchical\images\train\umfih_1403.jpg,umfih_1403.jpg,train,existing,dhash,0,exclude
C:\Pywork\dental\dental\data\raw\zenodo\panoramic_radiography_yolo_dataset_14_classes\train\images\1404.jpg,train/images/1404.jpg,train,C:\Pywork\dental\dental\data\detection_hierarchical\images\train\umfih_1322.jpg,umfih_1322.jpg,train,existing,dhash,0,exclude
C:\Pywork\dental\dental\data\raw\zenodo\panoramic_radiography_yolo_dataset_14_classes\train\images\1406.jpg,train/images/1406.jpg,train,C:\Pywork\dental\dental\data\detection_hierarchical\images\train\umfih_1406.jpg,umfih_1406.jpg,train,existing,dhash,0,exclude
C:\Pywork\dental\dental\data\raw\zenodo\panoramic_radiography_yolo_dataset_14_classes\train\images\1407.jpg,train/images/1407.jpg,train,C:\Pywork\dental\dental\data\detection_hierarchical\images\train\umfih_1407.jpg,umfih_1407.jpg,train,existing,dhash,0,exclude
C:\Pywork\dental\dental\data\raw\zenodo\panoramic_radiography_yolo_dataset_14_classes\train\images\1408.jpg,train/images/1408.jpg,train,C:\Pywork\dental\dental\data\detection_hierarchical\images\train\umfih_1408.jpg,umfih_1408.jpg,train,existing,dhash,0,exclude
C:\Pywork\dental\dental\data\raw\zenodo\panoramic_radiography_yolo_dataset_14_classes\train\images\1409.jpg,train/images/1409.jpg,train,C:\Pywork\dental\dental\data\detection_hierarchical\images\train\umfih_1409.jpg,umfih_1409.jpg,train,existing,dhash,0,exclude
C:\Pywork\dental\dental\data\raw\zenodo\panoramic_radiography_yolo_dataset_14_classes\train\images\141.jpg,train/images/141.jpg,train,C:\Pywork\dental\dental\data\detection_hierarchical\images\train\umfih_141.jpg,umfih_141.jpg,train,existing,dhash,0,exclude
C:\Pywork\dental\dental\data\raw\zenodo\panoramic_radiography_yolo_dataset_14_classes\train\images\1412.jpg,train/images/1412.jpg,train,C:\Pywork\dental\dental\data\detection_hierarchical\images\train\umfih_1412.jpg,umfih_1412.jpg,train,existing,dhash,0,exclude
C:\Pywork\dental\dental\data\raw\zenodo\panoramic_radiography_yolo_dataset_14_classes\train\images\1413.jpg,train/images/1413.jpg,train,C:\Pywork\dental\dental\data\detection_hierarchical\images\train\umfih_1413.jpg,umfih_1413.jpg,train,existing,dhash,0,exclude
C:\Pywork\dental\dental\data\raw\zenodo\panoramic_radiography_yolo_dataset_14_classes\train\images\1414.jpg,train/images/1414.jpg,train,C:\Pywork\dental\dental\data\detection_hierarchical\images\train\umfih_1033.jpg,umfih_1033.jpg,train,existing,dhash,0,exclude
C:\Pywork\dental\dental\data\raw\zenodo\panoramic_radiography_yolo_dataset_14_classes\train\images\1415.jpg,train/images/1415.jpg,train,C:\Pywork\dental\dental\data\detection_hierarchical\images\train\cx_014785.jpg,cx_014785.jpg,train,existing,dhash,3,exclude
C:\Pywork\dental\dental\data\raw\zenodo\panoramic_radiography_yolo_dataset_14_classes\train\images\1418.jpg,train/images/1418.jpg,train,C:\Pywork\dental\dental\data\detection_hierarchical\images\train\umfih_1418.jpg,umfih_1418.jpg,train,existing,dhash,0,exclude
C:\Pywork\dental\dental\data\raw\zenodo\panoramic_radiography_yolo_dataset_14_classes\train\images\1419.jpg,train/images/1419.jpg,train,C:\Pywork\dental\dental\data\detection_hierarchical\images\train\umfih_1419.jpg,umfih_1419.jpg,train,existing,dhash,0,exclude
C:\Pywork\dental\dental\data\raw\zenodo\panoramic_radiography_yolo_dataset_14_classes\train\images\142.jpg,train/images/142.jpg,train,C:\Pywork\dental\dental\data\detection_hierarchical\images\train\umfih_142.jpg,umfih_142.jpg,train,existing,dhash,0,exclude
C:\Pywork\dental\dental\data\raw\zenodo\panoramic_radiography_yolo_dataset_14_classes\train\images\1421.jpg,train/images/1421.jpg,train,C:\Pywork\dental\dental\data\detection_hierarchical\images\train\umfih_1421.jpg,umfih_1421.jpg,train,existing,dhash,0,exclude
C:\Pywork\dental\dental\data\raw\zenodo\panoramic_radiography_yolo_dataset_14_classes\train\images\1422.jpg,train/images/1422.jpg,train,C:\Pywork\dental\dental\data\detection_hierarchical\images\train\umfih_1422.jpg,umfih_1422.jpg,train,existing,dhash,0,exclude
C:\Pywork\dental\dental\data\raw\zenodo\panoramic_radiography_yolo_dataset_14_classes\train\images\1423.jpg,train/images/1423.jpg,train,C:\Pywork\dental\dental\data\detection_hierarchical\images\train\umfih_1423.jpg,umfih_1423.jpg,train,existing,dhash,0,exclude
C:\Pywork\dental\dental\data\raw\zenodo\panoramic_radiography_yolo_dataset_14_classes\train\images\1424.jpg,train/images/1424.jpg,train,C:\Pywork\dental\dental\data\detection_hierarchical\images\train\umfih_1424.jpg,umfih_1424.jpg,train,existing,dhash,0,exclude
C:\Pywork\dental\dental\data\raw\zenodo\panoramic_radiography_yolo_dataset_14_classes\train\images\1425.jpg,train/images/1425.jpg,train,C:\Pywork\dental\dental\data\detection_hierarchical\images\train\umfih_1425.jpg,umfih_1425.jpg,train,existing,dhash,0,exclude
C:\Pywork\dental\dental\data\raw\zenodo\panoramic_radiography_yolo_dataset_14_classes\train\images\1426.jpg,train/images/1426.jpg,train,C:\Pywork\dental\dental\data\detection_hierarchical\images\train\umfih_1426.jpg,umfih_1426.jpg,train,existing,dhash,0,exclude
C:\Pywork\dental\dental\data\raw\zenodo\panoramic_radiography_yolo_dataset_14_classes\train\images\1427.jpg,train/images/1427.jpg,train,C:\Pywork\dental\dental\data\detection_hierarchical\images\train\umfih_1427.jpg,umfih_1427.jpg,train,existing,dhash,0,exclude
C:\Pywork\dental\dental\data\raw\zenodo\panoramic_radiography_yolo_dataset_14_classes\train\images\1428.jpg,train/images/1428.jpg,train,C:\Pywork\dental\dental\data\detection_hierarchical\images\train\umfih_1428.jpg,umfih_1428.jpg,train,existing,dhash,0,exclude
C:\Pywork\dental\dental\data\raw\zenodo\panoramic_radiography_yolo_dataset_14_classes\train\images\1429.jpg,train/images/1429.jpg,train,C:\Pywork\dental\dental\data\detection_hierarchical\images\train\umfih_1429.jpg,umfih_1429.jpg,train,existing,dhash,0,exclude
C:\Pywork\dental\dental\data\raw\zenodo\panoramic_radiography_yolo_dataset_14_classes\train\images\143.jpg,train/images/143.jpg,train,C:\Pywork\dental\dental\data\detection_hierarchical\images\train\umfih_143.jpg,umfih_143.jpg,train,existing,dhash,0,exclude
C:\Pywork\dental\dental\data\raw\zenodo\panoramic_radiography_yolo_dataset_14_classes\train\images\1431.jpg,train/images/1431.jpg,train,C:\Pywork\dental\dental\data\detection_hierarchical\images\train\umfih_1431.jpg,umfih_1431.jpg,train,existing,dhash,0,exclude
C:\Pywork\dental\dental\data\raw\zenodo\panoramic_radiography_yolo_dataset_14_classes\train\images\1432.jpg,train/images/1432.jpg,train,C:\Pywork\dental\dental\data\detection_hierarchical\images\train\umfih_1432.jpg,umfih_1432.jpg,train,existing,dhash,0,exclude
C:\Pywork\dental\dental\data\raw\zenodo\panoramic_radiography_yolo_dataset_14_classes\train\images\1435.jpg,train/images/1435.jpg,train,C:\Pywork\dental\dental\data\detection_hierarchical\images\train\umfih_1435.jpg,umfih_1435.jpg,train,existing,dhash,0,exclude
C:\Pywork\dental\dental\data\raw\zenodo\panoramic_radiography_yolo_dataset_14_classes\train\images\1436.jpg,train/images/1436.jpg,train,C:\Pywork\dental\dental\data\detection_hierarchical\images\train\umfih_1436.jpg,umfih_1436.jpg,train,existing,dhash,0,exclude
C:\Pywork\dental\dental\data\raw\zenodo\panoramic_radiography_yolo_dataset_14_classes\train\images\1437.jpg,train/images/1437.jpg,train,C:\Pywork\dental\dental\data\detection_hierarchical\images\train\umfih_1437.jpg,umfih_1437.jpg,train,existing,dhash,0,exclude
C:\Pywork\dental\dental\data\raw\zenodo\panoramic_radiography_yolo_dataset_14_classes\train\images\1438.jpg,train/images/1438.jpg,train,C:\Pywork\dental\dental\data\detection_hierarchical\images\train\umfih_1438.jpg,umfih_1438.jpg,train,existing,dhash,0,exclude
C:\Pywork\dental\dental\data\raw\zenodo\panoramic_radiography_yolo_dataset_14_classes\train\images\1439.jpg,train/images/1439.jpg,train,C:\Pywork\dental\dental\data\detection_hierarchical\images\train\umfih_1439.jpg,umfih_1439.jpg,train,existing,dhash,0,exclude
C:\Pywork\dental\dental\data\raw\zenodo\panoramic_radiography_yolo_dataset_14_classes\train\images\144.jpg,train/images/144.jpg,train,C:\Pywork\dental\dental\data\detection_hierarchical\images\train\umfih_144.jpg,umfih_144.jpg,train,existing,dhash,0,exclude
C:\Pywork\dental\dental\data\raw\zenodo\panoramic_radiography_yolo_dataset_14_classes\train\images\1441.jpg,train/images/1441.jpg,train,C:\Pywork\dental\dental\data\detection_hierarchical\images\train\umfih_1441.jpg,umfih_1441.jpg,train,existing,dhash,0,exclude
C:\Pywork\dental\dental\data\raw\zenodo\panoramic_radiography_yolo_dataset_14_classes\train\images\1442.jpg,train/images/1442.jpg,train,C:\Pywork\dental\dental\data\detection_hierarchical\images\train\umfih_1442.jpg,umfih_1442.jpg,train,existing,dhash,0,exclude
C:\Pywork\dental\dental\data\raw\zenodo\panoramic_radiography_yolo_dataset_14_classes\train\images\1443.jpg,train/images/1443.jpg,train,C:\Pywork\dental\dental\data\detection_hierarchical\images\train\umfih_1443.jpg,umfih_1443.jpg,train,existing,dhash,0,exclude
C:\Pywork\dental\dental\data\raw\zenodo\panoramic_radiography_yolo_dataset_14_classes\train\images\1444.jpg,train/images/1444.jpg,train,C:\Pywork\dental\dental\data\detection_hierarchical\images\train\umfih_1444.jpg,umfih_1444.jpg,train,existing,dhash,0,exclude
C:\Pywork\dental\dental\data\raw\zenodo\panoramic_radiography_yolo_dataset_14_classes\train\images\1445.jpg,train/images/1445.jpg,train,C:\Pywork\dental\dental\data\detection_hierarchical\images\train\umfih_1445.jpg,umfih_1445.jpg,train,existing,dhash,0,exclude
C:\Pywork\dental\dental\data\raw\zenodo\panoramic_radiography_yolo_dataset_14_classes\train\images\1446.jpg,train/images/1446.jpg,train,C:\Pywork\dental\dental\data\detection_hierarchical\images\train\umfih_1446.jpg,umfih_1446.jpg,train,existing,dhash,0,exclude
C:\Pywork\dental\dental\data\raw\zenodo\panoramic_radiography_yolo_dataset_14_classes\train\images\1447.jpg,train/images/1447.jpg,train,C:\Pywork\dental\dental\data\detection_hierarchical\images\train\umfih_1447.jpg,umfih_1447.jpg,train,existing,dhash,0,exclude
C:\Pywork\dental\dental\data\raw\zenodo\panoramic_radiography_yolo_dataset_14_classes\train\images\1448.jpg,train/images/1448.jpg,train,C:\Pywork\dental\dental\data\detection_hierarchical\images\train\umfih_1448.jpg,umfih_1448.jpg,train,existing,dhash,0,exclude
C:\Pywork\dental\dental\data\raw\zenodo\panoramic_radiography_yolo_dataset_14_classes\train\images\1449.jpg,train/images/1449.jpg,train,C:\Pywork\dental\dental\data\detection_hierarchical\images\train\umfih_1449.jpg,umfih_1449.jpg,train,existing,dhash,0,exclude
C:\Pywork\dental\dental\data\raw\zenodo\panoramic_radiography_yolo_dataset_14_classes\train\images\145.jpg,train/images/145.jpg,train,C:\Pywork\dental\dental\data\detection_hierarchical\images\train\umfih_145.jpg,umfih_145.jpg,train,existing,dhash,0,exclude
C:\Pywork\dental\dental\data\raw\zenodo\panoramic_radiography_yolo_dataset_14_classes\train\images\1451.jpg,train/images/1451.jpg,train,C:\Pywork\dental\dental\data\detection_hierarchical\images\train\umfih_1451.jpg,umfih_1451.jpg,train,existing,dhash,0,exclude
C:\Pywork\dental\dental\data\raw\zenodo\panoramic_radiography_yolo_dataset_14_classes\train\images\1452.jpg,train/images/1452.jpg,train,C:\Pywork\dental\dental\data\detection_hierarchical\images\train\umfih_1452.jpg,umfih_1452.jpg,train,existing,dhash,0,exclude
C:\Pywork\dental\dental\data\raw\zenodo\panoramic_radiography_yolo_dataset_14_classes\train\images\1453.jpg,train/images/1453.jpg,train,C:\Pywork\dental\dental\data\detection_hierarchical\images\train\umfih_1453.jpg,umfih_1453.jpg,train,existing,dhash,0,exclude
C:\Pywork\dental\dental\data\raw\zenodo\panoramic_radiography_yolo_dataset_14_classes\train\images\1454.jpg,train/images/1454.jpg,train,C:\Pywork\dental\dental\data\detection_hierarchical\images\train\umfih_1454.jpg,umfih_1454.jpg,train,existing,dhash,0,exclude
C:\Pywork\dental\dental\data\raw\zenodo\panoramic_radiography_yolo_dataset_14_classes\train\images\1455.jpg,train/images/1455.jpg,train,C:\Pywork\dental\dental\data\detection_hierarchical\images\train\umfih_1455.jpg,umfih_1455.jpg,train,existing,dhash,0,exclude
C:\Pywork\dental\dental\data\raw\zenodo\panoramic_radiography_yolo_dataset_14_classes\train\images\1456.jpg,train/images/1456.jpg,train,C:\Pywork\dental\dental\data\detection_hierarchical\images\train\umfih_1456.jpg,umfih_1456.jpg,train,existing,dhash,0,exclude
C:\Pywork\dental\dental\data\raw\zenodo\panoramic_radiography_yolo_dataset_14_classes\train\images\1457.jpg,train/images/1457.jpg,train,C:\Pywork\dental\dental\data\detection_hierarchical\images\train\umfih_1457.jpg,umfih_1457.jpg,train,existing,dhash,0,exclude
C:\Pywork\dental\dental\data\raw\zenodo\panoramic_radiography_yolo_dataset_14_classes\train\images\1459.jpg,train/images/1459.jpg,train,C:\Pywork\dental\dental\data\detection_hierarchical\images\train\umfih_1459.jpg,umfih_1459.jpg,train,existing,dhash,0,exclude
C:\Pywork\dental\dental\data\raw\zenodo\panoramic_radiography_yolo_dataset_14_classes\train\images\1461.jpg,train/images/1461.jpg,train,C:\Pywork\dental\dental\data\detection_hierarchical\images\train\umfih_1461.jpg,umfih_1461.jpg,train,existing,dhash,0,exclude
C:\Pywork\dental\dental\data\raw\zenodo\panoramic_radiography_yolo_dataset_14_classes\train\images\1462.jpg,train/images/1462.jpg,train,C:\Pywork\dental\dental\data\detection_hierarchical\images\train\umfih_1462.jpg,umfih_1462.jpg,train,existing,dhash,0,exclude
C:\Pywork\dental\dental\data\raw\zenodo\panoramic_radiography_yolo_dataset_14_classes\train\images\1463.jpg,train/images/1463.jpg,train,C:\Pywork\dental\dental\data\detection_hierarchical\images\train\umfih_1463.jpg,umfih_1463.jpg,train,existing,dhash,0,exclude
C:\Pywork\dental\dental\data\raw\zenodo\panoramic_radiography_yolo_dataset_14_classes\train\images\1464.jpg,train/images/1464.jpg,train,C:\Pywork\dental\dental\data\detection_hierarchical\images\train\umfih_1464.jpg,umfih_1464.jpg,train,existing,dhash,0,exclude
C:\Pywork\dental\dental\data\raw\zenodo\panoramic_radiography_yolo_dataset_14_classes\train\images\1465.jpg,train/images/1465.jpg,train,C:\Pywork\dental\dental\data\detection_hierarchical\images\train\umfih_1465.jpg,umfih_1465.jpg,train,existing,dhash,0,exclude
C:\Pywork\dental\dental\data\raw\zenodo\panoramic_radiography_yolo_dataset_14_classes\train\images\1466.jpg,train/images/1466.jpg,train,C:\Pywork\dental\dental\data\detection_hierarchical\images\train\umfih_1466.jpg,umfih_1466.jpg,train,existing,dhash,0,exclude
C:\Pywork\dental\dental\data\raw\zenodo\panoramic_radiography_yolo_dataset_14_classes\train\images\1467.jpg,train/images/1467.jpg,train,C:\Pywork\dental\dental\data\detection_hierarchical\images\train\umfih_1467.jpg,umfih_1467.jpg,train,existing,dhash,0,exclude
C:\Pywork\dental\dental\data\raw\zenodo\panoramic_radiography_yolo_dataset_14_classes\train\images\1469.jpg,train/images/1469.jpg,train,C:\Pywork\dental\dental\data\detection_hierarchical\images\train\umfih_1469.jpg,umfih_1469.jpg,train,existing,dhash,0,exclude
C:\Pywork\dental\dental\data\raw\zenodo\panoramic_radiography_yolo_dataset_14_classes\train\images\147.jpg,train/images/147.jpg,train,C:\Pywork\dental\dental\data\detection_hierarchical\images\train\umfih_147.jpg,umfih_147.jpg,train,existing,dhash,0,exclude
C:\Pywork\dental\dental\data\raw\zenodo\panoramic_radiography_yolo_dataset_14_classes\train\images\1471.jpg,train/images/1471.jpg,train,C:\Pywork\dental\dental\data\detection_hierarchical\images\train\umfih_1471.jpg,umfih_1471.jpg,train,existing,dhash,0,exclude
C:\Pywork\dental\dental\data\raw\zenodo\panoramic_radiography_yolo_dataset_14_classes\train\images\1472.jpg,train/images/1472.jpg,train,C:\Pywork\dental\dental\data\detection_hierarchical\images\train\umfih_1472.jpg,umfih_1472.jpg,train,existing,dhash,0,exclude
C:\Pywork\dental\dental\data\raw\zenodo\panoramic_radiography_yolo_dataset_14_classes\train\images\1473.jpg,train/images/1473.jpg,train,C:\Pywork\dental\dental\data\detection_hierarchical\images\train\umfih_1473.jpg,umfih_1473.jpg,train,existing,dhash,0,exclude
C:\Pywork\dental\dental\data\raw\zenodo\panoramic_radiography_yolo_dataset_14_classes\train\images\1474.jpg,train/images/1474.jpg,train,C:\Pywork\dental\dental\data\detection_hierarchical\images\train\umfih_1474.jpg,umfih_1474.jpg,train,existing,dhash,0,exclude
C:\Pywork\dental\dental\data\raw\zenodo\panoramic_radiography_yolo_dataset_14_classes\train\images\1475.jpg,train/images/1475.jpg,train,C:\Pywork\dental\dental\data\detection_hierarchical\images\train\umfih_1475.jpg,umfih_1475.jpg,train,existing,dhash,0,exclude
C:\Pywork\dental\dental\data\raw\zenodo\panoramic_radiography_yolo_dataset_14_classes\train\images\1476.jpg,train/images/1476.jpg,train,C:\Pywork\dental\dental\data\detection_hierarchical\images\train\umfih_1476.jpg,umfih_1476.jpg,train,existing,dhash,0,exclude
C:\Pywork\dental\dental\data\raw\zenodo\panoramic_radiography_yolo_dataset_14_classes\train\images\1477.jpg,train/images/1477.jpg,train,C:\Pywork\dental\dental\data\detection_hierarchical\images\train\umfih_1477.jpg,umfih_1477.jpg,train,existing,dhash,0,exclude
C:\Pywork\dental\dental\data\raw\zenodo\panoramic_radiography_yolo_dataset_14_classes\train\images\1478.jpg,train/images/1478.jpg,train,C:\Pywork\dental\dental\data\detection_hierarchical\images\train\umfih_1478.jpg,umfih_1478.jpg,train,existing,dhash,0,exclude
C:\Pywork\dental\dental\data\raw\zenodo\panoramic_radiography_yolo_dataset_14_classes\train\images\1479.jpg,train/images/1479.jpg,train,C:\Pywork\dental\dental\data\detection_hierarchical\images\train\umfih_1479.jpg,umfih_1479.jpg,train,existing,dhash,0,exclude
C:\Pywork\dental\dental\data\raw\zenodo\panoramic_radiography_yolo_dataset_14_classes\train\images\148.jpg,train/images/148.jpg,train,C:\Pywork\dental\dental\data\detection_hierarchical\images\train\umfih_148.jpg,umfih_148.jpg,train,existing,dhash,0,exclude
C:\Pywork\dental\dental\data\raw\zenodo\panoramic_radiography_yolo_dataset_14_classes\train\images\1482.jpg,train/images/1482.jpg,train,C:\Pywork\dental\dental\data\detection_hierarchical\images\train\umfih_1482.jpg,umfih_1482.jpg,train,existing,dhash,0,exclude
C:\Pywork\dental\dental\data\raw\zenodo\panoramic_radiography_yolo_dataset_14_classes\train\images\1483.jpg,train/images/1483.jpg,train,C:\Pywork\dental\dental\data\detection_hierarchical\images\train\umfih_1483.jpg,umfih_1483.jpg,train,existing,dhash,0,exclude
C:\Pywork\dental\dental\data\raw\zenodo\panoramic_radiography_yolo_dataset_14_classes\train\images\1484.jpg,train/images/1484.jpg,train,C:\Pywork\dental\dental\data\detection_hierarchical\images\train\umfih_1484.jpg,umfih_1484.jpg,train,existing,dhash,0,exclude
C:\Pywork\dental\dental\data\raw\zenodo\panoramic_radiography_yolo_dataset_14_classes\train\images\1485.jpg,train/images/1485.jpg,train,C:\Pywork\dental\dental\data\detection_hierarchical\images\train\umfih_1485.jpg,umfih_1485.jpg,train,existing,dhash,0,exclude
C:\Pywork\dental\dental\data\raw\zenodo\panoramic_radiography_yolo_dataset_14_classes\train\images\1486.jpg,train/images/1486.jpg,train,C:\Pywork\dental\dental\data\detection_hierarchical\images\train\umfih_1486.jpg,umfih_1486.jpg,train,existing,dhash,0,exclude
C:\Pywork\dental\dental\data\raw\zenodo\panoramic_radiography_yolo_dataset_14_classes\train\images\1487.jpg,train/images/1487.jpg,train,C:\Pywork\dental\dental\data\detection_hierarchical\images\train\umfih_725.jpg,umfih_725.jpg,train,existing,dhash,0,exclude
C:\Pywork\dental\dental\data\raw\zenodo\panoramic_radiography_yolo_dataset_14_classes\train\images\1488.jpg,train/images/1488.jpg,train,C:\Pywork\dental\dental\data\detection_hierarchical\images\train\umfih_1488.jpg,umfih_1488.jpg,train,existing,dhash,0,exclude
C:\Pywork\dental\dental\data\raw\zenodo\panoramic_radiography_yolo_dataset_14_classes\train\images\1489.jpg,train/images/1489.jpg,train,C:\Pywork\dental\dental\data\detection_hierarchical\images\train\umfih_1489.jpg,umfih_1489.jpg,train,existing,dhash,0,exclude
C:\Pywork\dental\dental\data\raw\zenodo\panoramic_radiography_yolo_dataset_14_classes\train\images\149.jpg,train/images/149.jpg,train,C:\Pywork\dental\dental\data\detection_hierarchical\images\train\umfih_149.jpg,umfih_149.jpg,train,existing,dhash,0,exclude
C:\Pywork\dental\dental\data\raw\zenodo\panoramic_radiography_yolo_dataset_14_classes\train\images\1491.jpg,train/images/1491.jpg,train,C:\Pywork\dental\dental\data\detection_hierarchical\images\train\umfih_1491.jpg,umfih_1491.jpg,train,existing,dhash,0,exclude
C:\Pywork\dental\dental\data\raw\zenodo\panoramic_radiography_yolo_dataset_14_classes\train\images\1492.jpg,train/images/1492.jpg,train,C:\Pywork\dental\dental\data\detection_hierarchical\images\train\umfih_1492.jpg,umfih_1492.jpg,train,existing,dhash,0,exclude
C:\Pywork\dental\dental\data\raw\zenodo\panoramic_radiography_yolo_dataset_14_classes\train\images\1493.jpg,train/images/1493.jpg,train,C:\Pywork\dental\dental\data\detection_hierarchical\images\train\umfih_1493.jpg,umfih_1493.jpg,train,existing,dhash,0,exclude
C:\Pywork\dental\dental\data\raw\zenodo\panoramic_radiography_yolo_dataset_14_classes\train\images\1494.jpg,train/images/1494.jpg,train,C:\Pywork\dental\dental\data\detection_hierarchical\images\train\umfih_1494.jpg,umfih_1494.jpg,train,existing,dhash,0,exclude
C:\Pywork\dental\dental\data\raw\zenodo\panoramic_radiography_yolo_dataset_14_classes\train\images\1496.jpg,train/images/1496.jpg,train,C:\Pywork\dental\dental\data\detection_hierarchical\images\train\umfih_1496.jpg,umfih_1496.jpg,train,existing,dhash,0,exclude
C:\Pywork\dental\dental\data\raw\zenodo\panoramic_radiography_yolo_dataset_14_classes\train\images\1497.jpg,train/images/1497.jpg,train,C:\Pywork\dental\dental\data\detection_hierarchical\images\train\umfih_1497.jpg,umfih_1497.jpg,train,existing,dhash,0,exclude
C:\Pywork\dental\dental\data\raw\zenodo\panoramic_radiography_yolo_dataset_14_classes\train\images\1498.jpg,train/images/1498.jpg,train,C:\Pywork\dental\dental\data\detection_hierarchical\images\train\umfih_1498.jpg,umfih_1498.jpg,train,existing,dhash,0,exclude
C:\Pywork\dental\dental\data\raw\zenodo\panoramic_radiography_yolo_dataset_14_classes\train\images\1499.jpg,train/images/1499.jpg,train,C:\Pywork\dental\dental\data\detection_hierarchical\images\train\umfih_1499.jpg,umfih_1499.jpg,train,existing,dhash,0,exclude
C:\Pywork\dental\dental\data\raw\zenodo\panoramic_radiography_yolo_dataset_14_classes\train\images\15.jpg,train/images/15.jpg,train,C:\Pywork\dental\dental\data\detection_hierarchical\images\train\cx_026845.jpg,cx_026845.jpg,train,existing,dhash,2,exclude
C:\Pywork\dental\dental\data\raw\zenodo\panoramic_radiography_yolo_dataset_14_classes\train\images\1501.jpg,train/images/1501.jpg,train,C:\Pywork\dental\dental\data\detection_hierarchical\images\train\umfih_1501.jpg,umfih_1501.jpg,train,existing,dhash,0,exclude
C:\Pywork\dental\dental\data\raw\zenodo\panoramic_radiography_yolo_dataset_14_classes\train\images\1502.jpg,train/images/1502.jpg,train,C:\Pywork\dental\dental\data\detection_hierarchical\images\train\umfih_1502.jpg,umfih_1502.jpg,train,existing,dhash,0,exclude
C:\Pywork\dental\dental\data\raw\zenodo\panoramic_radiography_yolo_dataset_14_classes\train\images\1503.jpg,train/images/1503.jpg,train,C:\Pywork\dental\dental\data\detection_hierarchical\images\train\umfih_1503.jpg,umfih_1503.jpg,train,existing,dhash,0,exclude
C:\Pywork\dental\dental\data\raw\zenodo\panoramic_radiography_yolo_dataset_14_classes\train\images\1504.jpg,train/images/1504.jpg,train,C:\Pywork\dental\dental\data\detection_hierarchical\images\train\umfih_1504.jpg,umfih_1504.jpg,train,existing,dhash,0,exclude
C:\Pywork\dental\dental\data\raw\zenodo\panoramic_radiography_yolo_dataset_14_classes\train\images\1505.jpg,train/images/1505.jpg,train,C:\Pywork\dental\dental\data\detection_hierarchical\images\train\umfih_1505.jpg,umfih_1505.jpg,train,existing,dhash,0,exclude
C:\Pywork\dental\dental\data\raw\zenodo\panoramic_radiography_yolo_dataset_14_classes\train\images\1506.jpg,train/images/1506.jpg,train,C:\Pywork\dental\dental\data\detection_hierarchical\images\train\umfih_1506.jpg,umfih_1506.jpg,train,existing,dhash,0,exclude
C:\Pywork\dental\dental\data\raw\zenodo\panoramic_radiography_yolo_dataset_14_classes\train\images\1507.jpg,train/images/1507.jpg,train,C:\Pywork\dental\dental\data\detection_hierarchical\images\train\umfih_1507.jpg,umfih_1507.jpg,train,existing,dhash,0,exclude
C:\Pywork\dental\dental\data\raw\zenodo\panoramic_radiography_yolo_dataset_14_classes\train\images\1508.jpg,train/images/1508.jpg,train,C:\Pywork\dental\dental\data\detection_hierarchical\images\train\umfih_1508.jpg,umfih_1508.jpg,train,existing,dhash,0,exclude
C:\Pywork\dental\dental\data\raw\zenodo\panoramic_radiography_yolo_dataset_14_classes\train\images\1509.jpg,train/images/1509.jpg,train,C:\Pywork\dental\dental\data\detection_hierarchical\images\train\umfih_1509.jpg,umfih_1509.jpg,train,existing,dhash,0,exclude
C:\Pywork\dental\dental\data\raw\zenodo\panoramic_radiography_yolo_dataset_14_classes\train\images\151.jpg,train/images/151.jpg,train,C:\Pywork\dental\dental\data\detection_hierarchical\images\train\umfih_151.jpg,umfih_151.jpg,train,existing,dhash,0,exclude
C:\Pywork\dental\dental\data\raw\zenodo\panoramic_radiography_yolo_dataset_14_classes\train\images\1511.jpg,train/images/1511.jpg,train,C:\Pywork\dental\dental\data\detection_hierarchical\images\train\umfih_1511.jpg,umfih_1511.jpg,train,existing,dhash,0,exclude
C:\Pywork\dental\dental\data\raw\zenodo\panoramic_radiography_yolo_dataset_14_classes\train\images\1512.jpg,train/images/1512.jpg,train,C:\Pywork\dental\dental\data\detection_hierarchical\images\train\umfih_1512.jpg,umfih_1512.jpg,train,existing,dhash,0,exclude
C:\Pywork\dental\dental\data\raw\zenodo\panoramic_radiography_yolo_dataset_14_classes\train\images\1513.jpg,train/images/1513.jpg,train,C:\Pywork\dental\dental\data\detection_hierarchical\images\train\umfih_1513.jpg,umfih_1513.jpg,train,existing,dhash,0,exclude
C:\Pywork\dental\dental\data\raw\zenodo\panoramic_radiography_yolo_dataset_14_classes\train\images\1514.jpg,train/images/1514.jpg,train,C:\Pywork\dental\dental\data\detection_hierarchical\images\train\umfih_1514.jpg,umfih_1514.jpg,train,existing,dhash,0,exclude
C:\Pywork\dental\dental\data\raw\zenodo\panoramic_radiography_yolo_dataset_14_classes\train\images\1515.jpg,train/images/1515.jpg,train,C:\Pywork\dental\dental\data\detection_hierarchical\images\train\umfih_1515.jpg,umfih_1515.jpg,train,existing,dhash,0,exclude
C:\Pywork\dental\dental\data\raw\zenodo\panoramic_radiography_yolo_dataset_14_classes\train\images\1516.jpg,train/images/1516.jpg,train,C:\Pywork\dental\dental\data\detection_hierarchical\images\train\umfih_1516.jpg,umfih_1516.jpg,train,existing,dhash,0,exclude
C:\Pywork\dental\dental\data\raw\zenodo\panoramic_radiography_yolo_dataset_14_classes\train\images\1517.jpg,train/images/1517.jpg,train,C:\Pywork\dental\dental\data\detection_hierarchical\images\train\umfih_1478.jpg,umfih_1478.jpg,train,existing,dhash,0,exclude
C:\Pywork\dental\dental\data\raw\zenodo\panoramic_radiography_yolo_dataset_14_classes\train\images\1518.jpg,train/images/1518.jpg,train,C:\Pywork\dental\dental\data\detection_hierarchical\images\train\umfih_1518.jpg,umfih_1518.jpg,train,existing,dhash,0,exclude
C:\Pywork\dental\dental\data\raw\zenodo\panoramic_radiography_yolo_dataset_14_classes\train\images\1519.jpg,train/images/1519.jpg,train,C:\Pywork\dental\dental\data\detection_hierarchical\images\train\umfih_1519.jpg,umfih_1519.jpg,train,existing,dhash,0,exclude
C:\Pywork\dental\dental\data\raw\zenodo\panoramic_radiography_yolo_dataset_14_classes\train\images\152.jpg,train/images/152.jpg,train,C:\Pywork\dental\dental\data\detection_hierarchical\images\train\umfih_152.jpg,umfih_152.jpg,train,existing,dhash,0,exclude
C:\Pywork\dental\dental\data\raw\zenodo\panoramic_radiography_yolo_dataset_14_classes\train\images\1521.jpg,train/images/1521.jpg,train,C:\Pywork\dental\dental\data\detection_hierarchical\images\train\umfih_1485.jpg,umfih_1485.jpg,train,existing,dhash,0,exclude
C:\Pywork\dental\dental\data\raw\zenodo\panoramic_radiography_yolo_dataset_14_classes\train\images\1522.jpg,train/images/1522.jpg,train,C:\Pywork\dental\dental\data\detection_hierarchical\images\train\umfih_1522.jpg,umfih_1522.jpg,train,existing,dhash,0,exclude
C:\Pywork\dental\dental\data\raw\zenodo\panoramic_radiography_yolo_dataset_14_classes\train\images\1523.jpg,train/images/1523.jpg,train,C:\Pywork\dental\dental\data\detection_hierarchical\images\train\umfih_1523.jpg,umfih_1523.jpg,train,existing,dhash,0,exclude
C:\Pywork\dental\dental\data\raw\zenodo\panoramic_radiography_yolo_dataset_14_classes\train\images\1525.jpg,train/images/1525.jpg,train,C:\Pywork\dental\dental\data\detection_hierarchical\images\train\umfih_1525.jpg,umfih_1525.jpg,train,existing,dhash,0,exclude
C:\Pywork\dental\dental\data\raw\zenodo\panoramic_radiography_yolo_dataset_14_classes\train\images\1526.jpg,train/images/1526.jpg,train,C:\Pywork\dental\dental\data\detection_hierarchical\images\train\umfih_1526.jpg,umfih_1526.jpg,train,existing,dhash,0,exclude
C:\Pywork\dental\dental\data\raw\zenodo\panoramic_radiography_yolo_dataset_14_classes\train\images\1527.jpg,train/images/1527.jpg,train,C:\Pywork\dental\dental\data\detection_hierarchical\images\train\umfih_1527.jpg,umfih_1527.jpg,train,existing,dhash,0,exclude
C:\Pywork\dental\dental\data\raw\zenodo\panoramic_radiography_yolo_dataset_14_classes\train\images\1528.jpg,train/images/1528.jpg,train,C:\Pywork\dental\dental\data\detection_hierarchical\images\train\umfih_1528.jpg,umfih_1528.jpg,train,existing,dhash,0,exclude
C:\Pywork\dental\dental\data\raw\zenodo\panoramic_radiography_yolo_dataset_14_classes\train\images\1529.jpg,train/images/1529.jpg,train,C:\Pywork\dental\dental\data\detection_hierarchical\images\train\umfih_1529.jpg,umfih_1529.jpg,train,existing,dhash,0,exclude
C:\Pywork\dental\dental\data\raw\zenodo\panoramic_radiography_yolo_dataset_14_classes\train\images\153.jpg,train/images/153.jpg,train,C:\Pywork\dental\dental\data\detection_hierarchical\images\train\umfih_153.jpg,umfih_153.jpg,train,existing,dhash,0,exclude
C:\Pywork\dental\dental\data\raw\zenodo\panoramic_radiography_yolo_dataset_14_classes\train\images\1531.jpg,train/images/1531.jpg,train,C:\Pywork\dental\dental\data\detection_hierarchical\images\train\umfih_1531.jpg,umfih_1531.jpg,train,existing,dhash,0,exclude
C:\Pywork\dental\dental\data\raw\zenodo\panoramic_radiography_yolo_dataset_14_classes\train\images\1532.jpg,train/images/1532.jpg,train,C:\Pywork\dental\dental\data\detection_hierarchical\images\train\umfih_1532.jpg,umfih_1532.jpg,train,existing,dhash,0,exclude
C:\Pywork\dental\dental\data\raw\zenodo\panoramic_radiography_yolo_dataset_14_classes\train\images\1533.jpg,train/images/1533.jpg,train,C:\Pywork\dental\dental\data\detection_hierarchical\images\train\umfih_1533.jpg,umfih_1533.jpg,train,existing,dhash,0,exclude
C:\Pywork\dental\dental\data\raw\zenodo\panoramic_radiography_yolo_dataset_14_classes\train\images\1535.jpg,train/images/1535.jpg,train,C:\Pywork\dental\dental\data\detection_hierarchical\images\train\umfih_1535.jpg,umfih_1535.jpg,train,existing,dhash,0,exclude
C:\Pywork\dental\dental\data\raw\zenodo\panoramic_radiography_yolo_dataset_14_classes\train\images\1536.jpg,train/images/1536.jpg,train,C:\Pywork\dental\dental\data\detection_hierarchical\images\train\umfih_1536.jpg,umfih_1536.jpg,train,existing,dhash,0,exclude
C:\Pywork\dental\dental\data\raw\zenodo\panoramic_radiography_yolo_dataset_14_classes\train\images\1537.jpg,train/images/1537.jpg,train,C:\Pywork\dental\dental\data\detection_hierarchical\images\train\umfih_1537.jpg,umfih_1537.jpg,train,existing,dhash,0,exclude
C:\Pywork\dental\dental\data\raw\zenodo\panoramic_radiography_yolo_dataset_14_classes\train\images\1538.jpg,train/images/1538.jpg,train,C:\Pywork\dental\dental\data\detection_hierarchical\images\train\umfih_1538.jpg,umfih_1538.jpg,train,existing,dhash,0,exclude
C:\Pywork\dental\dental\data\raw\zenodo\panoramic_radiography_yolo_dataset_14_classes\train\images\1539.jpg,train/images/1539.jpg,train,C:\Pywork\dental\dental\data\detection_hierarchical\images\train\umfih_1539.jpg,umfih_1539.jpg,train,existing,dhash,0,exclude
C:\Pywork\dental\dental\data\raw\zenodo\panoramic_radiography_yolo_dataset_14_classes\train\images\154.jpg,train/images/154.jpg,train,C:\Pywork\dental\dental\data\detection_hierarchical\images\train\umfih_154.jpg,umfih_154.jpg,train,existing,dhash,0,exclude
C:\Pywork\dental\dental\data\raw\zenodo\panoramic_radiography_yolo_dataset_14_classes\train\images\1541.jpg,train/images/1541.jpg,train,C:\Pywork\dental\dental\data\detection_hierarchical\images\train\umfih_1541.jpg,umfih_1541.jpg,train,existing,dhash,0,exclude
C:\Pywork\dental\dental\data\raw\zenodo\panoramic_radiography_yolo_dataset_14_classes\train\images\1542.jpg,train/images/1542.jpg,train,C:\Pywork\dental\dental\data\detection_hierarchical\images\train\umfih_1542.jpg,umfih_1542.jpg,train,existing,dhash,0,exclude
C:\Pywork\dental\dental\data\raw\zenodo\panoramic_radiography_yolo_dataset_14_classes\train\images\1543.jpg,train/images/1543.jpg,train,C:\Pywork\dental\dental\data\detection_hierarchical\images\train\umfih_1501.jpg,umfih_1501.jpg,train,existing,dhash,0,exclude
C:\Pywork\dental\dental\data\raw\zenodo\panoramic_radiography_yolo_dataset_14_classes\train\images\1544.jpg,train/images/1544.jpg,train,C:\Pywork\dental\dental\data\detection_hierarchical\images\train\umfih_1544.jpg,umfih_1544.jpg,train,existing,dhash,0,exclude
C:\Pywork\dental\dental\data\raw\zenodo\panoramic_radiography_yolo_dataset_14_classes\train\images\1545.jpg,train/images/1545.jpg,train,C:\Pywork\dental\dental\data\detection_hierarchical\images\train\umfih_1545.jpg,umfih_1545.jpg,train,existing,dhash,0,exclude
C:\Pywork\dental\dental\data\raw\zenodo\panoramic_radiography_yolo_dataset_14_classes\train\images\1546.jpg,train/images/1546.jpg,train,C:\Pywork\dental\dental\data\detection_hierarchical\images\train\umfih_1546.jpg,umfih_1546.jpg,train,existing,dhash,0,exclude
C:\Pywork\dental\dental\data\raw\zenodo\panoramic_radiography_yolo_dataset_14_classes\train\images\1547.jpg,train/images/1547.jpg,train,C:\Pywork\dental\dental\data\detection_hierarchical\images\train\umfih_1547.jpg,umfih_1547.jpg,train,existing,dhash,0,exclude
C:\Pywork\dental\dental\data\raw\zenodo\panoramic_radiography_yolo_dataset_14_classes\train\images\1548.jpg,train/images/1548.jpg,train,C:\Pywork\dental\dental\data\detection_hierarchical\images\train\umfih_1548.jpg,umfih_1548.jpg,train,existing,dhash,0,exclude
C:\Pywork\dental\dental\data\raw\zenodo\panoramic_radiography_yolo_dataset_14_classes\train\images\1549.jpg,train/images/1549.jpg,train,C:\Pywork\dental\dental\data\detection_hierarchical\images\train\umfih_1549.jpg,umfih_1549.jpg,train,existing,dhash,0,exclude
C:\Pywork\dental\dental\data\raw\zenodo\panoramic_radiography_yolo_dataset_14_classes\train\images\155.jpg,train/images/155.jpg,train,C:\Pywork\dental\dental\data\detection_hierarchical\images\train\umfih_155.jpg,umfih_155.jpg,train,existing,dhash,0,exclude
C:\Pywork\dental\dental\data\raw\zenodo\panoramic_radiography_yolo_dataset_14_classes\train\images\157.jpg,train/images/157.jpg,train,C:\Pywork\dental\dental\data\detection_hierarchical\images\train\umfih_157.jpg,umfih_157.jpg,train,existing,dhash,0,exclude
C:\Pywork\dental\dental\data\raw\zenodo\panoramic_radiography_yolo_dataset_14_classes\train\images\158.jpg,train/images/158.jpg,train,C:\Pywork\dental\dental\data\detection_hierarchical\images\train\umfih_158.jpg,umfih_158.jpg,train,existing,dhash,0,exclude
C:\Pywork\dental\dental\data\raw\zenodo\panoramic_radiography_yolo_dataset_14_classes\train\images\159.jpg,train/images/159.jpg,train,C:\Pywork\dental\dental\data\detection_hierarchical\images\train\umfih_159.jpg,umfih_159.jpg,train,existing,dhash,0,exclude
C:\Pywork\dental\dental\data\raw\zenodo\panoramic_radiography_yolo_dataset_14_classes\train\images\16.jpg,train/images/16.jpg,train,C:\Pywork\dental\dental\data\detection_hierarchical\images\train\umfih_16.jpg,umfih_16.jpg,train,existing,dhash,0,exclude
C:\Pywork\dental\dental\data\raw\zenodo\panoramic_radiography_yolo_dataset_14_classes\train\images\161.jpg,train/images/161.jpg,train,C:\Pywork\dental\dental\data\detection_hierarchical\images\train\umfih_161.jpg,umfih_161.jpg,train,existing,dhash,0,exclude
C:\Pywork\dental\dental\data\raw\zenodo\panoramic_radiography_yolo_dataset_14_classes\train\images\162.jpg,train/images/162.jpg,train,C:\Pywork\dental\dental\data\detection_hierarchical\images\train\umfih_162.jpg,umfih_162.jpg,train,existing,dhash,0,exclude
C:\Pywork\dental\dental\data\raw\zenodo\panoramic_radiography_yolo_dataset_14_classes\train\images\163.jpg,train/images/163.jpg,train,C:\Pywork\dental\dental\data\detection_hierarchical\images\train\umfih_163.jpg,umfih_163.jpg,train,existing,dhash,0,exclude
C:\Pywork\dental\dental\data\raw\zenodo\panoramic_radiography_yolo_dataset_14_classes\train\images\164.jpg,train/images/164.jpg,train,C:\Pywork\dental\dental\data\detection_hierarchical\images\train\umfih_164.jpg,umfih_164.jpg,train,existing,dhash,0,exclude
C:\Pywork\dental\dental\data\raw\zenodo\panoramic_radiography_yolo_dataset_14_classes\train\images\166.jpg,train/images/166.jpg,train,C:\Pywork\dental\dental\data\detection_hierarchical\images\train\umfih_166.jpg,umfih_166.jpg,train,existing,dhash,0,exclude
C:\Pywork\dental\dental\data\raw\zenodo\panoramic_radiography_yolo_dataset_14_classes\train\images\168.jpg,train/images/168.jpg,train,C:\Pywork\dental\dental\data\detection_hierarchical\images\train\umfih_168.jpg,umfih_168.jpg,train,existing,dhash,0,exclude
C:\Pywork\dental\dental\data\raw\zenodo\panoramic_radiography_yolo_dataset_14_classes\train\images\171.jpg,train/images/171.jpg,train,C:\Pywork\dental\dental\data\detection_hierarchical\images\train\umfih_171.jpg,umfih_171.jpg,train,existing,dhash,0,exclude
C:\Pywork\dental\dental\data\raw\zenodo\panoramic_radiography_yolo_dataset_14_classes\train\images\172.jpg,train/images/172.jpg,train,C:\Pywork\dental\dental\data\detection_hierarchical\images\train\umfih_172.jpg,umfih_172.jpg,train,existing,dhash,0,exclude
C:\Pywork\dental\dental\data\raw\zenodo\panoramic_radiography_yolo_dataset_14_classes\train\images\173.jpg,train/images/173.jpg,train,C:\Pywork\dental\dental\data\detection_hierarchical\images\train\umfih_173.jpg,umfih_173.jpg,train,existing,dhash,0,exclude
C:\Pywork\dental\dental\data\raw\zenodo\panoramic_radiography_yolo_dataset_14_classes\train\images\174.jpg,train/images/174.jpg,train,C:\Pywork\dental\dental\data\detection_hierarchical\images\train\umfih_174.jpg,umfih_174.jpg,train,existing,dhash,0,exclude
C:\Pywork\dental\dental\data\raw\zenodo\panoramic_radiography_yolo_dataset_14_classes\train\images\175.jpg,train/images/175.jpg,train,C:\Pywork\dental\dental\data\detection_hierarchical\images\train\umfih_175.jpg,umfih_175.jpg,train,existing,dhash,0,exclude
C:\Pywork\dental\dental\data\raw\zenodo\panoramic_radiography_yolo_dataset_14_classes\train\images\176.jpg,train/images/176.jpg,train,C:\Pywork\dental\dental\data\detection_hierarchical\images\train\umfih_176.jpg,umfih_176.jpg,train,existing,dhash,0,exclude
C:\Pywork\dental\dental\data\raw\zenodo\panoramic_radiography_yolo_dataset_14_classes\train\images\177.jpg,train/images/177.jpg,train,C:\Pywork\dental\dental\data\detection_hierarchical\images\train\umfih_177.jpg,umfih_177.jpg,train,existing,dhash,0,exclude
C:\Pywork\dental\dental\data\raw\zenodo\panoramic_radiography_yolo_dataset_14_classes\train\images\179.jpg,train/images/179.jpg,train,C:\Pywork\dental\dental\data\detection_hierarchical\images\train\umfih_179.jpg,umfih_179.jpg,train,existing,dhash,0,exclude
C:\Pywork\dental\dental\data\raw\zenodo\panoramic_radiography_yolo_dataset_14_classes\train\images\181.jpg,train/images/181.jpg,train,C:\Pywork\dental\dental\data\detection_hierarchical\images\train\umfih_181.jpg,umfih_181.jpg,train,existing,dhash,0,exclude
C:\Pywork\dental\dental\data\raw\zenodo\panoramic_radiography_yolo_dataset_14_classes\train\images\183.jpg,train/images/183.jpg,train,C:\Pywork\dental\dental\data\detection_hierarchical\images\train\umfih_183.jpg,umfih_183.jpg,train,existing,dhash,0,exclude
C:\Pywork\dental\dental\data\raw\zenodo\panoramic_radiography_yolo_dataset_14_classes\train\images\184.jpg,train/images/184.jpg,train,C:\Pywork\dental\dental\data\detection_hierarchical\images\train\umfih_184.jpg,umfih_184.jpg,train,existing,dhash,0,exclude
C:\Pywork\dental\dental\data\raw\zenodo\panoramic_radiography_yolo_dataset_14_classes\train\images\185.jpg,train/images/185.jpg,train,C:\Pywork\dental\dental\data\detection_hierarchical\images\train\umfih_185.jpg,umfih_185.jpg,train,existing,dhash,0,exclude
C:\Pywork\dental\dental\data\raw\zenodo\panoramic_radiography_yolo_dataset_14_classes\train\images\186.jpg,train/images/186.jpg,train,C:\Pywork\dental\dental\data\detection_hierarchical\images\train\umfih_186.jpg,umfih_186.jpg,train,existing,dhash,0,exclude
C:\Pywork\dental\dental\data\raw\zenodo\panoramic_radiography_yolo_dataset_14_classes\train\images\187.jpg,train/images/187.jpg,train,C:\Pywork\dental\dental\data\detection_hierarchical\images\train\umfih_187.jpg,umfih_187.jpg,train,existing,dhash,0,exclude
C:\Pywork\dental\dental\data\raw\zenodo\panoramic_radiography_yolo_dataset_14_classes\train\images\189.jpg,train/images/189.jpg,train,C:\Pywork\dental\dental\data\detection_hierarchical\images\train\umfih_189.jpg,umfih_189.jpg,train,existing,dhash,0,exclude
C:\Pywork\dental\dental\data\raw\zenodo\panoramic_radiography_yolo_dataset_14_classes\train\images\191.jpg,train/images/191.jpg,train,C:\Pywork\dental\dental\data\detection_hierarchical\images\train\umfih_191.jpg,umfih_191.jpg,train,existing,dhash,0,exclude
C:\Pywork\dental\dental\data\raw\zenodo\panoramic_radiography_yolo_dataset_14_classes\train\images\192.jpg,train/images/192.jpg,train,C:\Pywork\dental\dental\data\detection_hierarchical\images\train\umfih_192.jpg,umfih_192.jpg,train,existing,dhash,0,exclude
C:\Pywork\dental\dental\data\raw\zenodo\panoramic_radiography_yolo_dataset_14_classes\train\images\193.jpg,train/images/193.jpg,train,C:\Pywork\dental\dental\data\detection_hierarchical\images\train\umfih_193.jpg,umfih_193.jpg,train,existing,dhash,0,exclude
C:\Pywork\dental\dental\data\raw\zenodo\panoramic_radiography_yolo_dataset_14_classes\train\images\194.jpg,train/images/194.jpg,train,C:\Pywork\dental\dental\data\detection_hierarchical\images\train\umfih_194.jpg,umfih_194.jpg,train,existing,dhash,0,exclude
C:\Pywork\dental\dental\data\raw\zenodo\panoramic_radiography_yolo_dataset_14_classes\train\images\195.jpg,train/images/195.jpg,train,C:\Pywork\dental\dental\data\detection_hierarchical\images\train\umfih_195.jpg,umfih_195.jpg,train,existing,dhash,0,exclude
C:\Pywork\dental\dental\data\raw\zenodo\panoramic_radiography_yolo_dataset_14_classes\train\images\196.jpg,train/images/196.jpg,train,C:\Pywork\dental\dental\data\detection_hierarchical\images\train\umfih_358.jpg,umfih_358.jpg,train,existing,dhash,3,exclude
C:\Pywork\dental\dental\data\raw\zenodo\panoramic_radiography_yolo_dataset_14_classes\train\images\197.jpg,train/images/197.jpg,train,C:\Pywork\dental\dental\data\detection_hierarchical\images\train\umfih_197.jpg,umfih_197.jpg,train,existing,dhash,0,exclude
C:\Pywork\dental\dental\data\raw\zenodo\panoramic_radiography_yolo_dataset_14_classes\train\images\198.jpg,train/images/198.jpg,train,C:\Pywork\dental\dental\data\detection_hierarchical\images\train\umfih_198.jpg,umfih_198.jpg,train,existing,dhash,0,exclude
C:\Pywork\dental\dental\data\raw\zenodo\panoramic_radiography_yolo_dataset_14_classes\train\images\199.jpg,train/images/199.jpg,train,C:\Pywork\dental\dental\data\detection_hierarchical\images\train\umfih_199.jpg,umfih_199.jpg,train,existing,dhash,0,exclude
C:\Pywork\dental\dental\data\raw\zenodo\panoramic_radiography_yolo_dataset_14_classes\train\images\202.jpg,train/images/202.jpg,train,C:\Pywork\dental\dental\data\detection_hierarchical\images\train\umfih_202.jpg,umfih_202.jpg,train,existing,dhash,0,exclude
C:\Pywork\dental\dental\data\raw\zenodo\panoramic_radiography_yolo_dataset_14_classes\train\images\203.jpg,train/images/203.jpg,train,C:\Pywork\dental\dental\data\detection_hierarchical\images\train\umfih_203.jpg,umfih_203.jpg,train,existing,dhash,0,exclude
C:\Pywork\dental\dental\data\raw\zenodo\panoramic_radiography_yolo_dataset_14_classes\train\images\206.jpg,train/images/206.jpg,train,C:\Pywork\dental\dental\data\detection_hierarchical\images\train\umfih_206.jpg,umfih_206.jpg,train,existing,dhash,0,exclude
C:\Pywork\dental\dental\data\raw\zenodo\panoramic_radiography_yolo_dataset_14_classes\train\images\21.jpg,train/images/21.jpg,train,C:\Pywork\dental\dental\data\detection_hierarchical\images\train\umfih_21.jpg,umfih_21.jpg,train,existing,dhash,0,exclude
C:\Pywork\dental\dental\data\raw\zenodo\panoramic_radiography_yolo_dataset_14_classes\train\images\212.jpg,train/images/212.jpg,train,C:\Pywork\dental\dental\data\detection_hierarchical\images\train\umfih_212.jpg,umfih_212.jpg,train,existing,dhash,0,exclude
C:\Pywork\dental\dental\data\raw\zenodo\panoramic_radiography_yolo_dataset_14_classes\train\images\213.jpg,train/images/213.jpg,train,C:\Pywork\dental\dental\data\detection_hierarchical\images\train\umfih_711.jpg,umfih_711.jpg,train,existing,dhash,0,exclude
C:\Pywork\dental\dental\data\raw\zenodo\panoramic_radiography_yolo_dataset_14_classes\train\images\215.jpg,train/images/215.jpg,train,C:\Pywork\dental\dental\data\detection_hierarchical\images\train\umfih_215.jpg,umfih_215.jpg,train,existing,dhash,0,exclude
C:\Pywork\dental\dental\data\raw\zenodo\panoramic_radiography_yolo_dataset_14_classes\train\images\216.jpg,train/images/216.jpg,train,C:\Pywork\dental\dental\data\detection_hierarchical\images\train\umfih_616.jpg,umfih_616.jpg,train,existing,dhash,4,exclude
C:\Pywork\dental\dental\data\raw\zenodo\panoramic_radiography_yolo_dataset_14_classes\train\images\218.jpg,train/images/218.jpg,train,C:\Pywork\dental\dental\data\detection_hierarchical\images\train\umfih_513.jpg,umfih_513.jpg,train,existing,dhash,0,exclude
C:\Pywork\dental\dental\data\raw\zenodo\panoramic_radiography_yolo_dataset_14_classes\train\images\219.jpg,train/images/219.jpg,train,C:\Pywork\dental\dental\data\detection_hierarchical\images\train\umfih_219.jpg,umfih_219.jpg,train,existing,dhash,0,exclude
C:\Pywork\dental\dental\data\raw\zenodo\panoramic_radiography_yolo_dataset_14_classes\train\images\22.jpg,train/images/22.jpg,train,C:\Pywork\dental\dental\data\detection_hierarchical\images\train\umfih_22.jpg,umfih_22.jpg,train,existing,dhash,0,exclude
C:\Pywork\dental\dental\data\raw\zenodo\panoramic_radiography_yolo_dataset_14_classes\train\images\223.jpg,train/images/223.jpg,train,C:\Pywork\dental\dental\data\detection_hierarchical\images\train\umfih_223.jpg,umfih_223.jpg,train,existing,dhash,0,exclude
C:\Pywork\dental\dental\data\raw\zenodo\panoramic_radiography_yolo_dataset_14_classes\train\images\225.jpg,train/images/225.jpg,train,C:\Pywork\dental\dental\data\detection_hierarchical\images\train\umfih_225.jpg,umfih_225.jpg,train,existing,dhash,0,exclude
C:\Pywork\dental\dental\data\raw\zenodo\panoramic_radiography_yolo_dataset_14_classes\train\images\227.jpg,train/images/227.jpg,train,C:\Pywork\dental\dental\data\detection_hierarchical\images\train\umfih_227.jpg,umfih_227.jpg,train,existing,dhash,0,exclude
C:\Pywork\dental\dental\data\raw\zenodo\panoramic_radiography_yolo_dataset_14_classes\train\images\228.jpg,train/images/228.jpg,train,C:\Pywork\dental\dental\data\detection_hierarchical\images\train\umfih_228.jpg,umfih_228.jpg,train,existing,dhash,0,exclude
C:\Pywork\dental\dental\data\raw\zenodo\panoramic_radiography_yolo_dataset_14_classes\train\images\23.jpg,train/images/23.jpg,train,C:\Pywork\dental\dental\data\detection_hierarchical\images\train\umfih_23.jpg,umfih_23.jpg,train,existing,dhash,0,exclude
C:\Pywork\dental\dental\data\raw\zenodo\panoramic_radiography_yolo_dataset_14_classes\train\images\231.jpg,train/images/231.jpg,train,C:\Pywork\dental\dental\data\detection_hierarchical\images\train\umfih_231.jpg,umfih_231.jpg,train,existing,dhash,0,exclude
C:\Pywork\dental\dental\data\raw\zenodo\panoramic_radiography_yolo_dataset_14_classes\train\images\232.jpg,train/images/232.jpg,train,C:\Pywork\dental\dental\data\detection_hierarchical\images\train\umfih_232.jpg,umfih_232.jpg,train,existing,dhash,0,exclude
C:\Pywork\dental\dental\data\raw\zenodo\panoramic_radiography_yolo_dataset_14_classes\train\images\236.jpg,train/images/236.jpg,train,C:\Pywork\dental\dental\data\detection_hierarchical\images\train\umfih_236.jpg,umfih_236.jpg,train,existing,dhash,0,exclude
C:\Pywork\dental\dental\data\raw\zenodo\panoramic_radiography_yolo_dataset_14_classes\train\images\237.jpg,train/images/237.jpg,train,C:\Pywork\dental\dental\data\detection_hierarchical\images\train\umfih_237.jpg,umfih_237.jpg,train,existing,dhash,0,exclude
C:\Pywork\dental\dental\data\raw\zenodo\panoramic_radiography_yolo_dataset_14_classes\train\images\238.jpg,train/images/238.jpg,train,C:\Pywork\dental\dental\data\detection_hierarchical\images\train\umfih_238.jpg,umfih_238.jpg,train,existing,dhash,0,exclude
C:\Pywork\dental\dental\data\raw\zenodo\panoramic_radiography_yolo_dataset_14_classes\train\images\24.jpg,train/images/24.jpg,train,C:\Pywork\dental\dental\data\detection_hierarchical\images\train\umfih_24.jpg,umfih_24.jpg,train,existing,dhash,0,exclude
C:\Pywork\dental\dental\data\raw\zenodo\panoramic_radiography_yolo_dataset_14_classes\train\images\242.jpg,train/images/242.jpg,train,C:\Pywork\dental\dental\data\detection_hierarchical\images\train\umfih_242.jpg,umfih_242.jpg,train,existing,dhash,0,exclude
C:\Pywork\dental\dental\data\raw\zenodo\panoramic_radiography_yolo_dataset_14_classes\train\images\243.jpg,train/images/243.jpg,train,C:\Pywork\dental\dental\data\detection_hierarchical\images\train\umfih_559.jpg,umfih_559.jpg,train,existing,dhash,0,exclude
C:\Pywork\dental\dental\data\raw\zenodo\panoramic_radiography_yolo_dataset_14_classes\train\images\246.jpg,train/images/246.jpg,train,C:\Pywork\dental\dental\data\detection_hierarchical\images\train\umfih_246.jpg,umfih_246.jpg,train,existing,dhash,0,exclude
C:\Pywork\dental\dental\data\raw\zenodo\panoramic_radiography_yolo_dataset_14_classes\train\images\248.jpg,train/images/248.jpg,train,C:\Pywork\dental\dental\data\detection_hierarchical\images\train\umfih_248.jpg,umfih_248.jpg,train,existing,dhash,0,exclude
C:\Pywork\dental\dental\data\raw\zenodo\panoramic_radiography_yolo_dataset_14_classes\train\images\249.jpg,train/images/249.jpg,train,C:\Pywork\dental\dental\data\detection_hierarchical\images\train\umfih_249.jpg,umfih_249.jpg,train,existing,dhash,0,exclude
C:\Pywork\dental\dental\data\raw\zenodo\panoramic_radiography_yolo_dataset_14_classes\train\images\251.jpg,train/images/251.jpg,train,C:\Pywork\dental\dental\data\detection_hierarchical\images\train\umfih_571.jpg,umfih_571.jpg,train,existing,dhash,0,exclude
C:\Pywork\dental\dental\data\raw\zenodo\panoramic_radiography_yolo_dataset_14_classes\train\images\253.jpg,train/images/253.jpg,train,C:\Pywork\dental\dental\data\detection_hierarchical\images\train\umfih_253.jpg,umfih_253.jpg,train,existing,dhash,0,exclude
C:\Pywork\dental\dental\data\raw\zenodo\panoramic_radiography_yolo_dataset_14_classes\train\images\254.jpg,train/images/254.jpg,train,C:\Pywork\dental\dental\data\detection_hierarchical\images\train\umfih_254.jpg,umfih_254.jpg,train,existing,dhash,0,exclude
C:\Pywork\dental\dental\data\raw\zenodo\panoramic_radiography_yolo_dataset_14_classes\train\images\255.jpg,train/images/255.jpg,train,C:\Pywork\dental\dental\data\detection_hierarchical\images\train\umfih_255.jpg,umfih_255.jpg,train,existing,dhash,0,exclude
C:\Pywork\dental\dental\data\raw\zenodo\panoramic_radiography_yolo_dataset_14_classes\train\images\256.jpg,train/images/256.jpg,train,C:\Pywork\dental\dental\data\detection_hierarchical\images\train\umfih_256.jpg,umfih_256.jpg,train,existing,dhash,0,exclude
C:\Pywork\dental\dental\data\raw\zenodo\panoramic_radiography_yolo_dataset_14_classes\train\images\257.jpg,train/images/257.jpg,train,C:\Pywork\dental\dental\data\detection_hierarchical\images\train\umfih_257.jpg,umfih_257.jpg,train,existing,dhash,0,exclude
C:\Pywork\dental\dental\data\raw\zenodo\panoramic_radiography_yolo_dataset_14_classes\train\images\258.jpg,train/images/258.jpg,train,C:\Pywork\dental\dental\data\detection_hierarchical\images\train\umfih_258.jpg,umfih_258.jpg,train,existing,dhash,0,exclude
C:\Pywork\dental\dental\data\raw\zenodo\panoramic_radiography_yolo_dataset_14_classes\train\images\259.jpg,train/images/259.jpg,train,C:\Pywork\dental\dental\data\detection_hierarchical\images\train\umfih_363.jpg,umfih_363.jpg,train,existing,dhash,0,exclude
C:\Pywork\dental\dental\data\raw\zenodo\panoramic_radiography_yolo_dataset_14_classes\train\images\26.jpg,train/images/26.jpg,train,C:\Pywork\dental\dental\data\detection_hierarchical\images\train\umfih_26.jpg,umfih_26.jpg,train,existing,dhash,0,exclude
C:\Pywork\dental\dental\data\raw\zenodo\panoramic_radiography_yolo_dataset_14_classes\train\images\261.jpg,train/images/261.jpg,train,C:\Pywork\dental\dental\data\detection_hierarchical\images\train\umfih_261.jpg,umfih_261.jpg,train,existing,dhash,0,exclude
C:\Pywork\dental\dental\data\raw\zenodo\panoramic_radiography_yolo_dataset_14_classes\train\images\265.jpg,train/images/265.jpg,train,C:\Pywork\dental\dental\data\detection_hierarchical\images\train\umfih_265.jpg,umfih_265.jpg,train,existing,dhash,0,exclude
C:\Pywork\dental\dental\data\raw\zenodo\panoramic_radiography_yolo_dataset_14_classes\train\images\266.jpg,train/images/266.jpg,train,C:\Pywork\dental\dental\data\detection_hierarchical\images\train\umfih_266.jpg,umfih_266.jpg,train,existing,dhash,0,exclude
C:\Pywork\dental\dental\data\raw\zenodo\panoramic_radiography_yolo_dataset_14_classes\train\images\267.jpg,train/images/267.jpg,train,C:\Pywork\dental\dental\data\detection_hierarchical\images\train\umfih_267.jpg,umfih_267.jpg,train,existing,dhash,0,exclude
C:\Pywork\dental\dental\data\raw\zenodo\panoramic_radiography_yolo_dataset_14_classes\train\images\268.jpg,train/images/268.jpg,train,C:\Pywork\dental\dental\data\detection_hierarchical\images\val\umfih_440.jpg,umfih_440.jpg,val,existing,dhash,0,exclude
C:\Pywork\dental\dental\data\raw\zenodo\panoramic_radiography_yolo_dataset_14_classes\train\images\269.jpg,train/images/269.jpg,train,C:\Pywork\dental\dental\data\detection_hierarchical\images\train\umfih_269.jpg,umfih_269.jpg,train,existing,dhash,0,exclude
C:\Pywork\dental\dental\data\raw\zenodo\panoramic_radiography_yolo_dataset_14_classes\train\images\27.jpg,train/images/27.jpg,train,C:\Pywork\dental\dental\data\detection_hierarchical\images\train\umfih_27.jpg,umfih_27.jpg,train,existing,dhash,0,exclude
C:\Pywork\dental\dental\data\raw\zenodo\panoramic_radiography_yolo_dataset_14_classes\train\images\271.jpg,train/images/271.jpg,train,C:\Pywork\dental\dental\data\detection_hierarchical\images\train\umfih_271.jpg,umfih_271.jpg,train,existing,dhash,0,exclude
C:\Pywork\dental\dental\data\raw\zenodo\panoramic_radiography_yolo_dataset_14_classes\train\images\272.jpg,train/images/272.jpg,train,C:\Pywork\dental\dental\data\detection_hierarchical\images\train\umfih_272.jpg,umfih_272.jpg,train,existing,dhash,0,exclude
C:\Pywork\dental\dental\data\raw\zenodo\panoramic_radiography_yolo_dataset_14_classes\train\images\273.jpg,train/images/273.jpg,train,C:\Pywork\dental\dental\data\detection_hierarchical\images\train\umfih_273.jpg,umfih_273.jpg,train,existing,dhash,0,exclude
C:\Pywork\dental\dental\data\raw\zenodo\panoramic_radiography_yolo_dataset_14_classes\train\images\275.jpg,train/images/275.jpg,train,C:\Pywork\dental\dental\data\detection_hierarchical\images\train\umfih_275.jpg,umfih_275.jpg,train,existing,dhash,0,exclude
C:\Pywork\dental\dental\data\raw\zenodo\panoramic_radiography_yolo_dataset_14_classes\train\images\276.jpg,train/images/276.jpg,train,C:\Pywork\dental\dental\data\detection_hierarchical\images\train\umfih_276.jpg,umfih_276.jpg,train,existing,dhash,0,exclude
C:\Pywork\dental\dental\data\raw\zenodo\panoramic_radiography_yolo_dataset_14_classes\train\images\279.jpg,train/images/279.jpg,train,C:\Pywork\dental\dental\data\detection_hierarchical\images\train\umfih_279.jpg,umfih_279.jpg,train,existing,dhash,0,exclude
C:\Pywork\dental\dental\data\raw\zenodo\panoramic_radiography_yolo_dataset_14_classes\train\images\28.jpg,train/images/28.jpg,train,C:\Pywork\dental\dental\data\detection_hierarchical\images\train\umfih_28.jpg,umfih_28.jpg,train,existing,dhash,0,exclude
C:\Pywork\dental\dental\data\raw\zenodo\panoramic_radiography_yolo_dataset_14_classes\train\images\281.jpg,train/images/281.jpg,train,C:\Pywork\dental\dental\data\detection_hierarchical\images\train\umfih_281.jpg,umfih_281.jpg,train,existing,dhash,0,exclude
C:\Pywork\dental\dental\data\raw\zenodo\panoramic_radiography_yolo_dataset_14_classes\train\images\282.jpg,train/images/282.jpg,train,C:\Pywork\dental\dental\data\detection_hierarchical\images\train\umfih_282.jpg,umfih_282.jpg,train,existing,dhash,0,exclude
C:\Pywork\dental\dental\data\raw\zenodo\panoramic_radiography_yolo_dataset_14_classes\train\images\285.jpg,train/images/285.jpg,train,C:\Pywork\dental\dental\data\detection_hierarchical\images\train\umfih_285.jpg,umfih_285.jpg,train,existing,dhash,0,exclude
C:\Pywork\dental\dental\data\raw\zenodo\panoramic_radiography_yolo_dataset_14_classes\train\images\286.jpg,train/images/286.jpg,train,C:\Pywork\dental\dental\data\detection_hierarchical\images\train\umfih_286.jpg,umfih_286.jpg,train,existing,dhash,0,exclude
C:\Pywork\dental\dental\data\raw\zenodo\panoramic_radiography_yolo_dataset_14_classes\train\images\287.jpg,train/images/287.jpg,train,C:\Pywork\dental\dental\data\detection_hierarchical\images\train\umfih_287.jpg,umfih_287.jpg,train,existing,dhash,0,exclude
C:\Pywork\dental\dental\data\raw\zenodo\panoramic_radiography_yolo_dataset_14_classes\train\images\288.jpg,train/images/288.jpg,train,C:\Pywork\dental\dental\data\detection_hierarchical\images\train\umfih_288.jpg,umfih_288.jpg,train,existing,dhash,0,exclude
C:\Pywork\dental\dental\data\raw\zenodo\panoramic_radiography_yolo_dataset_14_classes\train\images\29.jpg,train/images/29.jpg,train,C:\Pywork\dental\dental\data\detection_hierarchical\images\train\umfih_29.jpg,umfih_29.jpg,train,existing,dhash,0,exclude
C:\Pywork\dental\dental\data\raw\zenodo\panoramic_radiography_yolo_dataset_14_classes\train\images\291.jpg,train/images/291.jpg,train,C:\Pywork\dental\dental\data\detection_hierarchical\images\train\umfih_291.jpg,umfih_291.jpg,train,existing,dhash,0,exclude
C:\Pywork\dental\dental\data\raw\zenodo\panoramic_radiography_yolo_dataset_14_classes\train\images\292.jpg,train/images/292.jpg,train,C:\Pywork\dental\dental\data\detection_hierarchical\images\train\umfih_292.jpg,umfih_292.jpg,train,existing,dhash,0,exclude
C:\Pywork\dental\dental\data\raw\zenodo\panoramic_radiography_yolo_dataset_14_classes\train\images\293.jpg,train/images/293.jpg,train,C:\Pywork\dental\dental\data\detection_hierarchical\images\train\umfih_293.jpg,umfih_293.jpg,train,existing,dhash,0,exclude
C:\Pywork\dental\dental\data\raw\zenodo\panoramic_radiography_yolo_dataset_14_classes\train\images\294.jpg,train/images/294.jpg,train,C:\Pywork\dental\dental\data\detection_hierarchical\images\train\umfih_294.jpg,umfih_294.jpg,train,existing,dhash,0,exclude
C:\Pywork\dental\dental\data\raw\zenodo\panoramic_radiography_yolo_dataset_14_classes\train\images\295.jpg,train/images/295.jpg,train,C:\Pywork\dental\dental\data\detection_hierarchical\images\train\umfih_295.jpg,umfih_295.jpg,train,existing,dhash,0,exclude
C:\Pywork\dental\dental\data\raw\zenodo\panoramic_radiography_yolo_dataset_14_classes\train\images\296.jpg,train/images/296.jpg,train,C:\Pywork\dental\dental\data\detection_hierarchical\images\train\umfih_296.jpg,umfih_296.jpg,train,existing,dhash,0,exclude
C:\Pywork\dental\dental\data\raw\zenodo\panoramic_radiography_yolo_dataset_14_classes\train\images\297.jpg,train/images/297.jpg,train,C:\Pywork\dental\dental\data\detection_hierarchical\images\train\umfih_297.jpg,umfih_297.jpg,train,existing,dhash,0,exclude
C:\Pywork\dental\dental\data\raw\zenodo\panoramic_radiography_yolo_dataset_14_classes\train\images\298.jpg,train/images/298.jpg,train,C:\Pywork\dental\dental\data\detection_hierarchical\images\train\umfih_298.jpg,umfih_298.jpg,train,existing,dhash,0,exclude
C:\Pywork\dental\dental\data\raw\zenodo\panoramic_radiography_yolo_dataset_14_classes\train\images\299.jpg,train/images/299.jpg,train,C:\Pywork\dental\dental\data\detection_hierarchical\images\train\umfih_299.jpg,umfih_299.jpg,train,existing,dhash,0,exclude
C:\Pywork\dental\dental\data\raw\zenodo\panoramic_radiography_yolo_dataset_14_classes\train\images\3.jpg,train/images/3.jpg,train,C:\Pywork\dental\dental\data\detection_hierarchical\images\train\umfih_3.jpg,umfih_3.jpg,train,existing,dhash,0,exclude
C:\Pywork\dental\dental\data\raw\zenodo\panoramic_radiography_yolo_dataset_14_classes\train\images\301.jpg,train/images/301.jpg,train,C:\Pywork\dental\dental\data\detection_hierarchical\images\train\umfih_402.jpg,umfih_402.jpg,train,existing,dhash,0,exclude
C:\Pywork\dental\dental\data\raw\zenodo\panoramic_radiography_yolo_dataset_14_classes\train\images\304.jpg,train/images/304.jpg,train,C:\Pywork\dental\dental\data\detection_hierarchical\images\train\umfih_304.jpg,umfih_304.jpg,train,existing,dhash,0,exclude
C:\Pywork\dental\dental\data\raw\zenodo\panoramic_radiography_yolo_dataset_14_classes\train\images\305.jpg,train/images/305.jpg,train,C:\Pywork\dental\dental\data\detection_hierarchical\images\train\umfih_305.jpg,umfih_305.jpg,train,existing,dhash,0,exclude
C:\Pywork\dental\dental\data\raw\zenodo\panoramic_radiography_yolo_dataset_14_classes\train\images\306.jpg,train/images/306.jpg,train,C:\Pywork\dental\dental\data\detection_hierarchical\images\train\umfih_306.jpg,umfih_306.jpg,train,existing,dhash,0,exclude
C:\Pywork\dental\dental\data\raw\zenodo\panoramic_radiography_yolo_dataset_14_classes\train\images\307.jpg,train/images/307.jpg,train,C:\Pywork\dental\dental\data\detection_hierarchical\images\train\umfih_307.jpg,umfih_307.jpg,train,existing,dhash,0,exclude
C:\Pywork\dental\dental\data\raw\zenodo\panoramic_radiography_yolo_dataset_14_classes\train\images\308.jpg,train/images/308.jpg,train,C:\Pywork\dental\dental\data\detection_hierarchical\images\train\umfih_308.jpg,umfih_308.jpg,train,existing,dhash,0,exclude
C:\Pywork\dental\dental\data\raw\zenodo\panoramic_radiography_yolo_dataset_14_classes\train\images\31.jpg,train/images/31.jpg,train,C:\Pywork\dental\dental\data\detection_hierarchical\images\train\umfih_31.jpg,umfih_31.jpg,train,existing,dhash,0,exclude
C:\Pywork\dental\dental\data\raw\zenodo\panoramic_radiography_yolo_dataset_14_classes\train\images\311.jpg,train/images/311.jpg,train,C:\Pywork\dental\dental\data\detection_hierarchical\images\train\umfih_311.jpg,umfih_311.jpg,train,existing,dhash,0,exclude
C:\Pywork\dental\dental\data\raw\zenodo\panoramic_radiography_yolo_dataset_14_classes\train\images\313.jpg,train/images/313.jpg,train,C:\Pywork\dental\dental\data\detection_hierarchical\images\train\umfih_825.jpg,umfih_825.jpg,train,existing,dhash,2,exclude
C:\Pywork\dental\dental\data\raw\zenodo\panoramic_radiography_yolo_dataset_14_classes\train\images\315.jpg,train/images/315.jpg,train,C:\Pywork\dental\dental\data\detection_hierarchical\images\train\umfih_315.jpg,umfih_315.jpg,train,existing,dhash,0,exclude
C:\Pywork\dental\dental\data\raw\zenodo\panoramic_radiography_yolo_dataset_14_classes\train\images\316.jpg,train/images/316.jpg,train,C:\Pywork\dental\dental\data\detection_hierarchical\images\train\umfih_316.jpg,umfih_316.jpg,train,existing,dhash,0,exclude
C:\Pywork\dental\dental\data\raw\zenodo\panoramic_radiography_yolo_dataset_14_classes\train\images\317.jpg,train/images/317.jpg,train,C:\Pywork\dental\dental\data\detection_hierarchical\images\train\umfih_317.jpg,umfih_317.jpg,train,existing,dhash,0,exclude
C:\Pywork\dental\dental\data\raw\zenodo\panoramic_radiography_yolo_dataset_14_classes\train\images\318.jpg,train/images/318.jpg,train,C:\Pywork\dental\dental\data\detection_hierarchical\images\train\umfih_318.jpg,umfih_318.jpg,train,existing,dhash,0,exclude
C:\Pywork\dental\dental\data\raw\zenodo\panoramic_radiography_yolo_dataset_14_classes\train\images\319.jpg,train/images/319.jpg,train,C:\Pywork\dental\dental\data\detection_hierarchical\images\train\umfih_319.jpg,umfih_319.jpg,train,existing,dhash,0,exclude
C:\Pywork\dental\dental\data\raw\zenodo\panoramic_radiography_yolo_dataset_14_classes\train\images\32.jpg,train/images/32.jpg,train,C:\Pywork\dental\dental\data\detection_hierarchical\images\train\umfih_32.jpg,umfih_32.jpg,train,existing,dhash,0,exclude
C:\Pywork\dental\dental\data\raw\zenodo\panoramic_radiography_yolo_dataset_14_classes\train\images\321.jpg,train/images/321.jpg,train,C:\Pywork\dental\dental\data\detection_hierarchical\images\train\umfih_321.jpg,umfih_321.jpg,train,existing,dhash,0,exclude
C:\Pywork\dental\dental\data\raw\zenodo\panoramic_radiography_yolo_dataset_14_classes\train\images\324.jpg,train/images/324.jpg,train,C:\Pywork\dental\dental\data\detection_hierarchical\images\train\umfih_324.jpg,umfih_324.jpg,train,existing,dhash,0,exclude
C:\Pywork\dental\dental\data\raw\zenodo\panoramic_radiography_yolo_dataset_14_classes\train\images\325.jpg,train/images/325.jpg,train,C:\Pywork\dental\dental\data\detection_hierarchical\images\train\umfih_325.jpg,umfih_325.jpg,train,existing,dhash,0,exclude
C:\Pywork\dental\dental\data\raw\zenodo\panoramic_radiography_yolo_dataset_14_classes\train\images\326.jpg,train/images/326.jpg,train,C:\Pywork\dental\dental\data\detection_hierarchical\images\train\umfih_326.jpg,umfih_326.jpg,train,existing,dhash,0,exclude
C:\Pywork\dental\dental\data\raw\zenodo\panoramic_radiography_yolo_dataset_14_classes\train\images\327.jpg,train/images/327.jpg,train,C:\Pywork\dental\dental\data\detection_hierarchical\images\train\umfih_326.jpg,umfih_326.jpg,train,existing,dhash,0,exclude
C:\Pywork\dental\dental\data\raw\zenodo\panoramic_radiography_yolo_dataset_14_classes\train\images\329.jpg,train/images/329.jpg,train,C:\Pywork\dental\dental\data\detection_hierarchical\images\train\umfih_329.jpg,umfih_329.jpg,train,existing,dhash,0,exclude
C:\Pywork\dental\dental\data\raw\zenodo\panoramic_radiography_yolo_dataset_14_classes\train\images\33.jpg,train/images/33.jpg,train,C:\Pywork\dental\dental\data\detection_hierarchical\images\train\umfih_33.jpg,umfih_33.jpg,train,existing,dhash,0,exclude
C:\Pywork\dental\dental\data\raw\zenodo\panoramic_radiography_yolo_dataset_14_classes\train\images\331.jpg,train/images/331.jpg,train,C:\Pywork\dental\dental\data\detection_hierarchical\images\train\umfih_331.jpg,umfih_331.jpg,train,existing,dhash,0,exclude
C:\Pywork\dental\dental\data\raw\zenodo\panoramic_radiography_yolo_dataset_14_classes\train\images\332.jpg,train/images/332.jpg,train,C:\Pywork\dental\dental\data\detection_hierarchical\images\train\umfih_332.jpg,umfih_332.jpg,train,existing,dhash,0,exclude
C:\Pywork\dental\dental\data\raw\zenodo\panoramic_radiography_yolo_dataset_14_classes\train\images\333.jpg,train/images/333.jpg,train,C:\Pywork\dental\dental\data\detection_hierarchical\images\train\umfih_333.jpg,umfih_333.jpg,train,existing,dhash,0,exclude
C:\Pywork\dental\dental\data\raw\zenodo\panoramic_radiography_yolo_dataset_14_classes\train\images\334.jpg,train/images/334.jpg,train,C:\Pywork\dental\dental\data\detection_hierarchical\images\train\umfih_334.jpg,umfih_334.jpg,train,existing,dhash,0,exclude
C:\Pywork\dental\dental\data\raw\zenodo\panoramic_radiography_yolo_dataset_14_classes\train\images\335.jpg,train/images/335.jpg,train,C:\Pywork\dental\dental\data\detection_hierarchical\images\train\umfih_335.jpg,umfih_335.jpg,train,existing,dhash,0,exclude
C:\Pywork\dental\dental\data\raw\zenodo\panoramic_radiography_yolo_dataset_14_classes\train\images\336.jpg,train/images/336.jpg,train,C:\Pywork\dental\dental\data\detection_hierarchical\images\train\umfih_336.jpg,umfih_336.jpg,train,existing,dhash,0,exclude
C:\Pywork\dental\dental\data\raw\zenodo\panoramic_radiography_yolo_dataset_14_classes\train\images\338.jpg,train/images/338.jpg,train,C:\Pywork\dental\dental\data\detection_hierarchical\images\train\umfih_338.jpg,umfih_338.jpg,train,existing,dhash,0,exclude
C:\Pywork\dental\dental\data\raw\zenodo\panoramic_radiography_yolo_dataset_14_classes\train\images\339.jpg,train/images/339.jpg,train,C:\Pywork\dental\dental\data\detection_hierarchical\images\train\umfih_339.jpg,umfih_339.jpg,train,existing,dhash,0,exclude
C:\Pywork\dental\dental\data\raw\zenodo\panoramic_radiography_yolo_dataset_14_classes\train\images\34.jpg,train/images/34.jpg,train,C:\Pywork\dental\dental\data\detection_hierarchical\images\train\umfih_34.jpg,umfih_34.jpg,train,existing,dhash,0,exclude
C:\Pywork\dental\dental\data\raw\zenodo\panoramic_radiography_yolo_dataset_14_classes\train\images\341.jpg,train/images/341.jpg,train,C:\Pywork\dental\dental\data\detection_hierarchical\images\train\umfih_341.jpg,umfih_341.jpg,train,existing,dhash,0,exclude
C:\Pywork\dental\dental\data\raw\zenodo\panoramic_radiography_yolo_dataset_14_classes\train\images\342.jpg,train/images/342.jpg,train,C:\Pywork\dental\dental\data\detection_hierarchical\images\train\umfih_342.jpg,umfih_342.jpg,train,existing,dhash,0,exclude
C:\Pywork\dental\dental\data\raw\zenodo\panoramic_radiography_yolo_dataset_14_classes\train\images\343.jpg,train/images/343.jpg,train,C:\Pywork\dental\dental\data\detection_hierarchical\images\train\umfih_343.jpg,umfih_343.jpg,train,existing,dhash,0,exclude
C:\Pywork\dental\dental\data\raw\zenodo\panoramic_radiography_yolo_dataset_14_classes\train\images\344.jpg,train/images/344.jpg,train,C:\Pywork\dental\dental\data\detection_hierarchical\images\train\umfih_344.jpg,umfih_344.jpg,train,existing,dhash,0,exclude
C:\Pywork\dental\dental\data\raw\zenodo\panoramic_radiography_yolo_dataset_14_classes\train\images\345.jpg,train/images/345.jpg,train,C:\Pywork\dental\dental\data\detection_hierarchical\images\train\umfih_345.jpg,umfih_345.jpg,train,existing,dhash,0,exclude
C:\Pywork\dental\dental\data\raw\zenodo\panoramic_radiography_yolo_dataset_14_classes\train\images\346.jpg,train/images/346.jpg,train,C:\Pywork\dental\dental\data\detection_hierarchical\images\train\umfih_346.jpg,umfih_346.jpg,train,existing,dhash,0,exclude
C:\Pywork\dental\dental\data\raw\zenodo\panoramic_radiography_yolo_dataset_14_classes\train\images\347.jpg,train/images/347.jpg,train,C:\Pywork\dental\dental\data\detection_hierarchical\images\train\umfih_572.jpg,umfih_572.jpg,train,existing,dhash,0,exclude
C:\Pywork\dental\dental\data\raw\zenodo\panoramic_radiography_yolo_dataset_14_classes\train\images\349.jpg,train/images/349.jpg,train,C:\Pywork\dental\dental\data\detection_hierarchical\images\train\umfih_575.jpg,umfih_575.jpg,train,existing,dhash,0,exclude
C:\Pywork\dental\dental\data\raw\zenodo\panoramic_radiography_yolo_dataset_14_classes\train\images\351.jpg,train/images/351.jpg,train,C:\Pywork\dental\dental\data\detection_hierarchical\images\train\umfih_578.jpg,umfih_578.jpg,train,existing,dhash,0,exclude
C:\Pywork\dental\dental\data\raw\zenodo\panoramic_radiography_yolo_dataset_14_classes\train\images\352.jpg,train/images/352.jpg,train,C:\Pywork\dental\dental\data\detection_hierarchical\images\train\umfih_352.jpg,umfih_352.jpg,train,existing,dhash,0,exclude
C:\Pywork\dental\dental\data\raw\zenodo\panoramic_radiography_yolo_dataset_14_classes\train\images\354.jpg,train/images/354.jpg,train,C:\Pywork\dental\dental\data\detection_hierarchical\images\train\umfih_587.jpg,umfih_587.jpg,train,existing,dhash,0,exclude
C:\Pywork\dental\dental\data\raw\zenodo\panoramic_radiography_yolo_dataset_14_classes\train\images\355.jpg,train/images/355.jpg,train,C:\Pywork\dental\dental\data\detection_hierarchical\images\train\umfih_355.jpg,umfih_355.jpg,train,existing,dhash,0,exclude
C:\Pywork\dental\dental\data\raw\zenodo\panoramic_radiography_yolo_dataset_14_classes\train\images\357.jpg,train/images/357.jpg,train,C:\Pywork\dental\dental\data\detection_hierarchical\images\train\umfih_357.jpg,umfih_357.jpg,train,existing,dhash,0,exclude
C:\Pywork\dental\dental\data\raw\zenodo\panoramic_radiography_yolo_dataset_14_classes\train\images\358.jpg,train/images/358.jpg,train,C:\Pywork\dental\dental\data\detection_hierarchical\images\train\umfih_358.jpg,umfih_358.jpg,train,existing,dhash,0,exclude
C:\Pywork\dental\dental\data\raw\zenodo\panoramic_radiography_yolo_dataset_14_classes\train\images\359.jpg,train/images/359.jpg,train,C:\Pywork\dental\dental\data\detection_hierarchical\images\train\umfih_359.jpg,umfih_359.jpg,train,existing,dhash,0,exclude
C:\Pywork\dental\dental\data\raw\zenodo\panoramic_radiography_yolo_dataset_14_classes\train\images\36.jpg,train/images/36.jpg,train,C:\Pywork\dental\dental\data\detection_hierarchical\images\train\umfih_36.jpg,umfih_36.jpg,train,existing,dhash,0,exclude
C:\Pywork\dental\dental\data\raw\zenodo\panoramic_radiography_yolo_dataset_14_classes\train\images\361.jpg,train/images/361.jpg,train,C:\Pywork\dental\dental\data\detection_hierarchical\images\train\umfih_361.jpg,umfih_361.jpg,train,existing,dhash,0,exclude
C:\Pywork\dental\dental\data\raw\zenodo\panoramic_radiography_yolo_dataset_14_classes\train\images\362.jpg,train/images/362.jpg,train,C:\Pywork\dental\dental\data\detection_hierarchical\images\train\umfih_362.jpg,umfih_362.jpg,train,existing,dhash,0,exclude
C:\Pywork\dental\dental\data\raw\zenodo\panoramic_radiography_yolo_dataset_14_classes\train\images\363.jpg,train/images/363.jpg,train,C:\Pywork\dental\dental\data\detection_hierarchical\images\train\umfih_363.jpg,umfih_363.jpg,train,existing,dhash,0,exclude
C:\Pywork\dental\dental\data\raw\zenodo\panoramic_radiography_yolo_dataset_14_classes\train\images\364.jpg,train/images/364.jpg,train,C:\Pywork\dental\dental\data\detection_hierarchical\images\train\umfih_364.jpg,umfih_364.jpg,train,existing,dhash,0,exclude
C:\Pywork\dental\dental\data\raw\zenodo\panoramic_radiography_yolo_dataset_14_classes\train\images\365.jpg,train/images/365.jpg,train,C:\Pywork\dental\dental\data\detection_hierarchical\images\train\umfih_365.jpg,umfih_365.jpg,train,existing,dhash,0,exclude
C:\Pywork\dental\dental\data\raw\zenodo\panoramic_radiography_yolo_dataset_14_classes\train\images\366.jpg,train/images/366.jpg,train,C:\Pywork\dental\dental\data\detection_hierarchical\images\train\umfih_419.jpg,umfih_419.jpg,train,existing,dhash,0,exclude
C:\Pywork\dental\dental\data\raw\zenodo\panoramic_radiography_yolo_dataset_14_classes\train\images\369.jpg,train/images/369.jpg,train,C:\Pywork\dental\dental\data\detection_hierarchical\images\train\umfih_369.jpg,umfih_369.jpg,train,existing,dhash,0,exclude
C:\Pywork\dental\dental\data\raw\zenodo\panoramic_radiography_yolo_dataset_14_classes\train\images\37.jpg,train/images/37.jpg,train,C:\Pywork\dental\dental\data\detection_hierarchical\images\train\umfih_37.jpg,umfih_37.jpg,train,existing,dhash,0,exclude
C:\Pywork\dental\dental\data\raw\zenodo\panoramic_radiography_yolo_dataset_14_classes\train\images\371.jpg,train/images/371.jpg,train,C:\Pywork\dental\dental\data\detection_hierarchical\images\train\umfih_371.jpg,umfih_371.jpg,train,existing,dhash,0,exclude
C:\Pywork\dental\dental\data\raw\zenodo\panoramic_radiography_yolo_dataset_14_classes\train\images\372.jpg,train/images/372.jpg,train,C:\Pywork\dental\dental\data\detection_hierarchical\images\train\umfih_372.jpg,umfih_372.jpg,train,existing,dhash,0,exclude
C:\Pywork\dental\dental\data\raw\zenodo\panoramic_radiography_yolo_dataset_14_classes\train\images\373.jpg,train/images/373.jpg,train,C:\Pywork\dental\dental\data\detection_hierarchical\images\train\umfih_373.jpg,umfih_373.jpg,train,existing,dhash,0,exclude
C:\Pywork\dental\dental\data\raw\zenodo\panoramic_radiography_yolo_dataset_14_classes\train\images\374.jpg,train/images/374.jpg,train,C:\Pywork\dental\dental\data\detection_hierarchical\images\train\umfih_374.jpg,umfih_374.jpg,train,existing,dhash,0,exclude
C:\Pywork\dental\dental\data\raw\zenodo\panoramic_radiography_yolo_dataset_14_classes\train\images\375.jpg,train/images/375.jpg,train,C:\Pywork\dental\dental\data\detection_hierarchical\images\train\umfih_375.jpg,umfih_375.jpg,train,existing,dhash,0,exclude
C:\Pywork\dental\dental\data\raw\zenodo\panoramic_radiography_yolo_dataset_14_classes\train\images\377.jpg,train/images/377.jpg,train,C:\Pywork\dental\dental\data\detection_hierarchical\images\train\umfih_377.jpg,umfih_377.jpg,train,existing,dhash,0,exclude
C:\Pywork\dental\dental\data\raw\zenodo\panoramic_radiography_yolo_dataset_14_classes\train\images\378.jpg,train/images/378.jpg,train,C:\Pywork\dental\dental\data\detection_hierarchical\images\train\umfih_378.jpg,umfih_378.jpg,train,existing,dhash,0,exclude
C:\Pywork\dental\dental\data\raw\zenodo\panoramic_radiography_yolo_dataset_14_classes\train\images\379.jpg,train/images/379.jpg,train,C:\Pywork\dental\dental\data\detection_hierarchical\images\train\umfih_379.jpg,umfih_379.jpg,train,existing,dhash,0,exclude
C:\Pywork\dental\dental\data\raw\zenodo\panoramic_radiography_yolo_dataset_14_classes\train\images\38.jpg,train/images/38.jpg,train,C:\Pywork\dental\dental\data\detection_hierarchical\images\train\umfih_38.jpg,umfih_38.jpg,train,existing,dhash,0,exclude
C:\Pywork\dental\dental\data\raw\zenodo\panoramic_radiography_yolo_dataset_14_classes\train\images\381.jpg,train/images/381.jpg,train,C:\Pywork\dental\dental\data\detection_hierarchical\images\train\umfih_381.jpg,umfih_381.jpg,train,existing,dhash,0,exclude
C:\Pywork\dental\dental\data\raw\zenodo\panoramic_radiography_yolo_dataset_14_classes\train\images\382.jpg,train/images/382.jpg,train,C:\Pywork\dental\dental\data\detection_hierarchical\images\train\umfih_382.jpg,umfih_382.jpg,train,existing,dhash,0,exclude
C:\Pywork\dental\dental\data\raw\zenodo\panoramic_radiography_yolo_dataset_14_classes\train\images\383.jpg,train/images/383.jpg,train,C:\Pywork\dental\dental\data\detection_hierarchical\images\train\umfih_383.jpg,umfih_383.jpg,train,existing,dhash,0,exclude
C:\Pywork\dental\dental\data\raw\zenodo\panoramic_radiography_yolo_dataset_14_classes\train\images\384.jpg,train/images/384.jpg,train,C:\Pywork\dental\dental\data\detection_hierarchical\images\train\umfih_384.jpg,umfih_384.jpg,train,existing,dhash,0,exclude
C:\Pywork\dental\dental\data\raw\zenodo\panoramic_radiography_yolo_dataset_14_classes\train\images\385.jpg,train/images/385.jpg,train,C:\Pywork\dental\dental\data\detection_hierarchical\images\train\umfih_385.jpg,umfih_385.jpg,train,existing,dhash,0,exclude
C:\Pywork\dental\dental\data\raw\zenodo\panoramic_radiography_yolo_dataset_14_classes\train\images\386.jpg,train/images/386.jpg,train,C:\Pywork\dental\dental\data\detection_hierarchical\images\train\umfih_386.jpg,umfih_386.jpg,train,existing,dhash,0,exclude
C:\Pywork\dental\dental\data\raw\zenodo\panoramic_radiography_yolo_dataset_14_classes\train\images\387.jpg,train/images/387.jpg,train,C:\Pywork\dental\dental\data\detection_hierarchical\images\train\umfih_387.jpg,umfih_387.jpg,train,existing,dhash,0,exclude
C:\Pywork\dental\dental\data\raw\zenodo\panoramic_radiography_yolo_dataset_14_classes\train\images\388.jpg,train/images/388.jpg,train,C:\Pywork\dental\dental\data\detection_hierarchical\images\train\umfih_388.jpg,umfih_388.jpg,train,existing,dhash,0,exclude
C:\Pywork\dental\dental\data\raw\zenodo\panoramic_radiography_yolo_dataset_14_classes\train\images\389.jpg,train/images/389.jpg,train,C:\Pywork\dental\dental\data\detection_hierarchical\images\train\umfih_487.jpg,umfih_487.jpg,train,existing,dhash,0,exclude
C:\Pywork\dental\dental\data\raw\zenodo\panoramic_radiography_yolo_dataset_14_classes\train\images\39.jpg,train/images/39.jpg,train,C:\Pywork\dental\dental\data\detection_hierarchical\images\train\umfih_39.jpg,umfih_39.jpg,train,existing,dhash,0,exclude
C:\Pywork\dental\dental\data\raw\zenodo\panoramic_radiography_yolo_dataset_14_classes\train\images\391.jpg,train/images/391.jpg,train,C:\Pywork\dental\dental\data\detection_hierarchical\images\train\umfih_391.jpg,umfih_391.jpg,train,existing,dhash,0,exclude
C:\Pywork\dental\dental\data\raw\zenodo\panoramic_radiography_yolo_dataset_14_classes\train\images\392.jpg,train/images/392.jpg,train,C:\Pywork\dental\dental\data\detection_hierarchical\images\train\umfih_392.jpg,umfih_392.jpg,train,existing,dhash,0,exclude
C:\Pywork\dental\dental\data\raw\zenodo\panoramic_radiography_yolo_dataset_14_classes\train\images\394.jpg,train/images/394.jpg,train,C:\Pywork\dental\dental\data\detection_hierarchical\images\train\umfih_394.jpg,umfih_394.jpg,train,existing,dhash,0,exclude
C:\Pywork\dental\dental\data\raw\zenodo\panoramic_radiography_yolo_dataset_14_classes\train\images\395.jpg,train/images/395.jpg,train,C:\Pywork\dental\dental\data\detection_hierarchical\images\train\umfih_395.jpg,umfih_395.jpg,train,existing,dhash,0,exclude
C:\Pywork\dental\dental\data\raw\zenodo\panoramic_radiography_yolo_dataset_14_classes\train\images\396.jpg,train/images/396.jpg,train,C:\Pywork\dental\dental\data\detection_hierarchical\images\train\umfih_396.jpg,umfih_396.jpg,train,existing,dhash,0,exclude
C:\Pywork\dental\dental\data\raw\zenodo\panoramic_radiography_yolo_dataset_14_classes\train\images\397.jpg,train/images/397.jpg,train,C:\Pywork\dental\dental\data\detection_hierarchical\images\train\umfih_397.jpg,umfih_397.jpg,train,existing,dhash,0,exclude
C:\Pywork\dental\dental\data\raw\zenodo\panoramic_radiography_yolo_dataset_14_classes\train\images\399.jpg,train/images/399.jpg,train,C:\Pywork\dental\dental\data\detection_hierarchical\images\train\umfih_399.jpg,umfih_399.jpg,train,existing,dhash,0,exclude
C:\Pywork\dental\dental\data\raw\zenodo\panoramic_radiography_yolo_dataset_14_classes\train\images\4.jpg,train/images/4.jpg,train,C:\Pywork\dental\dental\data\detection_hierarchical\images\train\umfih_4.jpg,umfih_4.jpg,train,existing,dhash,0,exclude
C:\Pywork\dental\dental\data\raw\zenodo\panoramic_radiography_yolo_dataset_14_classes\train\images\402.jpg,train/images/402.jpg,train,C:\Pywork\dental\dental\data\detection_hierarchical\images\train\umfih_402.jpg,umfih_402.jpg,train,existing,dhash,0,exclude
C:\Pywork\dental\dental\data\raw\zenodo\panoramic_radiography_yolo_dataset_14_classes\train\images\405.jpg,train/images/405.jpg,train,C:\Pywork\dental\dental\data\detection_hierarchical\images\train\umfih_405.jpg,umfih_405.jpg,train,existing,dhash,0,exclude
C:\Pywork\dental\dental\data\raw\zenodo\panoramic_radiography_yolo_dataset_14_classes\train\images\406.jpg,train/images/406.jpg,train,C:\Pywork\dental\dental\data\detection_hierarchical\images\train\umfih_406.jpg,umfih_406.jpg,train,existing,dhash,0,exclude
C:\Pywork\dental\dental\data\raw\zenodo\panoramic_radiography_yolo_dataset_14_classes\train\images\408.jpg,train/images/408.jpg,train,C:\Pywork\dental\dental\data\detection_hierarchical\images\train\umfih_305.jpg,umfih_305.jpg,train,existing,dhash,0,exclude
C:\Pywork\dental\dental\data\raw\zenodo\panoramic_radiography_yolo_dataset_14_classes\train\images\409.jpg,train/images/409.jpg,train,C:\Pywork\dental\dental\data\detection_hierarchical\images\train\umfih_409.jpg,umfih_409.jpg,train,existing,dhash,0,exclude
C:\Pywork\dental\dental\data\raw\zenodo\panoramic_radiography_yolo_dataset_14_classes\train\images\41.jpg,train/images/41.jpg,train,C:\Pywork\dental\dental\data\detection_hierarchical\images\train\umfih_41.jpg,umfih_41.jpg,train,existing,dhash,0,exclude
C:\Pywork\dental\dental\data\raw\zenodo\panoramic_radiography_yolo_dataset_14_classes\train\images\411.jpg,train/images/411.jpg,train,C:\Pywork\dental\dental\data\detection_hierarchical\images\train\umfih_361.jpg,umfih_361.jpg,train,existing,dhash,0,exclude
C:\Pywork\dental\dental\data\raw\zenodo\panoramic_radiography_yolo_dataset_14_classes\train\images\412.jpg,train/images/412.jpg,train,C:\Pywork\dental\dental\data\detection_hierarchical\images\train\umfih_362.jpg,umfih_362.jpg,train,existing,dhash,0,exclude
C:\Pywork\dental\dental\data\raw\zenodo\panoramic_radiography_yolo_dataset_14_classes\train\images\413.jpg,train/images/413.jpg,train,C:\Pywork\dental\dental\data\detection_hierarchical\images\train\umfih_396.jpg,umfih_396.jpg,train,existing,dhash,0,exclude
C:\Pywork\dental\dental\data\raw\zenodo\panoramic_radiography_yolo_dataset_14_classes\train\images\414.jpg,train/images/414.jpg,train,C:\Pywork\dental\dental\data\detection_hierarchical\images\train\umfih_363.jpg,umfih_363.jpg,train,existing,dhash,0,exclude
C:\Pywork\dental\dental\data\raw\zenodo\panoramic_radiography_yolo_dataset_14_classes\train\images\415.jpg,train/images/415.jpg,train,C:\Pywork\dental\dental\data\detection_hierarchical\images\train\umfih_364.jpg,umfih_364.jpg,train,existing,dhash,0,exclude
C:\Pywork\dental\dental\data\raw\zenodo\panoramic_radiography_yolo_dataset_14_classes\train\images\417.jpg,train/images/417.jpg,train,C:\Pywork\dental\dental\data\detection_hierarchical\images\train\umfih_365.jpg,umfih_365.jpg,train,existing,dhash,0,exclude
C:\Pywork\dental\dental\data\raw\zenodo\panoramic_radiography_yolo_dataset_14_classes\train\images\418.jpg,train/images/418.jpg,train,C:\Pywork\dental\dental\data\detection_hierarchical\images\train\umfih_418.jpg,umfih_418.jpg,train,existing,dhash,0,exclude
C:\Pywork\dental\dental\data\raw\zenodo\panoramic_radiography_yolo_dataset_14_classes\train\images\419.jpg,train/images/419.jpg,train,C:\Pywork\dental\dental\data\detection_hierarchical\images\train\umfih_419.jpg,umfih_419.jpg,train,existing,dhash,0,exclude
C:\Pywork\dental\dental\data\raw\zenodo\panoramic_radiography_yolo_dataset_14_classes\train\images\42.jpg,train/images/42.jpg,train,C:\Pywork\dental\dental\data\detection_hierarchical\images\train\umfih_42.jpg,umfih_42.jpg,train,existing,dhash,0,exclude
C:\Pywork\dental\dental\data\raw\zenodo\panoramic_radiography_yolo_dataset_14_classes\train\images\421.jpg,train/images/421.jpg,train,C:\Pywork\dental\dental\data\detection_hierarchical\images\train\umfih_421.jpg,umfih_421.jpg,train,existing,dhash,0,exclude
C:\Pywork\dental\dental\data\raw\zenodo\panoramic_radiography_yolo_dataset_14_classes\train\images\425.jpg,train/images/425.jpg,train,C:\Pywork\dental\dental\data\detection_hierarchical\images\train\umfih_425.jpg,umfih_425.jpg,train,existing,dhash,0,exclude
C:\Pywork\dental\dental\data\raw\zenodo\panoramic_radiography_yolo_dataset_14_classes\train\images\426.jpg,train/images/426.jpg,train,C:\Pywork\dental\dental\data\detection_hierarchical\images\train\umfih_369.jpg,umfih_369.jpg,train,existing,dhash,0,exclude
C:\Pywork\dental\dental\data\raw\zenodo\panoramic_radiography_yolo_dataset_14_classes\train\images\428.jpg,train/images/428.jpg,train,C:\Pywork\dental\dental\data\detection_hierarchical\images\train\umfih_428.jpg,umfih_428.jpg,train,existing,dhash,0,exclude
C:\Pywork\dental\dental\data\raw\zenodo\panoramic_radiography_yolo_dataset_14_classes\train\images\429.jpg,train/images/429.jpg,train,C:\Pywork\dental\dental\data\detection_hierarchical\images\train\umfih_429.jpg,umfih_429.jpg,train,existing,dhash,0,exclude
C:\Pywork\dental\dental\data\raw\zenodo\panoramic_radiography_yolo_dataset_14_classes\train\images\43.jpg,train/images/43.jpg,train,C:\Pywork\dental\dental\data\detection_hierarchical\images\train\umfih_43.jpg,umfih_43.jpg,train,existing,dhash,0,exclude
C:\Pywork\dental\dental\data\raw\zenodo\panoramic_radiography_yolo_dataset_14_classes\train\images\431.jpg,train/images/431.jpg,train,C:\Pywork\dental\dental\data\detection_hierarchical\images\train\umfih_431.jpg,umfih_431.jpg,train,existing,dhash,0,exclude
C:\Pywork\dental\dental\data\raw\zenodo\panoramic_radiography_yolo_dataset_14_classes\train\images\432.jpg,train/images/432.jpg,train,C:\Pywork\dental\dental\data\detection_hierarchical\images\train\umfih_371.jpg,umfih_371.jpg,train,existing,dhash,0,exclude
C:\Pywork\dental\dental\data\raw\zenodo\panoramic_radiography_yolo_dataset_14_classes\train\images\433.jpg,train/images/433.jpg,train,C:\Pywork\dental\dental\data\detection_hierarchical\images\train\umfih_433.jpg,umfih_433.jpg,train,existing,dhash,0,exclude
C:\Pywork\dental\dental\data\raw\zenodo\panoramic_radiography_yolo_dataset_14_classes\train\images\434.jpg,train/images/434.jpg,train,C:\Pywork\dental\dental\data\detection_hierarchical\images\train\umfih_434.jpg,umfih_434.jpg,train,existing,dhash,0,exclude
C:\Pywork\dental\dental\data\raw\zenodo\panoramic_radiography_yolo_dataset_14_classes\train\images\435.jpg,train/images/435.jpg,train,C:\Pywork\dental\dental\data\detection_hierarchical\images\train\umfih_372.jpg,umfih_372.jpg,train,existing,dhash,0,exclude
C:\Pywork\dental\dental\data\raw\zenodo\panoramic_radiography_yolo_dataset_14_classes\train\images\436.jpg,train/images/436.jpg,train,C:\Pywork\dental\dental\data\detection_hierarchical\images\train\umfih_373.jpg,umfih_373.jpg,train,existing,dhash,0,exclude
C:\Pywork\dental\dental\data\raw\zenodo\panoramic_radiography_yolo_dataset_14_classes\train\images\438.jpg,train/images/438.jpg,train,C:\Pywork\dental\dental\data\detection_hierarchical\images\train\umfih_438.jpg,umfih_438.jpg,train,existing,dhash,0,exclude
C:\Pywork\dental\dental\data\raw\zenodo\panoramic_radiography_yolo_dataset_14_classes\train\images\439.jpg,train/images/439.jpg,train,C:\Pywork\dental\dental\data\detection_hierarchical\images\train\umfih_439.jpg,umfih_439.jpg,train,existing,dhash,0,exclude
C:\Pywork\dental\dental\data\raw\zenodo\panoramic_radiography_yolo_dataset_14_classes\train\images\44.jpg,train/images/44.jpg,train,C:\Pywork\dental\dental\data\detection_hierarchical\images\train\umfih_44.jpg,umfih_44.jpg,train,existing,dhash,0,exclude
C:\Pywork\dental\dental\data\raw\zenodo\panoramic_radiography_yolo_dataset_14_classes\train\images\441.jpg,train/images/441.jpg,train,C:\Pywork\dental\dental\data\detection_hierarchical\images\train\umfih_441.jpg,umfih_441.jpg,train,existing,dhash,0,exclude
C:\Pywork\dental\dental\data\raw\zenodo\panoramic_radiography_yolo_dataset_14_classes\train\images\442.jpg,train/images/442.jpg,train,C:\Pywork\dental\dental\data\detection_hierarchical\images\train\umfih_1053.jpg,umfih_1053.jpg,train,existing,dhash,0,exclude
C:\Pywork\dental\dental\data\raw\zenodo\panoramic_radiography_yolo_dataset_14_classes\train\images\446.jpg,train/images/446.jpg,train,C:\Pywork\dental\dental\data\detection_hierarchical\images\train\umfih_446.jpg,umfih_446.jpg,train,existing,dhash,0,exclude
C:\Pywork\dental\dental\data\raw\zenodo\panoramic_radiography_yolo_dataset_14_classes\train\images\447.jpg,train/images/447.jpg,train,C:\Pywork\dental\dental\data\detection_hierarchical\images\train\umfih_447.jpg,umfih_447.jpg,train,existing,dhash,0,exclude
C:\Pywork\dental\dental\data\raw\zenodo\panoramic_radiography_yolo_dataset_14_classes\train\images\448.jpg,train/images/448.jpg,train,C:\Pywork\dental\dental\data\detection_hierarchical\images\train\umfih_375.jpg,umfih_375.jpg,train,existing,dhash,0,exclude
C:\Pywork\dental\dental\data\raw\zenodo\panoramic_radiography_yolo_dataset_14_classes\train\images\451.jpg,train/images/451.jpg,train,C:\Pywork\dental\dental\data\detection_hierarchical\images\train\umfih_273.jpg,umfih_273.jpg,train,existing,dhash,0,exclude
C:\Pywork\dental\dental\data\raw\zenodo\panoramic_radiography_yolo_dataset_14_classes\train\images\452.jpg,train/images/452.jpg,train,C:\Pywork\dental\dental\data\detection_hierarchical\images\train\umfih_452.jpg,umfih_452.jpg,train,existing,dhash,0,exclude
C:\Pywork\dental\dental\data\raw\zenodo\panoramic_radiography_yolo_dataset_14_classes\train\images\453.jpg,train/images/453.jpg,train,C:\Pywork\dental\dental\data\detection_hierarchical\images\train\umfih_453.jpg,umfih_453.jpg,train,existing,dhash,0,exclude
C:\Pywork\dental\dental\data\raw\zenodo\panoramic_radiography_yolo_dataset_14_classes\train\images\454.jpg,train/images/454.jpg,train,C:\Pywork\dental\dental\data\detection_hierarchical\images\train\umfih_377.jpg,umfih_377.jpg,train,existing,dhash,0,exclude
C:\Pywork\dental\dental\data\raw\zenodo\panoramic_radiography_yolo_dataset_14_classes\train\images\455.jpg,train/images/455.jpg,train,C:\Pywork\dental\dental\data\detection_hierarchical\images\train\umfih_378.jpg,umfih_378.jpg,train,existing,dhash,0,exclude
C:\Pywork\dental\dental\data\raw\zenodo\panoramic_radiography_yolo_dataset_14_classes\train\images\456.jpg,train/images/456.jpg,train,C:\Pywork\dental\dental\data\detection_hierarchical\images\train\umfih_379.jpg,umfih_379.jpg,train,existing,dhash,0,exclude
C:\Pywork\dental\dental\data\raw\zenodo\panoramic_radiography_yolo_dataset_14_classes\train\images\457.jpg,train/images/457.jpg,train,C:\Pywork\dental\dental\data\detection_hierarchical\images\train\umfih_276.jpg,umfih_276.jpg,train,existing,dhash,0,exclude
C:\Pywork\dental\dental\data\raw\zenodo\panoramic_radiography_yolo_dataset_14_classes\train\images\458.jpg,train/images/458.jpg,train,C:\Pywork\dental\dental\data\detection_hierarchical\images\train\umfih_276.jpg,umfih_276.jpg,train,existing,dhash,0,exclude
C:\Pywork\dental\dental\data\raw\zenodo\panoramic_radiography_yolo_dataset_14_classes\train\images\46.jpg,train/images/46.jpg,train,C:\Pywork\dental\dental\data\detection_hierarchical\images\train\umfih_46.jpg,umfih_46.jpg,train,existing,dhash,0,exclude
C:\Pywork\dental\dental\data\raw\zenodo\panoramic_radiography_yolo_dataset_14_classes\train\images\461.jpg,train/images/461.jpg,train,C:\Pywork\dental\dental\data\detection_hierarchical\images\train\umfih_395.jpg,umfih_395.jpg,train,existing,dhash,0,exclude
C:\Pywork\dental\dental\data\raw\zenodo\panoramic_radiography_yolo_dataset_14_classes\train\images\462.jpg,train/images/462.jpg,train,C:\Pywork\dental\dental\data\detection_hierarchical\images\train\umfih_462.jpg,umfih_462.jpg,train,existing,dhash,0,exclude
C:\Pywork\dental\dental\data\raw\zenodo\panoramic_radiography_yolo_dataset_14_classes\train\images\463.jpg,train/images/463.jpg,train,C:\Pywork\dental\dental\data\detection_hierarchical\images\train\umfih_463.jpg,umfih_463.jpg,train,existing,dhash,0,exclude
C:\Pywork\dental\dental\data\raw\zenodo\panoramic_radiography_yolo_dataset_14_classes\train\images\464.jpg,train/images/464.jpg,train,C:\Pywork\dental\dental\data\detection_hierarchical\images\train\umfih_464.jpg,umfih_464.jpg,train,existing,dhash,0,exclude
C:\Pywork\dental\dental\data\raw\zenodo\panoramic_radiography_yolo_dataset_14_classes\train\images\465.jpg,train/images/465.jpg,train,C:\Pywork\dental\dental\data\detection_hierarchical\images\val\umfih_380.jpg,umfih_380.jpg,val,existing,dhash,0,exclude
C:\Pywork\dental\dental\data\raw\zenodo\panoramic_radiography_yolo_dataset_14_classes\train\images\467.jpg,train/images/467.jpg,train,C:\Pywork\dental\dental\data\detection_hierarchical\images\train\umfih_1061.jpg,umfih_1061.jpg,train,existing,dhash,0,exclude
C:\Pywork\dental\dental\data\raw\zenodo\panoramic_radiography_yolo_dataset_14_classes\train\images\468.jpg,train/images/468.jpg,train,C:\Pywork\dental\dental\data\detection_hierarchical\images\train\umfih_468.jpg,umfih_468.jpg,train,existing,dhash,0,exclude
C:\Pywork\dental\dental\data\raw\zenodo\panoramic_radiography_yolo_dataset_14_classes\train\images\47.jpg,train/images/47.jpg,train,C:\Pywork\dental\dental\data\detection_hierarchical\images\train\umfih_47.jpg,umfih_47.jpg,train,existing,dhash,0,exclude
C:\Pywork\dental\dental\data\raw\zenodo\panoramic_radiography_yolo_dataset_14_classes\train\images\472.jpg,train/images/472.jpg,train,C:\Pywork\dental\dental\data\detection_hierarchical\images\train\umfih_472.jpg,umfih_472.jpg,train,existing,dhash,0,exclude
C:\Pywork\dental\dental\data\raw\zenodo\panoramic_radiography_yolo_dataset_14_classes\train\images\473.jpg,train/images/473.jpg,train,C:\Pywork\dental\dental\data\detection_hierarchical\images\train\umfih_472.jpg,umfih_472.jpg,train,existing,dhash,0,exclude
C:\Pywork\dental\dental\data\raw\zenodo\panoramic_radiography_yolo_dataset_14_classes\train\images\474.jpg,train/images/474.jpg,train,C:\Pywork\dental\dental\data\detection_hierarchical\images\train\umfih_474.jpg,umfih_474.jpg,train,existing,dhash,0,exclude
C:\Pywork\dental\dental\data\raw\zenodo\panoramic_radiography_yolo_dataset_14_classes\train\images\475.jpg,train/images/475.jpg,train,C:\Pywork\dental\dental\data\detection_hierarchical\images\train\umfih_475.jpg,umfih_475.jpg,train,existing,dhash,0,exclude
C:\Pywork\dental\dental\data\raw\zenodo\panoramic_radiography_yolo_dataset_14_classes\train\images\476.jpg,train/images/476.jpg,train,C:\Pywork\dental\dental\data\detection_hierarchical\images\train\umfih_476.jpg,umfih_476.jpg,train,existing,dhash,0,exclude
C:\Pywork\dental\dental\data\raw\zenodo\panoramic_radiography_yolo_dataset_14_classes\train\images\478.jpg,train/images/478.jpg,train,C:\Pywork\dental\dental\data\detection_hierarchical\images\train\umfih_478.jpg,umfih_478.jpg,train,existing,dhash,0,exclude
C:\Pywork\dental\dental\data\raw\zenodo\panoramic_radiography_yolo_dataset_14_classes\train\images\479.jpg,train/images/479.jpg,train,C:\Pywork\dental\dental\data\detection_hierarchical\images\train\umfih_382.jpg,umfih_382.jpg,train,existing,dhash,0,exclude
C:\Pywork\dental\dental\data\raw\zenodo\panoramic_radiography_yolo_dataset_14_classes\train\images\48.jpg,train/images/48.jpg,train,C:\Pywork\dental\dental\data\detection_hierarchical\images\train\umfih_48.jpg,umfih_48.jpg,train,existing,dhash,0,exclude
C:\Pywork\dental\dental\data\raw\zenodo\panoramic_radiography_yolo_dataset_14_classes\train\images\481.jpg,train/images/481.jpg,train,C:\Pywork\dental\dental\data\detection_hierarchical\images\train\umfih_481.jpg,umfih_481.jpg,train,existing,dhash,0,exclude
C:\Pywork\dental\dental\data\raw\zenodo\panoramic_radiography_yolo_dataset_14_classes\train\images\482.jpg,train/images/482.jpg,train,C:\Pywork\dental\dental\data\detection_hierarchical\images\train\umfih_386.jpg,umfih_386.jpg,train,existing,dhash,0,exclude
C:\Pywork\dental\dental\data\raw\zenodo\panoramic_radiography_yolo_dataset_14_classes\train\images\483.jpg,train/images/483.jpg,train,C:\Pywork\dental\dental\data\detection_hierarchical\images\train\umfih_387.jpg,umfih_387.jpg,train,existing,dhash,0,exclude
C:\Pywork\dental\dental\data\raw\zenodo\panoramic_radiography_yolo_dataset_14_classes\train\images\485.jpg,train/images/485.jpg,train,C:\Pywork\dental\dental\data\detection_hierarchical\images\train\umfih_485.jpg,umfih_485.jpg,train,existing,dhash,0,exclude
C:\Pywork\dental\dental\data\raw\zenodo\panoramic_radiography_yolo_dataset_14_classes\train\images\487.jpg,train/images/487.jpg,train,C:\Pywork\dental\dental\data\detection_hierarchical\images\train\umfih_487.jpg,umfih_487.jpg,train,existing,dhash,0,exclude
C:\Pywork\dental\dental\data\raw\zenodo\panoramic_radiography_yolo_dataset_14_classes\train\images\488.jpg,train/images/488.jpg,train,C:\Pywork\dental\dental\data\detection_hierarchical\images\train\umfih_488.jpg,umfih_488.jpg,train,existing,dhash,0,exclude
C:\Pywork\dental\dental\data\raw\zenodo\panoramic_radiography_yolo_dataset_14_classes\train\images\489.jpg,train/images/489.jpg,train,C:\Pywork\dental\dental\data\detection_hierarchical\images\train\umfih_489.jpg,umfih_489.jpg,train,existing,dhash,0,exclude
C:\Pywork\dental\dental\data\raw\zenodo\panoramic_radiography_yolo_dataset_14_classes\train\images\491.jpg,train/images/491.jpg,train,C:\Pywork\dental\dental\data\detection_hierarchical\images\train\umfih_397.jpg,umfih_397.jpg,train,existing,dhash,0,exclude
C:\Pywork\dental\dental\data\raw\zenodo\panoramic_radiography_yolo_dataset_14_classes\train\images\492.jpg,train/images/492.jpg,train,C:\Pywork\dental\dental\data\detection_hierarchical\images\train\umfih_492.jpg,umfih_492.jpg,train,existing,dhash,0,exclude
C:\Pywork\dental\dental\data\raw\zenodo\panoramic_radiography_yolo_dataset_14_classes\train\images\494.jpg,train/images/494.jpg,train,C:\Pywork\dental\dental\data\detection_hierarchical\images\train\umfih_494.jpg,umfih_494.jpg,train,existing,dhash,0,exclude
C:\Pywork\dental\dental\data\raw\zenodo\panoramic_radiography_yolo_dataset_14_classes\train\images\495.jpg,train/images/495.jpg,train,C:\Pywork\dental\dental\data\detection_hierarchical\images\train\umfih_495.jpg,umfih_495.jpg,train,existing,dhash,0,exclude
C:\Pywork\dental\dental\data\raw\zenodo\panoramic_radiography_yolo_dataset_14_classes\train\images\497.jpg,train/images/497.jpg,train,C:\Pywork\dental\dental\data\detection_hierarchical\images\train\umfih_497.jpg,umfih_497.jpg,train,existing,dhash,0,exclude
C:\Pywork\dental\dental\data\raw\zenodo\panoramic_radiography_yolo_dataset_14_classes\train\images\498.jpg,train/images/498.jpg,train,C:\Pywork\dental\dental\data\detection_hierarchical\images\train\umfih_498.jpg,umfih_498.jpg,train,existing,dhash,0,exclude
C:\Pywork\dental\dental\data\raw\zenodo\panoramic_radiography_yolo_dataset_14_classes\train\images\499.jpg,train/images/499.jpg,train,C:\Pywork\dental\dental\data\detection_hierarchical\images\train\umfih_392.jpg,umfih_392.jpg,train,existing,dhash,0,exclude
C:\Pywork\dental\dental\data\raw\zenodo\panoramic_radiography_yolo_dataset_14_classes\train\images\501.jpg,train/images/501.jpg,train,C:\Pywork\dental\dental\data\detection_hierarchical\images\train\umfih_501.jpg,umfih_501.jpg,train,existing,dhash,0,exclude
C:\Pywork\dental\dental\data\raw\zenodo\panoramic_radiography_yolo_dataset_14_classes\train\images\502.jpg,train/images/502.jpg,train,C:\Pywork\dental\dental\data\detection_hierarchical\images\train\umfih_502.jpg,umfih_502.jpg,train,existing,dhash,0,exclude
C:\Pywork\dental\dental\data\raw\zenodo\panoramic_radiography_yolo_dataset_14_classes\train\images\503.jpg,train/images/503.jpg,train,C:\Pywork\dental\dental\data\detection_hierarchical\images\train\umfih_503.jpg,umfih_503.jpg,train,existing,dhash,0,exclude
C:\Pywork\dental\dental\data\raw\zenodo\panoramic_radiography_yolo_dataset_14_classes\train\images\505.jpg,train/images/505.jpg,train,C:\Pywork\dental\dental\data\detection_hierarchical\images\train\umfih_33.jpg,umfih_33.jpg,train,existing,dhash,0,exclude
C:\Pywork\dental\dental\data\raw\zenodo\panoramic_radiography_yolo_dataset_14_classes\train\images\506.jpg,train/images/506.jpg,train,C:\Pywork\dental\dental\data\detection_hierarchical\images\train\umfih_308.jpg,umfih_308.jpg,train,existing,dhash,0,exclude
C:\Pywork\dental\dental\data\raw\zenodo\panoramic_radiography_yolo_dataset_14_classes\train\images\507.jpg,train/images/507.jpg,train,C:\Pywork\dental\dental\data\detection_hierarchical\images\train\umfih_507.jpg,umfih_507.jpg,train,existing,dhash,0,exclude
C:\Pywork\dental\dental\data\raw\zenodo\panoramic_radiography_yolo_dataset_14_classes\train\images\508.jpg,train/images/508.jpg,train,C:\Pywork\dental\dental\data\detection_hierarchical\images\train\umfih_311.jpg,umfih_311.jpg,train,existing,dhash,0,exclude
C:\Pywork\dental\dental\data\raw\zenodo\panoramic_radiography_yolo_dataset_14_classes\train\images\509.jpg,train/images/509.jpg,train,C:\Pywork\dental\dental\data\detection_hierarchical\images\train\umfih_825.jpg,umfih_825.jpg,train,existing,dhash,2,exclude
C:\Pywork\dental\dental\data\raw\zenodo\panoramic_radiography_yolo_dataset_14_classes\train\images\51.jpg,train/images/51.jpg,train,C:\Pywork\dental\dental\data\detection_hierarchical\images\train\umfih_51.jpg,umfih_51.jpg,train,existing,dhash,0,exclude
C:\Pywork\dental\dental\data\raw\zenodo\panoramic_radiography_yolo_dataset_14_classes\train\images\512.jpg,train/images/512.jpg,train,C:\Pywork\dental\dental\data\detection_hierarchical\images\train\umfih_512.jpg,umfih_512.jpg,train,existing,dhash,0,exclude
C:\Pywork\dental\dental\data\raw\zenodo\panoramic_radiography_yolo_dataset_14_classes\train\images\513.jpg,train/images/513.jpg,train,C:\Pywork\dental\dental\data\detection_hierarchical\images\train\umfih_513.jpg,umfih_513.jpg,train,existing,dhash,0,exclude
C:\Pywork\dental\dental\data\raw\zenodo\panoramic_radiography_yolo_dataset_14_classes\train\images\514.jpg,train/images/514.jpg,train,C:\Pywork\dental\dental\data\detection_hierarchical\images\train\umfih_514.jpg,umfih_514.jpg,train,existing,dhash,0,exclude
C:\Pywork\dental\dental\data\raw\zenodo\panoramic_radiography_yolo_dataset_14_classes\train\images\515.jpg,train/images/515.jpg,train,C:\Pywork\dental\dental\data\detection_hierarchical\images\train\umfih_316.jpg,umfih_316.jpg,train,existing,dhash,0,exclude
C:\Pywork\dental\dental\data\raw\zenodo\panoramic_radiography_yolo_dataset_14_classes\train\images\516.jpg,train/images/516.jpg,train,C:\Pywork\dental\dental\data\detection_hierarchical\images\train\umfih_516.jpg,umfih_516.jpg,train,existing,dhash,0,exclude
C:\Pywork\dental\dental\data\raw\zenodo\panoramic_radiography_yolo_dataset_14_classes\train\images\517.jpg,train/images/517.jpg,train,C:\Pywork\dental\dental\data\detection_hierarchical\images\train\umfih_517.jpg,umfih_517.jpg,train,existing,dhash,0,exclude
C:\Pywork\dental\dental\data\raw\zenodo\panoramic_radiography_yolo_dataset_14_classes\train\images\518.jpg,train/images/518.jpg,train,C:\Pywork\dental\dental\data\detection_hierarchical\images\train\umfih_317.jpg,umfih_317.jpg,train,existing,dhash,0,exclude
C:\Pywork\dental\dental\data\raw\zenodo\panoramic_radiography_yolo_dataset_14_classes\train\images\519.jpg,train/images/519.jpg,train,C:\Pywork\dental\dental\data\detection_hierarchical\images\train\umfih_519.jpg,umfih_519.jpg,train,existing,dhash,0,exclude
C:\Pywork\dental\dental\data\raw\zenodo\panoramic_radiography_yolo_dataset_14_classes\train\images\52.jpg,train/images/52.jpg,train,C:\Pywork\dental\dental\data\detection_hierarchical\images\train\umfih_52.jpg,umfih_52.jpg,train,existing,dhash,0,exclude
C:\Pywork\dental\dental\data\raw\zenodo\panoramic_radiography_yolo_dataset_14_classes\train\images\521.jpg,train/images/521.jpg,train,C:\Pywork\dental\dental\data\detection_hierarchical\images\train\umfih_521.jpg,umfih_521.jpg,train,existing,dhash,0,exclude
C:\Pywork\dental\dental\data\raw\zenodo\panoramic_radiography_yolo_dataset_14_classes\train\images\522.jpg,train/images/522.jpg,train,C:\Pywork\dental\dental\data\detection_hierarchical\images\train\umfih_522.jpg,umfih_522.jpg,train,existing,dhash,0,exclude
C:\Pywork\dental\dental\data\raw\zenodo\panoramic_radiography_yolo_dataset_14_classes\train\images\523.jpg,train/images/523.jpg,train,C:\Pywork\dental\dental\data\detection_hierarchical\images\train\umfih_321.jpg,umfih_321.jpg,train,existing,dhash,0,exclude
C:\Pywork\dental\dental\data\raw\zenodo\panoramic_radiography_yolo_dataset_14_classes\train\images\524.jpg,train/images/524.jpg,train,C:\Pywork\dental\dental\data\detection_hierarchical\images\train\umfih_524.jpg,umfih_524.jpg,train,existing,dhash,0,exclude
C:\Pywork\dental\dental\data\raw\zenodo\panoramic_radiography_yolo_dataset_14_classes\train\images\525.jpg,train/images/525.jpg,train,C:\Pywork\dental\dental\data\detection_hierarchical\images\train\umfih_225.jpg,umfih_225.jpg,train,existing,dhash,0,exclude
C:\Pywork\dental\dental\data\raw\zenodo\panoramic_radiography_yolo_dataset_14_classes\train\images\527.jpg,train/images/527.jpg,train,C:\Pywork\dental\dental\data\detection_hierarchical\images\train\umfih_527.jpg,umfih_527.jpg,train,existing,dhash,0,exclude
C:\Pywork\dental\dental\data\raw\zenodo\panoramic_radiography_yolo_dataset_14_classes\train\images\528.jpg,train/images/528.jpg,train,C:\Pywork\dental\dental\data\detection_hierarchical\images\train\umfih_528.jpg,umfih_528.jpg,train,existing,dhash,0,exclude
C:\Pywork\dental\dental\data\raw\zenodo\panoramic_radiography_yolo_dataset_14_classes\train\images\529.jpg,train/images/529.jpg,train,C:\Pywork\dental\dental\data\detection_hierarchical\images\train\umfih_529.jpg,umfih_529.jpg,train,existing,dhash,0,exclude
C:\Pywork\dental\dental\data\raw\zenodo\panoramic_radiography_yolo_dataset_14_classes\train\images\53.jpg,train/images/53.jpg,train,C:\Pywork\dental\dental\data\detection_hierarchical\images\train\umfih_53.jpg,umfih_53.jpg,train,existing,dhash,0,exclude
C:\Pywork\dental\dental\data\raw\zenodo\panoramic_radiography_yolo_dataset_14_classes\train\images\531.jpg,train/images/531.jpg,train,C:\Pywork\dental\dental\data\detection_hierarchical\images\train\umfih_531.jpg,umfih_531.jpg,train,existing,dhash,0,exclude
C:\Pywork\dental\dental\data\raw\zenodo\panoramic_radiography_yolo_dataset_14_classes\train\images\532.jpg,train/images/532.jpg,train,C:\Pywork\dental\dental\data\detection_hierarchical\images\train\umfih_325.jpg,umfih_325.jpg,train,existing,dhash,0,exclude
C:\Pywork\dental\dental\data\raw\zenodo\panoramic_radiography_yolo_dataset_14_classes\train\images\533.jpg,train/images/533.jpg,train,C:\Pywork\dental\dental\data\detection_hierarchical\images\train\umfih_326.jpg,umfih_326.jpg,train,existing,dhash,0,exclude
C:\Pywork\dental\dental\data\raw\zenodo\panoramic_radiography_yolo_dataset_14_classes\train\images\534.jpg,train/images/534.jpg,train,C:\Pywork\dental\dental\data\detection_hierarchical\images\train\umfih_326.jpg,umfih_326.jpg,train,existing,dhash,0,exclude
C:\Pywork\dental\dental\data\raw\zenodo\panoramic_radiography_yolo_dataset_14_classes\train\images\535.jpg,train/images/535.jpg,train,C:\Pywork\dental\dental\data\detection_hierarchical\images\train\umfih_535.jpg,umfih_535.jpg,train,existing,dhash,0,exclude
C:\Pywork\dental\dental\data\raw\zenodo\panoramic_radiography_yolo_dataset_14_classes\train\images\537.jpg,train/images/537.jpg,train,C:\Pywork\dental\dental\data\detection_hierarchical\images\train\umfih_329.jpg,umfih_329.jpg,train,existing,dhash,0,exclude
C:\Pywork\dental\dental\data\raw\zenodo\panoramic_radiography_yolo_dataset_14_classes\train\images\538.jpg,train/images/538.jpg,train,C:\Pywork\dental\dental\data\detection_hierarchical\images\train\umfih_538.jpg,umfih_538.jpg,train,existing,dhash,0,exclude
C:\Pywork\dental\dental\data\raw\zenodo\panoramic_radiography_yolo_dataset_14_classes\train\images\539.jpg,train/images/539.jpg,train,C:\Pywork\dental\dental\data\detection_hierarchical\images\train\umfih_539.jpg,umfih_539.jpg,train,existing,dhash,0,exclude
C:\Pywork\dental\dental\data\raw\zenodo\panoramic_radiography_yolo_dataset_14_classes\train\images\541.jpg,train/images/541.jpg,train,C:\Pywork\dental\dental\data\detection_hierarchical\images\train\umfih_331.jpg,umfih_331.jpg,train,existing,dhash,0,exclude
C:\Pywork\dental\dental\data\raw\zenodo\panoramic_radiography_yolo_dataset_14_classes\train\images\542.jpg,train/images/542.jpg,train,C:\Pywork\dental\dental\data\detection_hierarchical\images\train\umfih_542.jpg,umfih_542.jpg,train,existing,dhash,0,exclude
C:\Pywork\dental\dental\data\raw\zenodo\panoramic_radiography_yolo_dataset_14_classes\train\images\543.jpg,train/images/543.jpg,train,C:\Pywork\dental\dental\data\detection_hierarchical\images\train\umfih_332.jpg,umfih_332.jpg,train,existing,dhash,0,exclude
C:\Pywork\dental\dental\data\raw\zenodo\panoramic_radiography_yolo_dataset_14_classes\train\images\544.jpg,train/images/544.jpg,train,C:\Pywork\dental\dental\data\detection_hierarchical\images\train\umfih_333.jpg,umfih_333.jpg,train,existing,dhash,0,exclude
C:\Pywork\dental\dental\data\raw\zenodo\panoramic_radiography_yolo_dataset_14_classes\train\images\545.jpg,train/images/545.jpg,train,C:\Pywork\dental\dental\data\detection_hierarchical\images\train\umfih_334.jpg,umfih_334.jpg,train,existing,dhash,0,exclude
C:\Pywork\dental\dental\data\raw\zenodo\panoramic_radiography_yolo_dataset_14_classes\train\images\546.jpg,train/images/546.jpg,train,C:\Pywork\dental\dental\data\detection_hierarchical\images\train\umfih_546.jpg,umfih_546.jpg,train,existing,dhash,0,exclude
C:\Pywork\dental\dental\data\raw\zenodo\panoramic_radiography_yolo_dataset_14_classes\train\images\547.jpg,train/images/547.jpg,train,C:\Pywork\dental\dental\data\detection_hierarchical\images\train\umfih_237.jpg,umfih_237.jpg,train,existing,dhash,0,exclude
C:\Pywork\dental\dental\data\raw\zenodo\panoramic_radiography_yolo_dataset_14_classes\train\images\548.jpg,train/images/548.jpg,train,C:\Pywork\dental\dental\data\detection_hierarchical\images\train\umfih_548.jpg,umfih_548.jpg,train,existing,dhash,0,exclude
C:\Pywork\dental\dental\data\raw\zenodo\panoramic_radiography_yolo_dataset_14_classes\train\images\551.jpg,train/images/551.jpg,train,C:\Pywork\dental\dental\data\detection_hierarchical\images\train\umfih_551.jpg,umfih_551.jpg,train,existing,dhash,0,exclude
C:\Pywork\dental\dental\data\raw\zenodo\panoramic_radiography_yolo_dataset_14_classes\train\images\552.jpg,train/images/552.jpg,train,C:\Pywork\dental\dental\data\detection_hierarchical\images\train\umfih_335.jpg,umfih_335.jpg,train,existing,dhash,0,exclude
C:\Pywork\dental\dental\data\raw\zenodo\panoramic_radiography_yolo_dataset_14_classes\train\images\553.jpg,train/images/553.jpg,train,C:\Pywork\dental\dental\data\detection_hierarchical\images\train\umfih_336.jpg,umfih_336.jpg,train,existing,dhash,0,exclude
C:\Pywork\dental\dental\data\raw\zenodo\panoramic_radiography_yolo_dataset_14_classes\train\images\554.jpg,train/images/554.jpg,train,C:\Pywork\dental\dental\data\detection_hierarchical\images\train\umfih_554.jpg,umfih_554.jpg,train,existing,dhash,0,exclude
C:\Pywork\dental\dental\data\raw\zenodo\panoramic_radiography_yolo_dataset_14_classes\train\images\556.jpg,train/images/556.jpg,train,C:\Pywork\dental\dental\data\detection_hierarchical\images\train\umfih_556.jpg,umfih_556.jpg,train,existing,dhash,0,exclude
C:\Pywork\dental\dental\data\raw\zenodo\panoramic_radiography_yolo_dataset_14_classes\train\images\557.jpg,train/images/557.jpg,train,C:\Pywork\dental\dental\data\detection_hierarchical\images\train\umfih_339.jpg,umfih_339.jpg,train,existing,dhash,0,exclude
C:\Pywork\dental\dental\data\raw\zenodo\panoramic_radiography_yolo_dataset_14_classes\train\images\558.jpg,train/images/558.jpg,train,C:\Pywork\dental\dental\data\detection_hierarchical\images\train\umfih_558.jpg,umfih_558.jpg,train,existing,dhash,0,exclude
C:\Pywork\dental\dental\data\raw\zenodo\panoramic_radiography_yolo_dataset_14_classes\train\images\559.jpg,train/images/559.jpg,train,C:\Pywork\dental\dental\data\detection_hierarchical\images\train\umfih_559.jpg,umfih_559.jpg,train,existing,dhash,0,exclude
C:\Pywork\dental\dental\data\raw\zenodo\panoramic_radiography_yolo_dataset_14_classes\train\images\56.jpg,train/images/56.jpg,train,C:\Pywork\dental\dental\data\detection_hierarchical\images\train\umfih_56.jpg,umfih_56.jpg,train,existing,dhash,0,exclude
C:\Pywork\dental\dental\data\raw\zenodo\panoramic_radiography_yolo_dataset_14_classes\train\images\561.jpg,train/images/561.jpg,train,C:\Pywork\dental\dental\data\detection_hierarchical\images\train\umfih_399.jpg,umfih_399.jpg,train,existing,dhash,0,exclude
C:\Pywork\dental\dental\data\raw\zenodo\panoramic_radiography_yolo_dataset_14_classes\train\images\562.jpg,train/images/562.jpg,train,C:\Pywork\dental\dental\data\detection_hierarchical\images\train\umfih_562.jpg,umfih_562.jpg,train,existing,dhash,0,exclude
C:\Pywork\dental\dental\data\raw\zenodo\panoramic_radiography_yolo_dataset_14_classes\train\images\564.jpg,train/images/564.jpg,train,C:\Pywork\dental\dental\data\detection_hierarchical\images\train\umfih_564.jpg,umfih_564.jpg,train,existing,dhash,0,exclude
C:\Pywork\dental\dental\data\raw\zenodo\panoramic_radiography_yolo_dataset_14_classes\train\images\565.jpg,train/images/565.jpg,train,C:\Pywork\dental\dental\data\detection_hierarchical\images\train\umfih_248.jpg,umfih_248.jpg,train,existing,dhash,0,exclude
C:\Pywork\dental\dental\data\raw\zenodo\panoramic_radiography_yolo_dataset_14_classes\train\images\566.jpg,train/images/566.jpg,train,C:\Pywork\dental\dental\data\detection_hierarchical\images\train\umfih_566.jpg,umfih_566.jpg,train,existing,dhash,0,exclude
C:\Pywork\dental\dental\data\raw\zenodo\panoramic_radiography_yolo_dataset_14_classes\train\images\567.jpg,train/images/567.jpg,train,C:\Pywork\dental\dental\data\detection_hierarchical\images\train\umfih_567.jpg,umfih_567.jpg,train,existing,dhash,0,exclude
C:\Pywork\dental\dental\data\raw\zenodo\panoramic_radiography_yolo_dataset_14_classes\train\images\568.jpg,train/images/568.jpg,train,C:\Pywork\dental\dental\data\detection_hierarchical\images\train\umfih_342.jpg,umfih_342.jpg,train,existing,dhash,0,exclude
C:\Pywork\dental\dental\data\raw\zenodo\panoramic_radiography_yolo_dataset_14_classes\train\images\569.jpg,train/images/569.jpg,train,C:\Pywork\dental\dental\data\detection_hierarchical\images\train\umfih_569.jpg,umfih_569.jpg,train,existing,dhash,0,exclude
C:\Pywork\dental\dental\data\raw\zenodo\panoramic_radiography_yolo_dataset_14_classes\train\images\57.jpg,train/images/57.jpg,train,C:\Pywork\dental\dental\data\detection_hierarchical\images\train\umfih_57.jpg,umfih_57.jpg,train,existing,dhash,0,exclude
C:\Pywork\dental\dental\data\raw\zenodo\panoramic_radiography_yolo_dataset_14_classes\train\images\571.jpg,train/images/571.jpg,train,C:\Pywork\dental\dental\data\detection_hierarchical\images\train\umfih_571.jpg,umfih_571.jpg,train,existing,dhash,0,exclude
C:\Pywork\dental\dental\data\raw\zenodo\panoramic_radiography_yolo_dataset_14_classes\train\images\572.jpg,train/images/572.jpg,train,C:\Pywork\dental\dental\data\detection_hierarchical\images\train\umfih_572.jpg,umfih_572.jpg,train,existing,dhash,0,exclude
C:\Pywork\dental\dental\data\raw\zenodo\panoramic_radiography_yolo_dataset_14_classes\train\images\574.jpg,train/images/574.jpg,train,C:\Pywork\dental\dental\data\detection_hierarchical\images\train\umfih_574.jpg,umfih_574.jpg,train,existing,dhash,0,exclude
C:\Pywork\dental\dental\data\raw\zenodo\panoramic_radiography_yolo_dataset_14_classes\train\images\575.jpg,train/images/575.jpg,train,C:\Pywork\dental\dental\data\detection_hierarchical\images\train\umfih_575.jpg,umfih_575.jpg,train,existing,dhash,0,exclude
C:\Pywork\dental\dental\data\raw\zenodo\panoramic_radiography_yolo_dataset_14_classes\train\images\577.jpg,train/images/577.jpg,train,C:\Pywork\dental\dental\data\detection_hierarchical\images\train\umfih_577.jpg,umfih_577.jpg,train,existing,dhash,0,exclude
C:\Pywork\dental\dental\data\raw\zenodo\panoramic_radiography_yolo_dataset_14_classes\train\images\578.jpg,train/images/578.jpg,train,C:\Pywork\dental\dental\data\detection_hierarchical\images\train\umfih_578.jpg,umfih_578.jpg,train,existing,dhash,0,exclude
C:\Pywork\dental\dental\data\raw\zenodo\panoramic_radiography_yolo_dataset_14_classes\train\images\579.jpg,train/images/579.jpg,train,C:\Pywork\dental\dental\data\detection_hierarchical\images\train\umfih_579.jpg,umfih_579.jpg,train,existing,dhash,0,exclude
C:\Pywork\dental\dental\data\raw\zenodo\panoramic_radiography_yolo_dataset_14_classes\train\images\58.jpg,train/images/58.jpg,train,C:\Pywork\dental\dental\data\detection_hierarchical\images\train\umfih_58.jpg,umfih_58.jpg,train,existing,dhash,0,exclude
C:\Pywork\dental\dental\data\raw\zenodo\panoramic_radiography_yolo_dataset_14_classes\train\images\582.jpg,train/images/582.jpg,train,C:\Pywork\dental\dental\data\detection_hierarchical\images\train\umfih_582.jpg,umfih_582.jpg,train,existing,dhash,0,exclude
C:\Pywork\dental\dental\data\raw\zenodo\panoramic_radiography_yolo_dataset_14_classes\train\images\583.jpg,train/images/583.jpg,train,C:\Pywork\dental\dental\data\detection_hierarchical\images\train\umfih_583.jpg,umfih_583.jpg,train,existing,dhash,0,exclude
C:\Pywork\dental\dental\data\raw\zenodo\panoramic_radiography_yolo_dataset_14_classes\train\images\585.jpg,train/images/585.jpg,train,C:\Pywork\dental\dental\data\detection_hierarchical\images\train\umfih_585.jpg,umfih_585.jpg,train,existing,dhash,0,exclude
C:\Pywork\dental\dental\data\raw\zenodo\panoramic_radiography_yolo_dataset_14_classes\train\images\586.jpg,train/images/586.jpg,train,C:\Pywork\dental\dental\data\detection_hierarchical\images\train\umfih_586.jpg,umfih_586.jpg,train,existing,dhash,0,exclude
C:\Pywork\dental\dental\data\raw\zenodo\panoramic_radiography_yolo_dataset_14_classes\train\images\587.jpg,train/images/587.jpg,train,C:\Pywork\dental\dental\data\detection_hierarchical\images\train\umfih_587.jpg,umfih_587.jpg,train,existing,dhash,0,exclude
C:\Pywork\dental\dental\data\raw\zenodo\panoramic_radiography_yolo_dataset_14_classes\train\images\589.jpg,train/images/589.jpg,train,C:\Pywork\dental\dental\data\detection_hierarchical\images\train\umfih_355.jpg,umfih_355.jpg,train,existing,dhash,0,exclude
C:\Pywork\dental\dental\data\raw\zenodo\panoramic_radiography_yolo_dataset_14_classes\train\images\59.jpg,train/images/59.jpg,train,C:\Pywork\dental\dental\data\detection_hierarchical\images\train\umfih_59.jpg,umfih_59.jpg,train,existing,dhash,0,exclude
C:\Pywork\dental\dental\data\raw\zenodo\panoramic_radiography_yolo_dataset_14_classes\train\images\591.jpg,train/images/591.jpg,train,C:\Pywork\dental\dental\data\detection_hierarchical\images\train\umfih_591.jpg,umfih_591.jpg,train,existing,dhash,0,exclude
C:\Pywork\dental\dental\data\raw\zenodo\panoramic_radiography_yolo_dataset_14_classes\train\images\592.jpg,train/images/592.jpg,train,C:\Pywork\dental\dental\data\detection_hierarchical\images\train\umfih_358.jpg,umfih_358.jpg,train,existing,dhash,0,exclude
C:\Pywork\dental\dental\data\raw\zenodo\panoramic_radiography_yolo_dataset_14_classes\train\images\593.jpg,train/images/593.jpg,train,C:\Pywork\dental\dental\data\detection_hierarchical\images\train\umfih_256.jpg,umfih_256.jpg,train,existing,dhash,0,exclude
C:\Pywork\dental\dental\data\raw\zenodo\panoramic_radiography_yolo_dataset_14_classes\train\images\594.jpg,train/images/594.jpg,train,C:\Pywork\dental\dental\data\detection_hierarchical\images\train\umfih_359.jpg,umfih_359.jpg,train,existing,dhash,0,exclude
C:\Pywork\dental\dental\data\raw\zenodo\panoramic_radiography_yolo_dataset_14_classes\train\images\595.jpg,train/images/595.jpg,train,C:\Pywork\dental\dental\data\detection_hierarchical\images\train\umfih_595.jpg,umfih_595.jpg,train,existing,dhash,0,exclude
C:\Pywork\dental\dental\data\raw\zenodo\panoramic_radiography_yolo_dataset_14_classes\train\images\596.jpg,train/images/596.jpg,train,C:\Pywork\dental\dental\data\detection_hierarchical\images\train\umfih_596.jpg,umfih_596.jpg,train,existing,dhash,0,exclude
C:\Pywork\dental\dental\data\raw\zenodo\panoramic_radiography_yolo_dataset_14_classes\train\images\598.jpg,train/images/598.jpg,train,C:\Pywork\dental\dental\data\detection_hierarchical\images\train\umfih_598.jpg,umfih_598.jpg,train,existing,dhash,0,exclude
C:\Pywork\dental\dental\data\raw\zenodo\panoramic_radiography_yolo_dataset_14_classes\train\images\599.jpg,train/images/599.jpg,train,C:\Pywork\dental\dental\data\detection_hierarchical\images\train\umfih_599.jpg,umfih_599.jpg,train,existing,dhash,0,exclude
C:\Pywork\dental\dental\data\raw\zenodo\panoramic_radiography_yolo_dataset_14_classes\train\images\6.jpg,train/images/6.jpg,train,C:\Pywork\dental\dental\data\detection_hierarchical\images\train\umfih_1105.jpg,umfih_1105.jpg,train,existing,dhash,4,exclude
C:\Pywork\dental\dental\data\raw\zenodo\panoramic_radiography_yolo_dataset_14_classes\train\images\602.jpg,train/images/602.jpg,train,C:\Pywork\dental\dental\data\detection_hierarchical\images\train\umfih_602.jpg,umfih_602.jpg,train,existing,dhash,0,exclude
C:\Pywork\dental\dental\data\raw\zenodo\panoramic_radiography_yolo_dataset_14_classes\train\images\605.jpg,train/images/605.jpg,train,C:\Pywork\dental\dental\data\detection_hierarchical\images\train\umfih_605.jpg,umfih_605.jpg,train,existing,dhash,0,exclude
C:\Pywork\dental\dental\data\raw\zenodo\panoramic_radiography_yolo_dataset_14_classes\train\images\606.jpg,train/images/606.jpg,train,C:\Pywork\dental\dental\data\detection_hierarchical\images\train\umfih_606.jpg,umfih_606.jpg,train,existing,dhash,0,exclude
C:\Pywork\dental\dental\data\raw\zenodo\panoramic_radiography_yolo_dataset_14_classes\train\images\608.jpg,train/images/608.jpg,train,C:\Pywork\dental\dental\data\detection_hierarchical\images\train\umfih_608.jpg,umfih_608.jpg,train,existing,dhash,0,exclude
C:\Pywork\dental\dental\data\raw\zenodo\panoramic_radiography_yolo_dataset_14_classes\train\images\611.jpg,train/images/611.jpg,train,C:\Pywork\dental\dental\data\detection_hierarchical\images\train\umfih_611.jpg,umfih_611.jpg,train,existing,dhash,0,exclude
C:\Pywork\dental\dental\data\raw\zenodo\panoramic_radiography_yolo_dataset_14_classes\train\images\614.jpg,train/images/614.jpg,train,C:\Pywork\dental\dental\data\detection_hierarchical\images\train\umfih_614.jpg,umfih_614.jpg,train,existing,dhash,0,exclude
C:\Pywork\dental\dental\data\raw\zenodo\panoramic_radiography_yolo_dataset_14_classes\train\images\616.jpg,train/images/616.jpg,train,C:\Pywork\dental\dental\data\detection_hierarchical\images\train\umfih_616.jpg,umfih_616.jpg,train,existing,dhash,0,exclude
C:\Pywork\dental\dental\data\raw\zenodo\panoramic_radiography_yolo_dataset_14_classes\train\images\62.jpg,train/images/62.jpg,train,C:\Pywork\dental\dental\data\detection_hierarchical\images\train\umfih_62.jpg,umfih_62.jpg,train,existing,dhash,0,exclude
C:\Pywork\dental\dental\data\raw\zenodo\panoramic_radiography_yolo_dataset_14_classes\train\images\623.jpg,train/images/623.jpg,train,C:\Pywork\dental\dental\data\detection_hierarchical\images\train\umfih_623.jpg,umfih_623.jpg,train,existing,dhash,0,exclude
C:\Pywork\dental\dental\data\raw\zenodo\panoramic_radiography_yolo_dataset_14_classes\train\images\625.jpg,train/images/625.jpg,train,C:\Pywork\dental\dental\data\detection_hierarchical\images\train\umfih_625.jpg,umfih_625.jpg,train,existing,dhash,0,exclude
C:\Pywork\dental\dental\data\raw\zenodo\panoramic_radiography_yolo_dataset_14_classes\train\images\631.jpg,train/images/631.jpg,train,C:\Pywork\dental\dental\data\detection_hierarchical\images\train\umfih_631.jpg,umfih_631.jpg,train,existing,dhash,0,exclude
C:\Pywork\dental\dental\data\raw\zenodo\panoramic_radiography_yolo_dataset_14_classes\train\images\632.jpg,train/images/632.jpg,train,C:\Pywork\dental\dental\data\detection_hierarchical\images\train\umfih_632.jpg,umfih_632.jpg,train,existing,dhash,0,exclude
C:\Pywork\dental\dental\data\raw\zenodo\panoramic_radiography_yolo_dataset_14_classes\train\images\635.jpg,train/images/635.jpg,train,C:\Pywork\dental\dental\data\detection_hierarchical\images\train\umfih_635.jpg,umfih_635.jpg,train,existing,dhash,0,exclude
C:\Pywork\dental\dental\data\raw\zenodo\panoramic_radiography_yolo_dataset_14_classes\train\images\636.jpg,train/images/636.jpg,train,C:\Pywork\dental\dental\data\detection_hierarchical\images\train\umfih_636.jpg,umfih_636.jpg,train,existing,dhash,0,exclude
C:\Pywork\dental\dental\data\raw\zenodo\panoramic_radiography_yolo_dataset_14_classes\train\images\639.jpg,train/images/639.jpg,train,C:\Pywork\dental\dental\data\detection_hierarchical\images\train\umfih_639.jpg,umfih_639.jpg,train,existing,dhash,0,exclude
C:\Pywork\dental\dental\data\raw\zenodo\panoramic_radiography_yolo_dataset_14_classes\train\images\64.jpg,train/images/64.jpg,train,C:\Pywork\dental\dental\data\detection_hierarchical\images\train\umfih_64.jpg,umfih_64.jpg,train,existing,dhash,0,exclude
C:\Pywork\dental\dental\data\raw\zenodo\panoramic_radiography_yolo_dataset_14_classes\train\images\642.jpg,train/images/642.jpg,train,C:\Pywork\dental\dental\data\detection_hierarchical\images\train\umfih_642.jpg,umfih_642.jpg,train,existing,dhash,0,exclude
C:\Pywork\dental\dental\data\raw\zenodo\panoramic_radiography_yolo_dataset_14_classes\train\images\643.jpg,train/images/643.jpg,train,C:\Pywork\dental\dental\data\detection_hierarchical\images\train\umfih_1062.jpg,umfih_1062.jpg,train,existing,dhash,2,exclude
C:\Pywork\dental\dental\data\raw\zenodo\panoramic_radiography_yolo_dataset_14_classes\train\images\65.jpg,train/images/65.jpg,train,C:\Pywork\dental\dental\data\detection_hierarchical\images\train\umfih_65.jpg,umfih_65.jpg,train,existing,dhash,0,exclude
C:\Pywork\dental\dental\data\raw\zenodo\panoramic_radiography_yolo_dataset_14_classes\train\images\652.jpg,train/images/652.jpg,train,C:\Pywork\dental\dental\data\detection_hierarchical\images\train\umfih_434.jpg,umfih_434.jpg,train,existing,dhash,4,exclude
C:\Pywork\dental\dental\data\raw\zenodo\panoramic_radiography_yolo_dataset_14_classes\train\images\656.jpg,train/images/656.jpg,train,C:\Pywork\dental\dental\data\detection_hierarchical\images\train\umfih_656.jpg,umfih_656.jpg,train,existing,dhash,0,exclude
C:\Pywork\dental\dental\data\raw\zenodo\panoramic_radiography_yolo_dataset_14_classes\train\images\657.jpg,train/images/657.jpg,train,C:\Pywork\dental\dental\data\detection_hierarchical\images\train\umfih_657.jpg,umfih_657.jpg,train,existing,dhash,0,exclude
C:\Pywork\dental\dental\data\raw\zenodo\panoramic_radiography_yolo_dataset_14_classes\train\images\658.jpg,train/images/658.jpg,train,C:\Pywork\dental\dental\data\detection_hierarchical\images\train\umfih_1052.jpg,umfih_1052.jpg,train,existing,dhash,0,exclude
C:\Pywork\dental\dental\data\raw\zenodo\panoramic_radiography_yolo_dataset_14_classes\train\images\661.jpg,train/images/661.jpg,train,C:\Pywork\dental\dental\data\detection_hierarchical\images\train\umfih_661.jpg,umfih_661.jpg,train,existing,dhash,0,exclude
C:\Pywork\dental\dental\data\raw\zenodo\panoramic_radiography_yolo_dataset_14_classes\train\images\662.jpg,train/images/662.jpg,train,C:\Pywork\dental\dental\data\detection_hierarchical\images\train\umfih_662.jpg,umfih_662.jpg,train,existing,dhash,0,exclude
C:\Pywork\dental\dental\data\raw\zenodo\panoramic_radiography_yolo_dataset_14_classes\train\images\664.jpg,train/images/664.jpg,train,C:\Pywork\dental\dental\data\detection_hierarchical\images\train\umfih_664.jpg,umfih_664.jpg,train,existing,dhash,0,exclude
C:\Pywork\dental\dental\data\raw\zenodo\panoramic_radiography_yolo_dataset_14_classes\train\images\666.jpg,train/images/666.jpg,train,C:\Pywork\dental\dental\data\detection_hierarchical\images\train\umfih_666.jpg,umfih_666.jpg,train,existing,dhash,0,exclude
C:\Pywork\dental\dental\data\raw\zenodo\panoramic_radiography_yolo_dataset_14_classes\train\images\668.jpg,train/images/668.jpg,train,C:\Pywork\dental\dental\data\detection_hierarchical\images\train\umfih_668.jpg,umfih_668.jpg,train,existing,dhash,0,exclude
C:\Pywork\dental\dental\data\raw\zenodo\panoramic_radiography_yolo_dataset_14_classes\train\images\669.jpg,train/images/669.jpg,train,C:\Pywork\dental\dental\data\detection_hierarchical\images\train\umfih_669.jpg,umfih_669.jpg,train,existing,dhash,0,exclude
C:\Pywork\dental\dental\data\raw\zenodo\panoramic_radiography_yolo_dataset_14_classes\train\images\67.jpg,train/images/67.jpg,train,C:\Pywork\dental\dental\data\detection_hierarchical\images\train\umfih_418.jpg,umfih_418.jpg,train,existing,dhash,0,exclude
C:\Pywork\dental\dental\data\raw\zenodo\panoramic_radiography_yolo_dataset_14_classes\train\images\672.jpg,train/images/672.jpg,train,C:\Pywork\dental\dental\data\detection_hierarchical\images\train\umfih_672.jpg,umfih_672.jpg,train,existing,dhash,0,exclude
C:\Pywork\dental\dental\data\raw\zenodo\panoramic_radiography_yolo_dataset_14_classes\train\images\673.jpg,train/images/673.jpg,train,C:\Pywork\dental\dental\data\detection_hierarchical\images\train\umfih_673.jpg,umfih_673.jpg,train,existing,dhash,0,exclude
C:\Pywork\dental\dental\data\raw\zenodo\panoramic_radiography_yolo_dataset_14_classes\train\images\674.jpg,train/images/674.jpg,train,C:\Pywork\dental\dental\data\detection_hierarchical\images\train\umfih_674.jpg,umfih_674.jpg,train,existing,dhash,0,exclude
C:\Pywork\dental\dental\data\raw\zenodo\panoramic_radiography_yolo_dataset_14_classes\train\images\676.jpg,train/images/676.jpg,train,C:\Pywork\dental\dental\data\detection_hierarchical\images\train\umfih_676.jpg,umfih_676.jpg,train,existing,dhash,0,exclude
C:\Pywork\dental\dental\data\raw\zenodo\panoramic_radiography_yolo_dataset_14_classes\train\images\677.jpg,train/images/677.jpg,train,C:\Pywork\dental\dental\data\detection_hierarchical\images\train\umfih_677.jpg,umfih_677.jpg,train,existing,dhash,0,exclude
C:\Pywork\dental\dental\data\raw\zenodo\panoramic_radiography_yolo_dataset_14_classes\train\images\68.jpg,train/images/68.jpg,train,C:\Pywork\dental\dental\data\detection_hierarchical\images\train\umfih_68.jpg,umfih_68.jpg,train,existing,dhash,0,exclude
C:\Pywork\dental\dental\data\raw\zenodo\panoramic_radiography_yolo_dataset_14_classes\train\images\684.jpg,train/images/684.jpg,train,C:\Pywork\dental\dental\data\detection_hierarchical\images\train\umfih_684.jpg,umfih_684.jpg,train,existing,dhash,0,exclude
C:\Pywork\dental\dental\data\raw\zenodo\panoramic_radiography_yolo_dataset_14_classes\train\images\685.jpg,train/images/685.jpg,train,C:\Pywork\dental\dental\data\detection_hierarchical\images\train\umfih_685.jpg,umfih_685.jpg,train,existing,dhash,0,exclude
C:\Pywork\dental\dental\data\raw\zenodo\panoramic_radiography_yolo_dataset_14_classes\train\images\686.jpg,train/images/686.jpg,train,C:\Pywork\dental\dental\data\detection_hierarchical\images\train\umfih_686.jpg,umfih_686.jpg,train,existing,dhash,0,exclude
C:\Pywork\dental\dental\data\raw\zenodo\panoramic_radiography_yolo_dataset_14_classes\train\images\687.jpg,train/images/687.jpg,train,C:\Pywork\dental\dental\data\detection_hierarchical\images\train\umfih_687.jpg,umfih_687.jpg,train,existing,dhash,0,exclude
C:\Pywork\dental\dental\data\raw\zenodo\panoramic_radiography_yolo_dataset_14_classes\train\images\688.jpg,train/images/688.jpg,train,C:\Pywork\dental\dental\data\detection_hierarchical\images\train\umfih_688.jpg,umfih_688.jpg,train,existing,dhash,0,exclude
C:\Pywork\dental\dental\data\raw\zenodo\panoramic_radiography_yolo_dataset_14_classes\train\images\69.jpg,train/images/69.jpg,train,C:\Pywork\dental\dental\data\detection_hierarchical\images\train\umfih_69.jpg,umfih_69.jpg,train,existing,dhash,0,exclude
C:\Pywork\dental\dental\data\raw\zenodo\panoramic_radiography_yolo_dataset_14_classes\train\images\695.jpg,train/images/695.jpg,train,C:\Pywork\dental\dental\data\detection_hierarchical\images\train\umfih_1114.jpg,umfih_1114.jpg,train,existing,dhash,1,exclude
C:\Pywork\dental\dental\data\raw\zenodo\panoramic_radiography_yolo_dataset_14_classes\train\images\696.jpg,train/images/696.jpg,train,C:\Pywork\dental\dental\data\detection_hierarchical\images\train\umfih_696.jpg,umfih_696.jpg,train,existing,dhash,0,exclude
C:\Pywork\dental\dental\data\raw\zenodo\panoramic_radiography_yolo_dataset_14_classes\train\images\697.jpg,train/images/697.jpg,train,C:\Pywork\dental\dental\data\detection_hierarchical\images\train\umfih_697.jpg,umfih_697.jpg,train,existing,dhash,0,exclude
C:\Pywork\dental\dental\data\raw\zenodo\panoramic_radiography_yolo_dataset_14_classes\train\images\7.jpg,train/images/7.jpg,train,C:\Pywork\dental\dental\data\detection_hierarchical\images\train\umfih_7.jpg,umfih_7.jpg,train,existing,dhash,0,exclude
C:\Pywork\dental\dental\data\raw\zenodo\panoramic_radiography_yolo_dataset_14_classes\train\images\701.jpg,train/images/701.jpg,train,C:\Pywork\dental\dental\data\detection_hierarchical\images\train\umfih_701.jpg,umfih_701.jpg,train,existing,dhash,0,exclude
C:\Pywork\dental\dental\data\raw\zenodo\panoramic_radiography_yolo_dataset_14_classes\train\images\702.jpg,train/images/702.jpg,train,C:\Pywork\dental\dental\data\detection_hierarchical\images\train\umfih_702.jpg,umfih_702.jpg,train,existing,dhash,0,exclude
C:\Pywork\dental\dental\data\raw\zenodo\panoramic_radiography_yolo_dataset_14_classes\train\images\703.jpg,train/images/703.jpg,train,C:\Pywork\dental\dental\data\detection_hierarchical\images\train\umfih_703.jpg,umfih_703.jpg,train,existing,dhash,0,exclude
C:\Pywork\dental\dental\data\raw\zenodo\panoramic_radiography_yolo_dataset_14_classes\train\images\705.jpg,train/images/705.jpg,train,C:\Pywork\dental\dental\data\detection_hierarchical\images\train\umfih_705.jpg,umfih_705.jpg,train,existing,dhash,0,exclude
C:\Pywork\dental\dental\data\raw\zenodo\panoramic_radiography_yolo_dataset_14_classes\train\images\706.jpg,train/images/706.jpg,train,C:\Pywork\dental\dental\data\detection_hierarchical\images\train\umfih_706.jpg,umfih_706.jpg,train,existing,dhash,0,exclude
C:\Pywork\dental\dental\data\raw\zenodo\panoramic_radiography_yolo_dataset_14_classes\train\images\71.jpg,train/images/71.jpg,train,C:\Pywork\dental\dental\data\detection_hierarchical\images\train\umfih_71.jpg,umfih_71.jpg,train,existing,dhash,0,exclude
C:\Pywork\dental\dental\data\raw\zenodo\panoramic_radiography_yolo_dataset_14_classes\train\images\711.jpg,train/images/711.jpg,train,C:\Pywork\dental\dental\data\detection_hierarchical\images\train\umfih_711.jpg,umfih_711.jpg,train,existing,dhash,0,exclude
C:\Pywork\dental\dental\data\raw\zenodo\panoramic_radiography_yolo_dataset_14_classes\train\images\712.jpg,train/images/712.jpg,train,C:\Pywork\dental\dental\data\detection_hierarchical\images\train\umfih_826.jpg,umfih_826.jpg,train,existing,dhash,0,exclude
C:\Pywork\dental\dental\data\raw\zenodo\panoramic_radiography_yolo_dataset_14_classes\train\images\714.jpg,train/images/714.jpg,train,C:\Pywork\dental\dental\data\detection_hierarchical\images\train\umfih_714.jpg,umfih_714.jpg,train,existing,dhash,0,exclude
C:\Pywork\dental\dental\data\raw\zenodo\panoramic_radiography_yolo_dataset_14_classes\train\images\715.jpg,train/images/715.jpg,train,C:\Pywork\dental\dental\data\detection_hierarchical\images\train\umfih_715.jpg,umfih_715.jpg,train,existing,dhash,0,exclude
C:\Pywork\dental\dental\data\raw\zenodo\panoramic_radiography_yolo_dataset_14_classes\train\images\716.jpg,train/images/716.jpg,train,C:\Pywork\dental\dental\data\detection_hierarchical\images\train\umfih_716.jpg,umfih_716.jpg,train,existing,dhash,0,exclude
C:\Pywork\dental\dental\data\raw\zenodo\panoramic_radiography_yolo_dataset_14_classes\train\images\718.jpg,train/images/718.jpg,train,C:\Pywork\dental\dental\data\detection_hierarchical\images\train\umfih_718.jpg,umfih_718.jpg,train,existing,dhash,0,exclude
C:\Pywork\dental\dental\data\raw\zenodo\panoramic_radiography_yolo_dataset_14_classes\train\images\719.jpg,train/images/719.jpg,train,C:\Pywork\dental\dental\data\detection_hierarchical\images\train\umfih_719.jpg,umfih_719.jpg,train,existing,dhash,0,exclude
C:\Pywork\dental\dental\data\raw\zenodo\panoramic_radiography_yolo_dataset_14_classes\train\images\72.jpg,train/images/72.jpg,train,C:\Pywork\dental\dental\data\detection_hierarchical\images\train\umfih_72.jpg,umfih_72.jpg,train,existing,dhash,0,exclude
C:\Pywork\dental\dental\data\raw\zenodo\panoramic_radiography_yolo_dataset_14_classes\train\images\722.jpg,train/images/722.jpg,train,C:\Pywork\dental\dental\data\detection_hierarchical\images\train\umfih_1513.jpg,umfih_1513.jpg,train,existing,dhash,0,exclude
C:\Pywork\dental\dental\data\raw\zenodo\panoramic_radiography_yolo_dataset_14_classes\train\images\723.jpg,train/images/723.jpg,train,C:\Pywork\dental\dental\data\detection_hierarchical\images\train\umfih_723.jpg,umfih_723.jpg,train,existing,dhash,0,exclude
C:\Pywork\dental\dental\data\raw\zenodo\panoramic_radiography_yolo_dataset_14_classes\train\images\724.jpg,train/images/724.jpg,train,C:\Pywork\dental\dental\data\detection_hierarchical\images\train\umfih_724.jpg,umfih_724.jpg,train,existing,dhash,0,exclude
C:\Pywork\dental\dental\data\raw\zenodo\panoramic_radiography_yolo_dataset_14_classes\train\images\725.jpg,train/images/725.jpg,train,C:\Pywork\dental\dental\data\detection_hierarchical\images\train\umfih_725.jpg,umfih_725.jpg,train,existing,dhash,0,exclude
C:\Pywork\dental\dental\data\raw\zenodo\panoramic_radiography_yolo_dataset_14_classes\train\images\726.jpg,train/images/726.jpg,train,C:\Pywork\dental\dental\data\detection_hierarchical\images\train\umfih_726.jpg,umfih_726.jpg,train,existing,dhash,0,exclude
C:\Pywork\dental\dental\data\raw\zenodo\panoramic_radiography_yolo_dataset_14_classes\train\images\727.jpg,train/images/727.jpg,train,C:\Pywork\dental\dental\data\detection_hierarchical\images\train\umfih_727.jpg,umfih_727.jpg,train,existing,dhash,0,exclude
C:\Pywork\dental\dental\data\raw\zenodo\panoramic_radiography_yolo_dataset_14_classes\train\images\729.jpg,train/images/729.jpg,train,C:\Pywork\dental\dental\data\detection_hierarchical\images\train\umfih_729.jpg,umfih_729.jpg,train,existing,dhash,0,exclude
C:\Pywork\dental\dental\data\raw\zenodo\panoramic_radiography_yolo_dataset_14_classes\train\images\73.jpg,train/images/73.jpg,train,C:\Pywork\dental\dental\data\detection_hierarchical\images\train\umfih_431.jpg,umfih_431.jpg,train,existing,dhash,0,exclude
C:\Pywork\dental\dental\data\raw\zenodo\panoramic_radiography_yolo_dataset_14_classes\train\images\731.jpg,train/images/731.jpg,train,C:\Pywork\dental\dental\data\detection_hierarchical\images\train\umfih_1485.jpg,umfih_1485.jpg,train,existing,dhash,0,exclude
C:\Pywork\dental\dental\data\raw\zenodo\panoramic_radiography_yolo_dataset_14_classes\train\images\733.jpg,train/images/733.jpg,train,C:\Pywork\dental\dental\data\detection_hierarchical\images\train\umfih_733.jpg,umfih_733.jpg,train,existing,dhash,0,exclude
C:\Pywork\dental\dental\data\raw\zenodo\panoramic_radiography_yolo_dataset_14_classes\train\images\734.jpg,train/images/734.jpg,train,C:\Pywork\dental\dental\data\detection_hierarchical\images\train\umfih_734.jpg,umfih_734.jpg,train,existing,dhash,0,exclude
C:\Pywork\dental\dental\data\raw\zenodo\panoramic_radiography_yolo_dataset_14_classes\train\images\735.jpg,train/images/735.jpg,train,C:\Pywork\dental\dental\data\detection_hierarchical\images\train\umfih_735.jpg,umfih_735.jpg,train,existing,dhash,0,exclude
C:\Pywork\dental\dental\data\raw\zenodo\panoramic_radiography_yolo_dataset_14_classes\train\images\736.jpg,train/images/736.jpg,train,C:\Pywork\dental\dental\data\detection_hierarchical\images\train\umfih_736.jpg,umfih_736.jpg,train,existing,dhash,0,exclude
C:\Pywork\dental\dental\data\raw\zenodo\panoramic_radiography_yolo_dataset_14_classes\train\images\737.jpg,train/images/737.jpg,train,C:\Pywork\dental\dental\data\detection_hierarchical\images\train\umfih_737.jpg,umfih_737.jpg,train,existing,dhash,0,exclude
C:\Pywork\dental\dental\data\raw\zenodo\panoramic_radiography_yolo_dataset_14_classes\train\images\738.jpg,train/images/738.jpg,train,C:\Pywork\dental\dental\data\detection_hierarchical\images\train\umfih_738.jpg,umfih_738.jpg,train,existing,dhash,0,exclude
C:\Pywork\dental\dental\data\raw\zenodo\panoramic_radiography_yolo_dataset_14_classes\train\images\739.jpg,train/images/739.jpg,train,C:\Pywork\dental\dental\data\detection_hierarchical\images\train\umfih_739.jpg,umfih_739.jpg,train,existing,dhash,0,exclude
C:\Pywork\dental\dental\data\raw\zenodo\panoramic_radiography_yolo_dataset_14_classes\train\images\74.jpg,train/images/74.jpg,train,C:\Pywork\dental\dental\data\detection_hierarchical\images\train\umfih_74.jpg,umfih_74.jpg,train,existing,dhash,0,exclude
C:\Pywork\dental\dental\data\raw\zenodo\panoramic_radiography_yolo_dataset_14_classes\train\images\742.jpg,train/images/742.jpg,train,C:\Pywork\dental\dental\data\detection_hierarchical\images\train\umfih_742.jpg,umfih_742.jpg,train,existing,dhash,0,exclude
C:\Pywork\dental\dental\data\raw\zenodo\panoramic_radiography_yolo_dataset_14_classes\train\images\743.jpg,train/images/743.jpg,train,C:\Pywork\dental\dental\data\detection_hierarchical\images\train\umfih_743.jpg,umfih_743.jpg,train,existing,dhash,0,exclude
C:\Pywork\dental\dental\data\raw\zenodo\panoramic_radiography_yolo_dataset_14_classes\train\images\744.jpg,train/images/744.jpg,train,C:\Pywork\dental\dental\data\detection_hierarchical\images\train\umfih_744.jpg,umfih_744.jpg,train,existing,dhash,0,exclude
C:\Pywork\dental\dental\data\raw\zenodo\panoramic_radiography_yolo_dataset_14_classes\train\images\745.jpg,train/images/745.jpg,train,C:\Pywork\dental\dental\data\detection_hierarchical\images\train\umfih_745.jpg,umfih_745.jpg,train,existing,dhash,0,exclude
C:\Pywork\dental\dental\data\raw\zenodo\panoramic_radiography_yolo_dataset_14_classes\train\images\746.jpg,train/images/746.jpg,train,C:\Pywork\dental\dental\data\detection_hierarchical\images\train\umfih_746.jpg,umfih_746.jpg,train,existing,dhash,0,exclude
C:\Pywork\dental\dental\data\raw\zenodo\panoramic_radiography_yolo_dataset_14_classes\train\images\747.jpg,train/images/747.jpg,train,C:\Pywork\dental\dental\data\detection_hierarchical\images\train\umfih_747.jpg,umfih_747.jpg,train,existing,dhash,0,exclude
C:\Pywork\dental\dental\data\raw\zenodo\panoramic_radiography_yolo_dataset_14_classes\train\images\748.jpg,train/images/748.jpg,train,C:\Pywork\dental\dental\data\detection_hierarchical\images\train\umfih_748.jpg,umfih_748.jpg,train,existing,dhash,0,exclude
C:\Pywork\dental\dental\data\raw\zenodo\panoramic_radiography_yolo_dataset_14_classes\train\images\749.jpg,train/images/749.jpg,train,C:\Pywork\dental\dental\data\detection_hierarchical\images\train\umfih_749.jpg,umfih_749.jpg,train,existing,dhash,0,exclude
C:\Pywork\dental\dental\data\raw\zenodo\panoramic_radiography_yolo_dataset_14_classes\train\images\75.jpg,train/images/75.jpg,train,C:\Pywork\dental\dental\data\detection_hierarchical\images\train\umfih_75.jpg,umfih_75.jpg,train,existing,dhash,0,exclude
C:\Pywork\dental\dental\data\raw\zenodo\panoramic_radiography_yolo_dataset_14_classes\train\images\751.jpg,train/images/751.jpg,train,C:\Pywork\dental\dental\data\detection_hierarchical\images\train\umfih_751.jpg,umfih_751.jpg,train,existing,dhash,0,exclude
C:\Pywork\dental\dental\data\raw\zenodo\panoramic_radiography_yolo_dataset_14_classes\train\images\752.jpg,train/images/752.jpg,train,C:\Pywork\dental\dental\data\detection_hierarchical\images\train\umfih_752.jpg,umfih_752.jpg,train,existing,dhash,0,exclude
C:\Pywork\dental\dental\data\raw\zenodo\panoramic_radiography_yolo_dataset_14_classes\train\images\754.jpg,train/images/754.jpg,train,C:\Pywork\dental\dental\data\detection_hierarchical\images\train\umfih_1479.jpg,umfih_1479.jpg,train,existing,dhash,0,exclude
C:\Pywork\dental\dental\data\raw\zenodo\panoramic_radiography_yolo_dataset_14_classes\train\images\755.jpg,train/images/755.jpg,train,C:\Pywork\dental\dental\data\detection_hierarchical\images\train\umfih_755.jpg,umfih_755.jpg,train,existing,dhash,0,exclude
C:\Pywork\dental\dental\data\raw\zenodo\panoramic_radiography_yolo_dataset_14_classes\train\images\756.jpg,train/images/756.jpg,train,C:\Pywork\dental\dental\data\detection_hierarchical\images\train\umfih_756.jpg,umfih_756.jpg,train,existing,dhash,0,exclude
C:\Pywork\dental\dental\data\raw\zenodo\panoramic_radiography_yolo_dataset_14_classes\train\images\758.jpg,train/images/758.jpg,train,C:\Pywork\dental\dental\data\detection_hierarchical\images\train\umfih_1518.jpg,umfih_1518.jpg,train,existing,dhash,0,exclude
C:\Pywork\dental\dental\data\raw\zenodo\panoramic_radiography_yolo_dataset_14_classes\train\images\759.jpg,train/images/759.jpg,train,C:\Pywork\dental\dental\data\detection_hierarchical\images\train\umfih_759.jpg,umfih_759.jpg,train,existing,dhash,0,exclude
C:\Pywork\dental\dental\data\raw\zenodo\panoramic_radiography_yolo_dataset_14_classes\train\images\762.jpg,train/images/762.jpg,train,C:\Pywork\dental\dental\data\detection_hierarchical\images\train\umfih_762.jpg,umfih_762.jpg,train,existing,dhash,0,exclude
C:\Pywork\dental\dental\data\raw\zenodo\panoramic_radiography_yolo_dataset_14_classes\train\images\763.jpg,train/images/763.jpg,train,C:\Pywork\dental\dental\data\detection_hierarchical\images\train\umfih_763.jpg,umfih_763.jpg,train,existing,dhash,0,exclude
C:\Pywork\dental\dental\data\raw\zenodo\panoramic_radiography_yolo_dataset_14_classes\train\images\764.jpg,train/images/764.jpg,train,C:\Pywork\dental\dental\data\detection_hierarchical\images\train\umfih_764.jpg,umfih_764.jpg,train,existing,dhash,0,exclude
C:\Pywork\dental\dental\data\raw\zenodo\panoramic_radiography_yolo_dataset_14_classes\train\images\765.jpg,train/images/765.jpg,train,C:\Pywork\dental\dental\data\detection_hierarchical\images\train\umfih_765.jpg,umfih_765.jpg,train,existing,dhash,0,exclude
C:\Pywork\dental\dental\data\raw\zenodo\panoramic_radiography_yolo_dataset_14_classes\train\images\767.jpg,train/images/767.jpg,train,C:\Pywork\dental\dental\data\detection_hierarchical\images\train\umfih_767.jpg,umfih_767.jpg,train,existing,dhash,0,exclude
C:\Pywork\dental\dental\data\raw\zenodo\panoramic_radiography_yolo_dataset_14_classes\train\images\769.jpg,train/images/769.jpg,train,C:\Pywork\dental\dental\data\detection_hierarchical\images\train\umfih_769.jpg,umfih_769.jpg,train,existing,dhash,0,exclude
C:\Pywork\dental\dental\data\raw\zenodo\panoramic_radiography_yolo_dataset_14_classes\train\images\77.jpg,train/images/77.jpg,train,C:\Pywork\dental\dental\data\detection_hierarchical\images\train\umfih_1535.jpg,umfih_1535.jpg,train,existing,dhash,4,exclude
C:\Pywork\dental\dental\data\raw\zenodo\panoramic_radiography_yolo_dataset_14_classes\train\images\771.jpg,train/images/771.jpg,train,C:\Pywork\dental\dental\data\detection_hierarchical\images\train\umfih_258.jpg,umfih_258.jpg,train,existing,dhash,0,exclude
C:\Pywork\dental\dental\data\raw\zenodo\panoramic_radiography_yolo_dataset_14_classes\train\images\772.jpg,train/images/772.jpg,train,C:\Pywork\dental\dental\data\detection_hierarchical\images\train\umfih_772.jpg,umfih_772.jpg,train,existing,dhash,0,exclude
C:\Pywork\dental\dental\data\raw\zenodo\panoramic_radiography_yolo_dataset_14_classes\train\images\773.jpg,train/images/773.jpg,train,C:\Pywork\dental\dental\data\detection_hierarchical\images\train\umfih_773.jpg,umfih_773.jpg,train,existing,dhash,0,exclude
C:\Pywork\dental\dental\data\raw\zenodo\panoramic_radiography_yolo_dataset_14_classes\train\images\774.jpg,train/images/774.jpg,train,C:\Pywork\dental\dental\data\detection_hierarchical\images\train\umfih_774.jpg,umfih_774.jpg,train,existing,dhash,0,exclude
C:\Pywork\dental\dental\data\raw\zenodo\panoramic_radiography_yolo_dataset_14_classes\train\images\775.jpg,train/images/775.jpg,train,C:\Pywork\dental\dental\data\detection_hierarchical\images\train\umfih_775.jpg,umfih_775.jpg,train,existing,dhash,0,exclude
C:\Pywork\dental\dental\data\raw\zenodo\panoramic_radiography_yolo_dataset_14_classes\train\images\776.jpg,train/images/776.jpg,train,C:\Pywork\dental\dental\data\detection_hierarchical\images\train\umfih_776.jpg,umfih_776.jpg,train,existing,dhash,0,exclude
C:\Pywork\dental\dental\data\raw\zenodo\panoramic_radiography_yolo_dataset_14_classes\train\images\778.jpg,train/images/778.jpg,train,C:\Pywork\dental\dental\data\detection_hierarchical\images\train\umfih_778.jpg,umfih_778.jpg,train,existing,dhash,0,exclude
C:\Pywork\dental\dental\data\raw\zenodo\panoramic_radiography_yolo_dataset_14_classes\train\images\779.jpg,train/images/779.jpg,train,C:\Pywork\dental\dental\data\detection_hierarchical\images\train\umfih_779.jpg,umfih_779.jpg,train,existing,dhash,0,exclude
C:\Pywork\dental\dental\data\raw\zenodo\panoramic_radiography_yolo_dataset_14_classes\train\images\781.jpg,train/images/781.jpg,train,C:\Pywork\dental\dental\data\detection_hierarchical\images\train\umfih_781.jpg,umfih_781.jpg,train,existing,dhash,0,exclude
C:\Pywork\dental\dental\data\raw\zenodo\panoramic_radiography_yolo_dataset_14_classes\train\images\782.jpg,train/images/782.jpg,train,C:\Pywork\dental\dental\data\detection_hierarchical\images\train\umfih_782.jpg,umfih_782.jpg,train,existing,dhash,0,exclude
C:\Pywork\dental\dental\data\raw\zenodo\panoramic_radiography_yolo_dataset_14_classes\train\images\783.jpg,train/images/783.jpg,train,C:\Pywork\dental\dental\data\detection_hierarchical\images\train\umfih_783.jpg,umfih_783.jpg,train,existing,dhash,0,exclude
C:\Pywork\dental\dental\data\raw\zenodo\panoramic_radiography_yolo_dataset_14_classes\train\images\785.jpg,train/images/785.jpg,train,C:\Pywork\dental\dental\data\detection_hierarchical\images\train\umfih_785.jpg,umfih_785.jpg,train,existing,dhash,0,exclude
C:\Pywork\dental\dental\data\raw\zenodo\panoramic_radiography_yolo_dataset_14_classes\train\images\786.jpg,train/images/786.jpg,train,C:\Pywork\dental\dental\data\detection_hierarchical\images\train\umfih_786.jpg,umfih_786.jpg,train,existing,dhash,0,exclude
C:\Pywork\dental\dental\data\raw\zenodo\panoramic_radiography_yolo_dataset_14_classes\train\images\787.jpg,train/images/787.jpg,train,C:\Pywork\dental\dental\data\detection_hierarchical\images\train\umfih_787.jpg,umfih_787.jpg,train,existing,dhash,0,exclude
C:\Pywork\dental\dental\data\raw\zenodo\panoramic_radiography_yolo_dataset_14_classes\train\images\788.jpg,train/images/788.jpg,train,C:\Pywork\dental\dental\data\detection_hierarchical\images\train\umfih_788.jpg,umfih_788.jpg,train,existing,dhash,0,exclude
C:\Pywork\dental\dental\data\raw\zenodo\panoramic_radiography_yolo_dataset_14_classes\train\images\789.jpg,train/images/789.jpg,train,C:\Pywork\dental\dental\data\detection_hierarchical\images\train\umfih_789.jpg,umfih_789.jpg,train,existing,dhash,0,exclude
C:\Pywork\dental\dental\data\raw\zenodo\panoramic_radiography_yolo_dataset_14_classes\train\images\791.jpg,train/images/791.jpg,train,C:\Pywork\dental\dental\data\detection_hierarchical\images\train\umfih_791.jpg,umfih_791.jpg,train,existing,dhash,0,exclude
C:\Pywork\dental\dental\data\raw\zenodo\panoramic_radiography_yolo_dataset_14_classes\train\images\792.jpg,train/images/792.jpg,train,C:\Pywork\dental\dental\data\detection_hierarchical\images\train\umfih_792.jpg,umfih_792.jpg,train,existing,dhash,0,exclude
C:\Pywork\dental\dental\data\raw\zenodo\panoramic_radiography_yolo_dataset_14_classes\train\images\793.jpg,train/images/793.jpg,train,C:\Pywork\dental\dental\data\detection_hierarchical\images\train\umfih_793.jpg,umfih_793.jpg,train,existing,dhash,0,exclude
C:\Pywork\dental\dental\data\raw\zenodo\panoramic_radiography_yolo_dataset_14_classes\train\images\795.jpg,train/images/795.jpg,train,C:\Pywork\dental\dental\data\detection_hierarchical\images\train\umfih_795.jpg,umfih_795.jpg,train,existing,dhash,0,exclude
C:\Pywork\dental\dental\data\raw\zenodo\panoramic_radiography_yolo_dataset_14_classes\train\images\796.jpg,train/images/796.jpg,train,C:\Pywork\dental\dental\data\detection_hierarchical\images\train\umfih_796.jpg,umfih_796.jpg,train,existing,dhash,0,exclude
C:\Pywork\dental\dental\data\raw\zenodo\panoramic_radiography_yolo_dataset_14_classes\train\images\797.jpg,train/images/797.jpg,train,C:\Pywork\dental\dental\data\detection_hierarchical\images\train\umfih_797.jpg,umfih_797.jpg,train,existing,dhash,0,exclude
C:\Pywork\dental\dental\data\raw\zenodo\panoramic_radiography_yolo_dataset_14_classes\train\images\798.jpg,train/images/798.jpg,train,C:\Pywork\dental\dental\data\detection_hierarchical\images\train\umfih_798.jpg,umfih_798.jpg,train,existing,dhash,0,exclude
C:\Pywork\dental\dental\data\raw\zenodo\panoramic_radiography_yolo_dataset_14_classes\train\images\799.jpg,train/images/799.jpg,train,C:\Pywork\dental\dental\data\detection_hierarchical\images\train\umfih_799.jpg,umfih_799.jpg,train,existing,dhash,0,exclude
C:\Pywork\dental\dental\data\raw\zenodo\panoramic_radiography_yolo_dataset_14_classes\train\images\8.jpg,train/images/8.jpg,train,C:\Pywork\dental\dental\data\detection_hierarchical\images\train\umfih_8.jpg,umfih_8.jpg,train,existing,dhash,0,exclude
C:\Pywork\dental\dental\data\raw\zenodo\panoramic_radiography_yolo_dataset_14_classes\train\images\801.jpg,train/images/801.jpg,train,C:\Pywork\dental\dental\data\detection_hierarchical\images\train\umfih_801.jpg,umfih_801.jpg,train,existing,dhash,0,exclude
C:\Pywork\dental\dental\data\raw\zenodo\panoramic_radiography_yolo_dataset_14_classes\train\images\802.jpg,train/images/802.jpg,train,C:\Pywork\dental\dental\data\detection_hierarchical\images\train\umfih_453.jpg,umfih_453.jpg,train,existing,dhash,0,exclude
C:\Pywork\dental\dental\data\raw\zenodo\panoramic_radiography_yolo_dataset_14_classes\train\images\803.jpg,train/images/803.jpg,train,C:\Pywork\dental\dental\data\detection_hierarchical\images\train\umfih_803.jpg,umfih_803.jpg,train,existing,dhash,0,exclude
C:\Pywork\dental\dental\data\raw\zenodo\panoramic_radiography_yolo_dataset_14_classes\train\images\804.jpg,train/images/804.jpg,train,C:\Pywork\dental\dental\data\detection_hierarchical\images\train\umfih_804.jpg,umfih_804.jpg,train,existing,dhash,0,exclude
C:\Pywork\dental\dental\data\raw\zenodo\panoramic_radiography_yolo_dataset_14_classes\train\images\805.jpg,train/images/805.jpg,train,C:\Pywork\dental\dental\data\detection_hierarchical\images\train\umfih_703.jpg,umfih_703.jpg,train,existing,dhash,0,exclude
C:\Pywork\dental\dental\data\raw\zenodo\panoramic_radiography_yolo_dataset_14_classes\train\images\807.jpg,train/images/807.jpg,train,C:\Pywork\dental\dental\data\detection_hierarchical\images\train\umfih_807.jpg,umfih_807.jpg,train,existing,dhash,0,exclude
C:\Pywork\dental\dental\data\raw\zenodo\panoramic_radiography_yolo_dataset_14_classes\train\images\808.jpg,train/images/808.jpg,train,C:\Pywork\dental\dental\data\detection_hierarchical\images\train\umfih_705.jpg,umfih_705.jpg,train,existing,dhash,0,exclude
C:\Pywork\dental\dental\data\raw\zenodo\panoramic_radiography_yolo_dataset_14_classes\train\images\811.jpg,train/images/811.jpg,train,C:\Pywork\dental\dental\data\detection_hierarchical\images\train\umfih_811.jpg,umfih_811.jpg,train,existing,dhash,0,exclude
C:\Pywork\dental\dental\data\raw\zenodo\panoramic_radiography_yolo_dataset_14_classes\train\images\812.jpg,train/images/812.jpg,train,C:\Pywork\dental\dental\data\detection_hierarchical\images\train\umfih_812.jpg,umfih_812.jpg,train,existing,dhash,0,exclude
C:\Pywork\dental\dental\data\raw\zenodo\panoramic_radiography_yolo_dataset_14_classes\train\images\813.jpg,train/images/813.jpg,train,C:\Pywork\dental\dental\data\detection_hierarchical\images\train\umfih_813.jpg,umfih_813.jpg,train,existing,dhash,0,exclude
C:\Pywork\dental\dental\data\raw\zenodo\panoramic_radiography_yolo_dataset_14_classes\train\images\814.jpg,train/images/814.jpg,train,C:\Pywork\dental\dental\data\detection_hierarchical\images\train\umfih_814.jpg,umfih_814.jpg,train,existing,dhash,0,exclude
C:\Pywork\dental\dental\data\raw\zenodo\panoramic_radiography_yolo_dataset_14_classes\train\images\815.jpg,train/images/815.jpg,train,C:\Pywork\dental\dental\data\detection_hierarchical\images\train\umfih_815.jpg,umfih_815.jpg,train,existing,dhash,0,exclude
C:\Pywork\dental\dental\data\raw\zenodo\panoramic_radiography_yolo_dataset_14_classes\train\images\816.jpg,train/images/816.jpg,train,C:\Pywork\dental\dental\data\detection_hierarchical\images\train\umfih_816.jpg,umfih_816.jpg,train,existing,dhash,0,exclude
C:\Pywork\dental\dental\data\raw\zenodo\panoramic_radiography_yolo_dataset_14_classes\train\images\818.jpg,train/images/818.jpg,train,C:\Pywork\dental\dental\data\detection_hierarchical\images\train\umfih_818.jpg,umfih_818.jpg,train,existing,dhash,0,exclude
C:\Pywork\dental\dental\data\raw\zenodo\panoramic_radiography_yolo_dataset_14_classes\train\images\819.jpg,train/images/819.jpg,train,C:\Pywork\dental\dental\data\detection_hierarchical\images\train\umfih_819.jpg,umfih_819.jpg,train,existing,dhash,0,exclude
C:\Pywork\dental\dental\data\raw\zenodo\panoramic_radiography_yolo_dataset_14_classes\train\images\82.jpg,train/images/82.jpg,train,C:\Pywork\dental\dental\data\detection_hierarchical\images\train\umfih_82.jpg,umfih_82.jpg,train,existing,dhash,0,exclude
C:\Pywork\dental\dental\data\raw\zenodo\panoramic_radiography_yolo_dataset_14_classes\train\images\821.jpg,train/images/821.jpg,train,C:\Pywork\dental\dental\data\detection_hierarchical\images\train\umfih_821.jpg,umfih_821.jpg,train,existing,dhash,0,exclude
C:\Pywork\dental\dental\data\raw\zenodo\panoramic_radiography_yolo_dataset_14_classes\train\images\822.jpg,train/images/822.jpg,train,C:\Pywork\dental\dental\data\detection_hierarchical\images\train\umfih_822.jpg,umfih_822.jpg,train,existing,dhash,0,exclude
C:\Pywork\dental\dental\data\raw\zenodo\panoramic_radiography_yolo_dataset_14_classes\train\images\823.jpg,train/images/823.jpg,train,C:\Pywork\dental\dental\data\detection_hierarchical\images\train\umfih_823.jpg,umfih_823.jpg,train,existing,dhash,0,exclude
C:\Pywork\dental\dental\data\raw\zenodo\panoramic_radiography_yolo_dataset_14_classes\train\images\824.jpg,train/images/824.jpg,train,C:\Pywork\dental\dental\data\detection_hierarchical\images\train\umfih_824.jpg,umfih_824.jpg,train,existing,dhash,0,exclude
C:\Pywork\dental\dental\data\raw\zenodo\panoramic_radiography_yolo_dataset_14_classes\train\images\825.jpg,train/images/825.jpg,train,C:\Pywork\dental\dental\data\detection_hierarchical\images\train\umfih_825.jpg,umfih_825.jpg,train,existing,dhash,0,exclude
C:\Pywork\dental\dental\data\raw\zenodo\panoramic_radiography_yolo_dataset_14_classes\train\images\826.jpg,train/images/826.jpg,train,C:\Pywork\dental\dental\data\detection_hierarchical\images\train\umfih_826.jpg,umfih_826.jpg,train,existing,dhash,0,exclude
C:\Pywork\dental\dental\data\raw\zenodo\panoramic_radiography_yolo_dataset_14_classes\train\images\827.jpg,train/images/827.jpg,train,C:\Pywork\dental\dental\data\detection_hierarchical\images\train\umfih_827.jpg,umfih_827.jpg,train,existing,dhash,0,exclude
C:\Pywork\dental\dental\data\raw\zenodo\panoramic_radiography_yolo_dataset_14_classes\train\images\828.jpg,train/images/828.jpg,train,C:\Pywork\dental\dental\data\detection_hierarchical\images\train\umfih_828.jpg,umfih_828.jpg,train,existing,dhash,0,exclude
C:\Pywork\dental\dental\data\raw\zenodo\panoramic_radiography_yolo_dataset_14_classes\train\images\829.jpg,train/images/829.jpg,train,C:\Pywork\dental\dental\data\detection_hierarchical\images\train\umfih_715.jpg,umfih_715.jpg,train,existing,dhash,0,exclude
C:\Pywork\dental\dental\data\raw\zenodo\panoramic_radiography_yolo_dataset_14_classes\train\images\83.jpg,train/images/83.jpg,train,C:\Pywork\dental\dental\data\detection_hierarchical\images\train\umfih_83.jpg,umfih_83.jpg,train,existing,dhash,0,exclude
C:\Pywork\dental\dental\data\raw\zenodo\panoramic_radiography_yolo_dataset_14_classes\train\images\831.jpg,train/images/831.jpg,train,C:\Pywork\dental\dental\data\detection_hierarchical\images\train\umfih_831.jpg,umfih_831.jpg,train,existing,dhash,0,exclude
C:\Pywork\dental\dental\data\raw\zenodo\panoramic_radiography_yolo_dataset_14_classes\train\images\832.jpg,train/images/832.jpg,train,C:\Pywork\dental\dental\data\detection_hierarchical\images\train\umfih_832.jpg,umfih_832.jpg,train,existing,dhash,0,exclude
C:\Pywork\dental\dental\data\raw\zenodo\panoramic_radiography_yolo_dataset_14_classes\train\images\834.jpg,train/images/834.jpg,train,C:\Pywork\dental\dental\data\detection_hierarchical\images\train\umfih_834.jpg,umfih_834.jpg,train,existing,dhash,0,exclude
C:\Pywork\dental\dental\data\raw\zenodo\panoramic_radiography_yolo_dataset_14_classes\train\images\836.jpg,train/images/836.jpg,train,C:\Pywork\dental\dental\data\detection_hierarchical\images\train\umfih_836.jpg,umfih_836.jpg,train,existing,dhash,0,exclude
C:\Pywork\dental\dental\data\raw\zenodo\panoramic_radiography_yolo_dataset_14_classes\train\images\837.jpg,train/images/837.jpg,train,C:\Pywork\dental\dental\data\detection_hierarchical\images\train\umfih_837.jpg,umfih_837.jpg,train,existing,dhash,0,exclude
C:\Pywork\dental\dental\data\raw\zenodo\panoramic_radiography_yolo_dataset_14_classes\train\images\839.jpg,train/images/839.jpg,train,C:\Pywork\dental\dental\data\detection_hierarchical\images\train\umfih_839.jpg,umfih_839.jpg,train,existing,dhash,0,exclude
C:\Pywork\dental\dental\data\raw\zenodo\panoramic_radiography_yolo_dataset_14_classes\train\images\84.jpg,train/images/84.jpg,train,C:\Pywork\dental\dental\data\detection_hierarchical\images\train\umfih_84.jpg,umfih_84.jpg,train,existing,dhash,0,exclude
C:\Pywork\dental\dental\data\raw\zenodo\panoramic_radiography_yolo_dataset_14_classes\train\images\841.jpg,train/images/841.jpg,train,C:\Pywork\dental\dental\data\detection_hierarchical\images\train\umfih_841.jpg,umfih_841.jpg,train,existing,dhash,0,exclude
C:\Pywork\dental\dental\data\raw\zenodo\panoramic_radiography_yolo_dataset_14_classes\train\images\843.jpg,train/images/843.jpg,train,C:\Pywork\dental\dental\data\detection_hierarchical\images\train\umfih_843.jpg,umfih_843.jpg,train,existing,dhash,0,exclude
C:\Pywork\dental\dental\data\raw\zenodo\panoramic_radiography_yolo_dataset_14_classes\train\images\844.jpg,train/images/844.jpg,train,C:\Pywork\dental\dental\data\detection_hierarchical\images\train\umfih_844.jpg,umfih_844.jpg,train,existing,dhash,0,exclude
C:\Pywork\dental\dental\data\raw\zenodo\panoramic_radiography_yolo_dataset_14_classes\train\images\846.jpg,train/images/846.jpg,train,C:\Pywork\dental\dental\data\detection_hierarchical\images\train\umfih_846.jpg,umfih_846.jpg,train,existing,dhash,0,exclude
C:\Pywork\dental\dental\data\raw\zenodo\panoramic_radiography_yolo_dataset_14_classes\train\images\847.jpg,train/images/847.jpg,train,C:\Pywork\dental\dental\data\detection_hierarchical\images\train\umfih_847.jpg,umfih_847.jpg,train,existing,dhash,0,exclude
C:\Pywork\dental\dental\data\raw\zenodo\panoramic_radiography_yolo_dataset_14_classes\train\images\848.jpg,train/images/848.jpg,train,C:\Pywork\dental\dental\data\detection_hierarchical\images\train\umfih_848.jpg,umfih_848.jpg,train,existing,dhash,0,exclude
C:\Pywork\dental\dental\data\raw\zenodo\panoramic_radiography_yolo_dataset_14_classes\train\images\851.jpg,train/images/851.jpg,train,C:\Pywork\dental\dental\data\detection_hierarchical\images\train\umfih_851.jpg,umfih_851.jpg,train,existing,dhash,0,exclude
C:\Pywork\dental\dental\data\raw\zenodo\panoramic_radiography_yolo_dataset_14_classes\train\images\852.jpg,train/images/852.jpg,train,C:\Pywork\dental\dental\data\detection_hierarchical\images\train\umfih_852.jpg,umfih_852.jpg,train,existing,dhash,0,exclude
C:\Pywork\dental\dental\data\raw\zenodo\panoramic_radiography_yolo_dataset_14_classes\train\images\853.jpg,train/images/853.jpg,train,C:\Pywork\dental\dental\data\detection_hierarchical\images\train\umfih_853.jpg,umfih_853.jpg,train,existing,dhash,0,exclude
C:\Pywork\dental\dental\data\raw\zenodo\panoramic_radiography_yolo_dataset_14_classes\train\images\855.jpg,train/images/855.jpg,train,C:\Pywork\dental\dental\data\detection_hierarchical\images\train\umfih_855.jpg,umfih_855.jpg,train,existing,dhash,0,exclude
C:\Pywork\dental\dental\data\raw\zenodo\panoramic_radiography_yolo_dataset_14_classes\train\images\857.jpg,train/images/857.jpg,train,C:\Pywork\dental\dental\data\detection_hierarchical\images\train\umfih_857.jpg,umfih_857.jpg,train,existing,dhash,0,exclude
C:\Pywork\dental\dental\data\raw\zenodo\panoramic_radiography_yolo_dataset_14_classes\train\images\858.jpg,train/images/858.jpg,train,C:\Pywork\dental\dental\data\detection_hierarchical\images\train\umfih_858.jpg,umfih_858.jpg,train,existing,dhash,0,exclude
C:\Pywork\dental\dental\data\raw\zenodo\panoramic_radiography_yolo_dataset_14_classes\train\images\859.jpg,train/images/859.jpg,train,C:\Pywork\dental\dental\data\detection_hierarchical\images\train\umfih_859.jpg,umfih_859.jpg,train,existing,dhash,0,exclude
C:\Pywork\dental\dental\data\raw\zenodo\panoramic_radiography_yolo_dataset_14_classes\train\images\86.jpg,train/images/86.jpg,train,C:\Pywork\dental\dental\data\detection_hierarchical\images\train\umfih_86.jpg,umfih_86.jpg,train,existing,dhash,0,exclude
C:\Pywork\dental\dental\data\raw\zenodo\panoramic_radiography_yolo_dataset_14_classes\train\images\862.jpg,train/images/862.jpg,train,C:\Pywork\dental\dental\data\detection_hierarchical\images\train\umfih_862.jpg,umfih_862.jpg,train,existing,dhash,0,exclude
C:\Pywork\dental\dental\data\raw\zenodo\panoramic_radiography_yolo_dataset_14_classes\train\images\863.jpg,train/images/863.jpg,train,C:\Pywork\dental\dental\data\detection_hierarchical\images\train\umfih_863.jpg,umfih_863.jpg,train,existing,dhash,0,exclude
C:\Pywork\dental\dental\data\raw\zenodo\panoramic_radiography_yolo_dataset_14_classes\train\images\864.jpg,train/images/864.jpg,train,C:\Pywork\dental\dental\data\detection_hierarchical\images\train\umfih_864.jpg,umfih_864.jpg,train,existing,dhash,0,exclude
C:\Pywork\dental\dental\data\raw\zenodo\panoramic_radiography_yolo_dataset_14_classes\train\images\866.jpg,train/images/866.jpg,train,C:\Pywork\dental\dental\data\detection_hierarchical\images\train\umfih_866.jpg,umfih_866.jpg,train,existing,dhash,0,exclude
C:\Pywork\dental\dental\data\raw\zenodo\panoramic_radiography_yolo_dataset_14_classes\train\images\867.jpg,train/images/867.jpg,train,C:\Pywork\dental\dental\data\detection_hierarchical\images\train\umfih_867.jpg,umfih_867.jpg,train,existing,dhash,0,exclude
C:\Pywork\dental\dental\data\raw\zenodo\panoramic_radiography_yolo_dataset_14_classes\train\images\868.jpg,train/images/868.jpg,train,C:\Pywork\dental\dental\data\detection_hierarchical\images\train\umfih_868.jpg,umfih_868.jpg,train,existing,dhash,0,exclude
C:\Pywork\dental\dental\data\raw\zenodo\panoramic_radiography_yolo_dataset_14_classes\train\images\871.jpg,train/images/871.jpg,train,C:\Pywork\dental\dental\data\detection_hierarchical\images\train\umfih_871.jpg,umfih_871.jpg,train,existing,dhash,0,exclude
C:\Pywork\dental\dental\data\raw\zenodo\panoramic_radiography_yolo_dataset_14_classes\train\images\872.jpg,train/images/872.jpg,train,C:\Pywork\dental\dental\data\detection_hierarchical\images\train\umfih_872.jpg,umfih_872.jpg,train,existing,dhash,0,exclude
C:\Pywork\dental\dental\data\raw\zenodo\panoramic_radiography_yolo_dataset_14_classes\train\images\873.jpg,train/images/873.jpg,train,C:\Pywork\dental\dental\data\detection_hierarchical\images\train\umfih_873.jpg,umfih_873.jpg,train,existing,dhash,0,exclude
C:\Pywork\dental\dental\data\raw\zenodo\panoramic_radiography_yolo_dataset_14_classes\train\images\874.jpg,train/images/874.jpg,train,C:\Pywork\dental\dental\data\detection_hierarchical\images\train\umfih_874.jpg,umfih_874.jpg,train,existing,dhash,0,exclude
C:\Pywork\dental\dental\data\raw\zenodo\panoramic_radiography_yolo_dataset_14_classes\train\images\877.jpg,train/images/877.jpg,train,C:\Pywork\dental\dental\data\detection_hierarchical\images\train\umfih_877.jpg,umfih_877.jpg,train,existing,dhash,0,exclude
C:\Pywork\dental\dental\data\raw\zenodo\panoramic_radiography_yolo_dataset_14_classes\train\images\879.jpg,train/images/879.jpg,train,C:\Pywork\dental\dental\data\detection_hierarchical\images\train\umfih_879.jpg,umfih_879.jpg,train,existing,dhash,0,exclude
C:\Pywork\dental\dental\data\raw\zenodo\panoramic_radiography_yolo_dataset_14_classes\train\images\881.jpg,train/images/881.jpg,train,C:\Pywork\dental\dental\data\detection_hierarchical\images\train\umfih_881.jpg,umfih_881.jpg,train,existing,dhash,0,exclude
C:\Pywork\dental\dental\data\raw\zenodo\panoramic_radiography_yolo_dataset_14_classes\train\images\882.jpg,train/images/882.jpg,train,C:\Pywork\dental\dental\data\detection_hierarchical\images\train\umfih_882.jpg,umfih_882.jpg,train,existing,dhash,0,exclude
C:\Pywork\dental\dental\data\raw\zenodo\panoramic_radiography_yolo_dataset_14_classes\train\images\884.jpg,train/images/884.jpg,train,C:\Pywork\dental\dental\data\detection_hierarchical\images\train\umfih_884.jpg,umfih_884.jpg,train,existing,dhash,0,exclude
C:\Pywork\dental\dental\data\raw\zenodo\panoramic_radiography_yolo_dataset_14_classes\train\images\885.jpg,train/images/885.jpg,train,C:\Pywork\dental\dental\data\detection_hierarchical\images\train\umfih_885.jpg,umfih_885.jpg,train,existing,dhash,0,exclude
C:\Pywork\dental\dental\data\raw\zenodo\panoramic_radiography_yolo_dataset_14_classes\train\images\886.jpg,train/images/886.jpg,train,C:\Pywork\dental\dental\data\detection_hierarchical\images\train\umfih_886.jpg,umfih_886.jpg,train,existing,dhash,0,exclude
C:\Pywork\dental\dental\data\raw\zenodo\panoramic_radiography_yolo_dataset_14_classes\train\images\887.jpg,train/images/887.jpg,train,C:\Pywork\dental\dental\data\detection_hierarchical\images\train\umfih_887.jpg,umfih_887.jpg,train,existing,dhash,0,exclude
C:\Pywork\dental\dental\data\raw\zenodo\panoramic_radiography_yolo_dataset_14_classes\train\images\888.jpg,train/images/888.jpg,train,C:\Pywork\dental\dental\data\detection_hierarchical\images\train\umfih_888.jpg,umfih_888.jpg,train,existing,dhash,0,exclude
C:\Pywork\dental\dental\data\raw\zenodo\panoramic_radiography_yolo_dataset_14_classes\train\images\889.jpg,train/images/889.jpg,train,C:\Pywork\dental\dental\data\detection_hierarchical\images\train\umfih_889.jpg,umfih_889.jpg,train,existing,dhash,0,exclude
C:\Pywork\dental\dental\data\raw\zenodo\panoramic_radiography_yolo_dataset_14_classes\train\images\89.jpg,train/images/89.jpg,train,C:\Pywork\dental\dental\data\detection_hierarchical\images\train\umfih_89.jpg,umfih_89.jpg,train,existing,dhash,0,exclude
C:\Pywork\dental\dental\data\raw\zenodo\panoramic_radiography_yolo_dataset_14_classes\train\images\891.jpg,train/images/891.jpg,train,C:\Pywork\dental\dental\data\detection_hierarchical\images\train\umfih_891.jpg,umfih_891.jpg,train,existing,dhash,0,exclude
C:\Pywork\dental\dental\data\raw\zenodo\panoramic_radiography_yolo_dataset_14_classes\train\images\893.jpg,train/images/893.jpg,train,C:\Pywork\dental\dental\data\detection_hierarchical\images\train\umfih_893.jpg,umfih_893.jpg,train,existing,dhash,0,exclude
C:\Pywork\dental\dental\data\raw\zenodo\panoramic_radiography_yolo_dataset_14_classes\train\images\894.jpg,train/images/894.jpg,train,C:\Pywork\dental\dental\data\detection_hierarchical\images\train\umfih_894.jpg,umfih_894.jpg,train,existing,dhash,0,exclude
C:\Pywork\dental\dental\data\raw\zenodo\panoramic_radiography_yolo_dataset_14_classes\train\images\895.jpg,train/images/895.jpg,train,C:\Pywork\dental\dental\data\detection_hierarchical\images\train\umfih_895.jpg,umfih_895.jpg,train,existing,dhash,0,exclude
C:\Pywork\dental\dental\data\raw\zenodo\panoramic_radiography_yolo_dataset_14_classes\train\images\897.jpg,train/images/897.jpg,train,C:\Pywork\dental\dental\data\detection_hierarchical\images\train\umfih_897.jpg,umfih_897.jpg,train,existing,dhash,0,exclude
C:\Pywork\dental\dental\data\raw\zenodo\panoramic_radiography_yolo_dataset_14_classes\train\images\898.jpg,train/images/898.jpg,train,C:\Pywork\dental\dental\data\detection_hierarchical\images\train\umfih_898.jpg,umfih_898.jpg,train,existing,dhash,0,exclude
C:\Pywork\dental\dental\data\raw\zenodo\panoramic_radiography_yolo_dataset_14_classes\train\images\899.jpg,train/images/899.jpg,train,C:\Pywork\dental\dental\data\detection_hierarchical\images\train\umfih_899.jpg,umfih_899.jpg,train,existing,dhash,0,exclude
C:\Pywork\dental\dental\data\raw\zenodo\panoramic_radiography_yolo_dataset_14_classes\train\images\9.jpg,train/images/9.jpg,train,C:\Pywork\dental\dental\data\detection_hierarchical\images\train\umfih_9.jpg,umfih_9.jpg,train,existing,dhash,0,exclude
C:\Pywork\dental\dental\data\raw\zenodo\panoramic_radiography_yolo_dataset_14_classes\train\images\901.jpg,train/images/901.jpg,train,C:\Pywork\dental\dental\data\detection_hierarchical\images\train\umfih_901.jpg,umfih_901.jpg,train,existing,dhash,0,exclude
C:\Pywork\dental\dental\data\raw\zenodo\panoramic_radiography_yolo_dataset_14_classes\train\images\902.jpg,train/images/902.jpg,train,C:\Pywork\dental\dental\data\detection_hierarchical\images\train\umfih_902.jpg,umfih_902.jpg,train,existing,dhash,0,exclude
C:\Pywork\dental\dental\data\raw\zenodo\panoramic_radiography_yolo_dataset_14_classes\train\images\904.jpg,train/images/904.jpg,train,C:\Pywork\dental\dental\data\detection_hierarchical\images\train\umfih_904.jpg,umfih_904.jpg,train,existing,dhash,0,exclude
C:\Pywork\dental\dental\data\raw\zenodo\panoramic_radiography_yolo_dataset_14_classes\train\images\906.jpg,train/images/906.jpg,train,C:\Pywork\dental\dental\data\detection_hierarchical\images\train\umfih_906.jpg,umfih_906.jpg,train,existing,dhash,0,exclude
C:\Pywork\dental\dental\data\raw\zenodo\panoramic_radiography_yolo_dataset_14_classes\train\images\907.jpg,train/images/907.jpg,train,C:\Pywork\dental\dental\data\detection_hierarchical\images\train\umfih_907.jpg,umfih_907.jpg,train,existing,dhash,0,exclude
C:\Pywork\dental\dental\data\raw\zenodo\panoramic_radiography_yolo_dataset_14_classes\train\images\908.jpg,train/images/908.jpg,train,C:\Pywork\dental\dental\data\detection_hierarchical\images\train\umfih_908.jpg,umfih_908.jpg,train,existing,dhash,0,exclude
C:\Pywork\dental\dental\data\raw\zenodo\panoramic_radiography_yolo_dataset_14_classes\train\images\911.jpg,train/images/911.jpg,train,C:\Pywork\dental\dental\data\detection_hierarchical\images\train\umfih_911.jpg,umfih_911.jpg,train,existing,dhash,0,exclude
C:\Pywork\dental\dental\data\raw\zenodo\panoramic_radiography_yolo_dataset_14_classes\train\images\912.jpg,train/images/912.jpg,train,C:\Pywork\dental\dental\data\detection_hierarchical\images\train\umfih_912.jpg,umfih_912.jpg,train,existing,dhash,0,exclude
C:\Pywork\dental\dental\data\raw\zenodo\panoramic_radiography_yolo_dataset_14_classes\train\images\913.jpg,train/images/913.jpg,train,C:\Pywork\dental\dental\data\detection_hierarchical\images\train\umfih_913.jpg,umfih_913.jpg,train,existing,dhash,0,exclude
C:\Pywork\dental\dental\data\raw\zenodo\panoramic_radiography_yolo_dataset_14_classes\train\images\914.jpg,train/images/914.jpg,train,C:\Pywork\dental\dental\data\detection_hierarchical\images\train\umfih_914.jpg,umfih_914.jpg,train,existing,dhash,0,exclude
C:\Pywork\dental\dental\data\raw\zenodo\panoramic_radiography_yolo_dataset_14_classes\train\images\915.jpg,train/images/915.jpg,train,C:\Pywork\dental\dental\data\detection_hierarchical\images\train\umfih_915.jpg,umfih_915.jpg,train,existing,dhash,0,exclude
C:\Pywork\dental\dental\data\raw\zenodo\panoramic_radiography_yolo_dataset_14_classes\train\images\916.jpg,train/images/916.jpg,train,C:\Pywork\dental\dental\data\detection_hierarchical\images\train\umfih_916.jpg,umfih_916.jpg,train,existing,dhash,0,exclude
C:\Pywork\dental\dental\data\raw\zenodo\panoramic_radiography_yolo_dataset_14_classes\train\images\917.jpg,train/images/917.jpg,train,C:\Pywork\dental\dental\data\detection_hierarchical\images\train\umfih_917.jpg,umfih_917.jpg,train,existing,dhash,0,exclude
C:\Pywork\dental\dental\data\raw\zenodo\panoramic_radiography_yolo_dataset_14_classes\train\images\918.jpg,train/images/918.jpg,train,C:\Pywork\dental\dental\data\detection_hierarchical\images\train\umfih_918.jpg,umfih_918.jpg,train,existing,dhash,0,exclude
C:\Pywork\dental\dental\data\raw\zenodo\panoramic_radiography_yolo_dataset_14_classes\train\images\919.jpg,train/images/919.jpg,train,C:\Pywork\dental\dental\data\detection_hierarchical\images\train\umfih_919.jpg,umfih_919.jpg,train,existing,dhash,0,exclude
C:\Pywork\dental\dental\data\raw\zenodo\panoramic_radiography_yolo_dataset_14_classes\train\images\92.jpg,train/images/92.jpg,train,C:\Pywork\dental\dental\data\detection_hierarchical\images\train\umfih_92.jpg,umfih_92.jpg,train,existing,dhash,0,exclude
C:\Pywork\dental\dental\data\raw\zenodo\panoramic_radiography_yolo_dataset_14_classes\train\images\921.jpg,train/images/921.jpg,train,C:\Pywork\dental\dental\data\detection_hierarchical\images\train\umfih_921.jpg,umfih_921.jpg,train,existing,dhash,0,exclude
C:\Pywork\dental\dental\data\raw\zenodo\panoramic_radiography_yolo_dataset_14_classes\train\images\922.jpg,train/images/922.jpg,train,C:\Pywork\dental\dental\data\detection_hierarchical\images\train\umfih_922.jpg,umfih_922.jpg,train,existing,dhash,0,exclude
C:\Pywork\dental\dental\data\raw\zenodo\panoramic_radiography_yolo_dataset_14_classes\train\images\923.jpg,train/images/923.jpg,train,C:\Pywork\dental\dental\data\detection_hierarchical\images\train\umfih_923.jpg,umfih_923.jpg,train,existing,dhash,0,exclude
C:\Pywork\dental\dental\data\raw\zenodo\panoramic_radiography_yolo_dataset_14_classes\train\images\924.jpg,train/images/924.jpg,train,C:\Pywork\dental\dental\data\detection_hierarchical\images\train\umfih_924.jpg,umfih_924.jpg,train,existing,dhash,0,exclude
C:\Pywork\dental\dental\data\raw\zenodo\panoramic_radiography_yolo_dataset_14_classes\train\images\925.jpg,train/images/925.jpg,train,C:\Pywork\dental\dental\data\detection_hierarchical\images\train\umfih_925.jpg,umfih_925.jpg,train,existing,dhash,0,exclude
C:\Pywork\dental\dental\data\raw\zenodo\panoramic_radiography_yolo_dataset_14_classes\train\images\926.jpg,train/images/926.jpg,train,C:\Pywork\dental\dental\data\detection_hierarchical\images\train\umfih_99.jpg,umfih_99.jpg,train,existing,dhash,1,exclude
C:\Pywork\dental\dental\data\raw\zenodo\panoramic_radiography_yolo_dataset_14_classes\train\images\927.jpg,train/images/927.jpg,train,C:\Pywork\dental\dental\data\detection_hierarchical\images\train\umfih_927.jpg,umfih_927.jpg,train,existing,dhash,0,exclude
C:\Pywork\dental\dental\data\raw\zenodo\panoramic_radiography_yolo_dataset_14_classes\train\images\928.jpg,train/images/928.jpg,train,C:\Pywork\dental\dental\data\detection_hierarchical\images\train\umfih_928.jpg,umfih_928.jpg,train,existing,dhash,0,exclude
C:\Pywork\dental\dental\data\raw\zenodo\panoramic_radiography_yolo_dataset_14_classes\train\images\93.jpg,train/images/93.jpg,train,C:\Pywork\dental\dental\data\detection_hierarchical\images\train\umfih_93.jpg,umfih_93.jpg,train,existing,dhash,0,exclude
C:\Pywork\dental\dental\data\raw\zenodo\panoramic_radiography_yolo_dataset_14_classes\train\images\933.jpg,train/images/933.jpg,train,C:\Pywork\dental\dental\data\detection_hierarchical\images\train\umfih_933.jpg,umfih_933.jpg,train,existing,dhash,0,exclude
C:\Pywork\dental\dental\data\raw\zenodo\panoramic_radiography_yolo_dataset_14_classes\train\images\934.jpg,train/images/934.jpg,train,C:\Pywork\dental\dental\data\detection_hierarchical\images\train\umfih_934.jpg,umfih_934.jpg,train,existing,dhash,0,exclude
C:\Pywork\dental\dental\data\raw\zenodo\panoramic_radiography_yolo_dataset_14_classes\train\images\936.jpg,train/images/936.jpg,train,C:\Pywork\dental\dental\data\detection_hierarchical\images\train\umfih_936.jpg,umfih_936.jpg,train,existing,dhash,0,exclude
C:\Pywork\dental\dental\data\raw\zenodo\panoramic_radiography_yolo_dataset_14_classes\train\images\938.jpg,train/images/938.jpg,train,C:\Pywork\dental\dental\data\detection_hierarchical\images\train\umfih_938.jpg,umfih_938.jpg,train,existing,dhash,0,exclude
C:\Pywork\dental\dental\data\raw\zenodo\panoramic_radiography_yolo_dataset_14_classes\train\images\939.jpg,train/images/939.jpg,train,C:\Pywork\dental\dental\data\detection_hierarchical\images\train\umfih_939.jpg,umfih_939.jpg,train,existing,dhash,0,exclude
C:\Pywork\dental\dental\data\raw\zenodo\panoramic_radiography_yolo_dataset_14_classes\train\images\941.jpg,train/images/941.jpg,train,C:\Pywork\dental\dental\data\detection_hierarchical\images\train\umfih_941.jpg,umfih_941.jpg,train,existing,dhash,0,exclude
C:\Pywork\dental\dental\data\raw\zenodo\panoramic_radiography_yolo_dataset_14_classes\train\images\942.jpg,train/images/942.jpg,train,C:\Pywork\dental\dental\data\detection_hierarchical\images\train\umfih_942.jpg,umfih_942.jpg,train,existing,dhash,0,exclude
C:\Pywork\dental\dental\data\raw\zenodo\panoramic_radiography_yolo_dataset_14_classes\train\images\943.jpg,train/images/943.jpg,train,C:\Pywork\dental\dental\data\detection_hierarchical\images\train\umfih_943.jpg,umfih_943.jpg,train,existing,dhash,0,exclude
C:\Pywork\dental\dental\data\raw\zenodo\panoramic_radiography_yolo_dataset_14_classes\train\images\944.jpg,train/images/944.jpg,train,C:\Pywork\dental\dental\data\detection_hierarchical\images\train\umfih_944.jpg,umfih_944.jpg,train,existing,dhash,0,exclude
C:\Pywork\dental\dental\data\raw\zenodo\panoramic_radiography_yolo_dataset_14_classes\train\images\946.jpg,train/images/946.jpg,train,C:\Pywork\dental\dental\data\detection_hierarchical\images\train\umfih_946.jpg,umfih_946.jpg,train,existing,dhash,0,exclude
C:\Pywork\dental\dental\data\raw\zenodo\panoramic_radiography_yolo_dataset_14_classes\train\images\947.jpg,train/images/947.jpg,train,C:\Pywork\dental\dental\data\detection_hierarchical\images\train\umfih_947.jpg,umfih_947.jpg,train,existing,dhash,0,exclude
C:\Pywork\dental\dental\data\raw\zenodo\panoramic_radiography_yolo_dataset_14_classes\train\images\949.jpg,train/images/949.jpg,train,C:\Pywork\dental\dental\data\detection_hierarchical\images\train\umfih_949.jpg,umfih_949.jpg,train,existing,dhash,0,exclude
C:\Pywork\dental\dental\data\raw\zenodo\panoramic_radiography_yolo_dataset_14_classes\train\images\95.jpg,train/images/95.jpg,train,C:\Pywork\dental\dental\data\detection_hierarchical\images\train\umfih_95.jpg,umfih_95.jpg,train,existing,dhash,0,exclude
C:\Pywork\dental\dental\data\raw\zenodo\panoramic_radiography_yolo_dataset_14_classes\train\images\951.jpg,train/images/951.jpg,train,C:\Pywork\dental\dental\data\detection_hierarchical\images\train\umfih_951.jpg,umfih_951.jpg,train,existing,dhash,0,exclude
C:\Pywork\dental\dental\data\raw\zenodo\panoramic_radiography_yolo_dataset_14_classes\train\images\952.jpg,train/images/952.jpg,train,C:\Pywork\dental\dental\data\detection_hierarchical\images\train\umfih_293.jpg,umfih_293.jpg,train,existing,dhash,0,exclude
C:\Pywork\dental\dental\data\raw\zenodo\panoramic_radiography_yolo_dataset_14_classes\train\images\953.jpg,train/images/953.jpg,train,C:\Pywork\dental\dental\data\detection_hierarchical\images\train\umfih_953.jpg,umfih_953.jpg,train,existing,dhash,0,exclude
C:\Pywork\dental\dental\data\raw\zenodo\panoramic_radiography_yolo_dataset_14_classes\train\images\954.jpg,train/images/954.jpg,train,C:\Pywork\dental\dental\data\detection_hierarchical\images\train\umfih_954.jpg,umfih_954.jpg,train,existing,dhash,0,exclude
C:\Pywork\dental\dental\data\raw\zenodo\panoramic_radiography_yolo_dataset_14_classes\train\images\955.jpg,train/images/955.jpg,train,C:\Pywork\dental\dental\data\detection_hierarchical\images\train\umfih_955.jpg,umfih_955.jpg,train,existing,dhash,0,exclude
C:\Pywork\dental\dental\data\raw\zenodo\panoramic_radiography_yolo_dataset_14_classes\train\images\956.jpg,train/images/956.jpg,train,C:\Pywork\dental\dental\data\detection_hierarchical\images\train\umfih_956.jpg,umfih_956.jpg,train,existing,dhash,0,exclude
C:\Pywork\dental\dental\data\raw\zenodo\panoramic_radiography_yolo_dataset_14_classes\train\images\957.jpg,train/images/957.jpg,train,C:\Pywork\dental\dental\data\detection_hierarchical\images\train\umfih_957.jpg,umfih_957.jpg,train,existing,dhash,0,exclude
C:\Pywork\dental\dental\data\raw\zenodo\panoramic_radiography_yolo_dataset_14_classes\train\images\958.jpg,train/images/958.jpg,train,C:\Pywork\dental\dental\data\detection_hierarchical\images\train\umfih_958.jpg,umfih_958.jpg,train,existing,dhash,0,exclude
C:\Pywork\dental\dental\data\raw\zenodo\panoramic_radiography_yolo_dataset_14_classes\train\images\959.jpg,train/images/959.jpg,train,C:\Pywork\dental\dental\data\detection_hierarchical\images\train\umfih_959.jpg,umfih_959.jpg,train,existing,dhash,0,exclude
C:\Pywork\dental\dental\data\raw\zenodo\panoramic_radiography_yolo_dataset_14_classes\train\images\96.jpg,train/images/96.jpg,train,C:\Pywork\dental\dental\data\detection_hierarchical\images\train\umfih_96.jpg,umfih_96.jpg,train,existing,dhash,0,exclude
C:\Pywork\dental\dental\data\raw\zenodo\panoramic_radiography_yolo_dataset_14_classes\train\images\962.jpg,train/images/962.jpg,train,C:\Pywork\dental\dental\data\detection_hierarchical\images\train\umfih_962.jpg,umfih_962.jpg,train,existing,dhash,0,exclude
C:\Pywork\dental\dental\data\raw\zenodo\panoramic_radiography_yolo_dataset_14_classes\train\images\963.jpg,train/images/963.jpg,train,C:\Pywork\dental\dental\data\detection_hierarchical\images\train\umfih_963.jpg,umfih_963.jpg,train,existing,dhash,0,exclude
C:\Pywork\dental\dental\data\raw\zenodo\panoramic_radiography_yolo_dataset_14_classes\train\images\965.jpg,train/images/965.jpg,train,C:\Pywork\dental\dental\data\detection_hierarchical\images\train\umfih_965.jpg,umfih_965.jpg,train,existing,dhash,0,exclude
C:\Pywork\dental\dental\data\raw\zenodo\panoramic_radiography_yolo_dataset_14_classes\train\images\966.jpg,train/images/966.jpg,train,C:\Pywork\dental\dental\data\detection_hierarchical\images\train\umfih_966.jpg,umfih_966.jpg,train,existing,dhash,0,exclude
C:\Pywork\dental\dental\data\raw\zenodo\panoramic_radiography_yolo_dataset_14_classes\train\images\967.jpg,train/images/967.jpg,train,C:\Pywork\dental\dental\data\detection_hierarchical\images\train\umfih_967.jpg,umfih_967.jpg,train,existing,dhash,0,exclude
C:\Pywork\dental\dental\data\raw\zenodo\panoramic_radiography_yolo_dataset_14_classes\train\images\97.jpg,train/images/97.jpg,train,C:\Pywork\dental\dental\data\detection_hierarchical\images\train\umfih_97.jpg,umfih_97.jpg,train,existing,dhash,0,exclude
C:\Pywork\dental\dental\data\raw\zenodo\panoramic_radiography_yolo_dataset_14_classes\train\images\971.jpg,train/images/971.jpg,train,C:\Pywork\dental\dental\data\detection_hierarchical\images\train\umfih_971.jpg,umfih_971.jpg,train,existing,dhash,0,exclude
C:\Pywork\dental\dental\data\raw\zenodo\panoramic_radiography_yolo_dataset_14_classes\train\images\972.jpg,train/images/972.jpg,train,C:\Pywork\dental\dental\data\detection_hierarchical\images\train\umfih_972.jpg,umfih_972.jpg,train,existing,dhash,0,exclude
C:\Pywork\dental\dental\data\raw\zenodo\panoramic_radiography_yolo_dataset_14_classes\train\images\973.jpg,train/images/973.jpg,train,C:\Pywork\dental\dental\data\detection_hierarchical\images\train\umfih_973.jpg,umfih_973.jpg,train,existing,dhash,0,exclude
C:\Pywork\dental\dental\data\raw\zenodo\panoramic_radiography_yolo_dataset_14_classes\train\images\974.jpg,train/images/974.jpg,train,C:\Pywork\dental\dental\data\detection_hierarchical\images\train\umfih_974.jpg,umfih_974.jpg,train,existing,dhash,0,exclude
C:\Pywork\dental\dental\data\raw\zenodo\panoramic_radiography_yolo_dataset_14_classes\train\images\975.jpg,train/images/975.jpg,train,C:\Pywork\dental\dental\data\detection_hierarchical\images\train\umfih_975.jpg,umfih_975.jpg,train,existing,dhash,0,exclude
C:\Pywork\dental\dental\data\raw\zenodo\panoramic_radiography_yolo_dataset_14_classes\train\images\976.jpg,train/images/976.jpg,train,C:\Pywork\dental\dental\data\detection_hierarchical\images\train\umfih_976.jpg,umfih_976.jpg,train,existing,dhash,0,exclude
C:\Pywork\dental\dental\data\raw\zenodo\panoramic_radiography_yolo_dataset_14_classes\train\images\977.jpg,train/images/977.jpg,train,C:\Pywork\dental\dental\data\detection_hierarchical\images\train\umfih_977.jpg,umfih_977.jpg,train,existing,dhash,0,exclude
C:\Pywork\dental\dental\data\raw\zenodo\panoramic_radiography_yolo_dataset_14_classes\train\images\978.jpg,train/images/978.jpg,train,C:\Pywork\dental\dental\data\detection_hierarchical\images\train\umfih_978.jpg,umfih_978.jpg,train,existing,dhash,0,exclude
C:\Pywork\dental\dental\data\raw\zenodo\panoramic_radiography_yolo_dataset_14_classes\train\images\979.jpg,train/images/979.jpg,train,C:\Pywork\dental\dental\data\detection_hierarchical\images\train\umfih_979.jpg,umfih_979.jpg,train,existing,dhash,0,exclude
C:\Pywork\dental\dental\data\raw\zenodo\panoramic_radiography_yolo_dataset_14_classes\train\images\982.jpg,train/images/982.jpg,train,C:\Pywork\dental\dental\data\detection_hierarchical\images\train\umfih_982.jpg,umfih_982.jpg,train,existing,dhash,0,exclude
C:\Pywork\dental\dental\data\raw\zenodo\panoramic_radiography_yolo_dataset_14_classes\train\images\983.jpg,train/images/983.jpg,train,C:\Pywork\dental\dental\data\detection_hierarchical\images\train\umfih_298.jpg,umfih_298.jpg,train,existing,dhash,0,exclude
C:\Pywork\dental\dental\data\raw\zenodo\panoramic_radiography_yolo_dataset_14_classes\train\images\985.jpg,train/images/985.jpg,train,C:\Pywork\dental\dental\data\detection_hierarchical\images\train\umfih_985.jpg,umfih_985.jpg,train,existing,dhash,0,exclude
C:\Pywork\dental\dental\data\raw\zenodo\panoramic_radiography_yolo_dataset_14_classes\train\images\986.jpg,train/images/986.jpg,train,C:\Pywork\dental\dental\data\detection_hierarchical\images\train\umfih_986.jpg,umfih_986.jpg,train,existing,dhash,0,exclude
C:\Pywork\dental\dental\data\raw\zenodo\panoramic_radiography_yolo_dataset_14_classes\train\images\987.jpg,train/images/987.jpg,train,C:\Pywork\dental\dental\data\detection_hierarchical\images\train\umfih_987.jpg,umfih_987.jpg,train,existing,dhash,0,exclude
C:\Pywork\dental\dental\data\raw\zenodo\panoramic_radiography_yolo_dataset_14_classes\train\images\988.jpg,train/images/988.jpg,train,C:\Pywork\dental\dental\data\detection_hierarchical\images\train\umfih_988.jpg,umfih_988.jpg,train,existing,dhash,0,exclude
C:\Pywork\dental\dental\data\raw\zenodo\panoramic_radiography_yolo_dataset_14_classes\train\images\99.jpg,train/images/99.jpg,train,C:\Pywork\dental\dental\data\detection_hierarchical\images\train\umfih_99.jpg,umfih_99.jpg,train,existing,dhash,0,exclude
C:\Pywork\dental\dental\data\raw\zenodo\panoramic_radiography_yolo_dataset_14_classes\train\images\992.jpg,train/images/992.jpg,train,C:\Pywork\dental\dental\data\detection_hierarchical\images\train\umfih_992.jpg,umfih_992.jpg,train,existing,dhash,0,exclude
C:\Pywork\dental\dental\data\raw\zenodo\panoramic_radiography_yolo_dataset_14_classes\train\images\994.jpg,train/images/994.jpg,train,C:\Pywork\dental\dental\data\detection_hierarchical\images\train\umfih_994.jpg,umfih_994.jpg,train,existing,dhash,0,exclude
C:\Pywork\dental\dental\data\raw\zenodo\panoramic_radiography_yolo_dataset_14_classes\train\images\995.jpg,train/images/995.jpg,train,C:\Pywork\dental\dental\data\detection_hierarchical\images\train\cx_016794.jpg,cx_016794.jpg,train,existing,dhash,4,exclude
C:\Pywork\dental\dental\data\raw\zenodo\panoramic_radiography_yolo_dataset_14_classes\train\images\996.jpg,train/images/996.jpg,train,C:\Pywork\dental\dental\data\detection_hierarchical\images\train\umfih_996.jpg,umfih_996.jpg,train,existing,dhash,0,exclude
C:\Pywork\dental\dental\data\raw\zenodo\panoramic_radiography_yolo_dataset_14_classes\train\images\998.jpg,train/images/998.jpg,train,C:\Pywork\dental\dental\data\detection_hierarchical\images\train\umfih_998.jpg,umfih_998.jpg,train,existing,dhash,0,exclude
C:\Pywork\dental\dental\data\raw\zenodo\panoramic_radiography_yolo_dataset_14_classes\train\images\999.jpg,train/images/999.jpg,train,C:\Pywork\dental\dental\data\detection_hierarchical\images\train\umfih_1451.jpg,umfih_1451.jpg,train,existing,dhash,0,exclude
C:\Pywork\dental\dental\data\raw\zenodo\panoramic_radiography_yolo_dataset_14_classes\valid\images\10.jpg,valid/images/10.jpg,val,C:\Pywork\dental\dental\data\detection_hierarchical\images\val\umfih_10.jpg,umfih_10.jpg,val,existing,dhash,0,exclude
C:\Pywork\dental\dental\data\raw\zenodo\panoramic_radiography_yolo_dataset_14_classes\valid\images\1010.jpg,valid/images/1010.jpg,val,C:\Pywork\dental\dental\data\detection_hierarchical\images\train\umfih_1191.jpg,umfih_1191.jpg,train,existing,dhash,0,exclude
C:\Pywork\dental\dental\data\raw\zenodo\panoramic_radiography_yolo_dataset_14_classes\valid\images\1020.jpg,valid/images/1020.jpg,val,C:\Pywork\dental\dental\data\detection_hierarchical\images\train\umfih_1207.jpg,umfih_1207.jpg,train,existing,dhash,0,exclude
C:\Pywork\dental\dental\data\raw\zenodo\panoramic_radiography_yolo_dataset_14_classes\valid\images\1030.jpg,valid/images/1030.jpg,val,C:\Pywork\dental\dental\data\detection_hierarchical\images\train\umfih_1225.jpg,umfih_1225.jpg,train,existing,dhash,0,exclude
C:\Pywork\dental\dental\data\raw\zenodo\panoramic_radiography_yolo_dataset_14_classes\valid\images\1040.jpg,valid/images/1040.jpg,val,C:\Pywork\dental\dental\data\detection_hierarchical\images\train\umfih_1239.jpg,umfih_1239.jpg,train,existing,dhash,0,exclude
C:\Pywork\dental\dental\data\raw\zenodo\panoramic_radiography_yolo_dataset_14_classes\valid\images\1050.jpg,valid/images/1050.jpg,val,C:\Pywork\dental\dental\data\detection_hierarchical\images\train\umfih_1254.jpg,umfih_1254.jpg,train,existing,dhash,0,exclude
C:\Pywork\dental\dental\data\raw\zenodo\panoramic_radiography_yolo_dataset_14_classes\valid\images\1060.jpg,valid/images/1060.jpg,val,C:\Pywork\dental\dental\data\detection_hierarchical\images\train\umfih_1276.jpg,umfih_1276.jpg,train,existing,dhash,0,exclude
C:\Pywork\dental\dental\data\raw\zenodo\panoramic_radiography_yolo_dataset_14_classes\valid\images\1070.jpg,valid/images/1070.jpg,val,C:\Pywork\dental\dental\data\detection_hierarchical\images\val\umfih_1070.jpg,umfih_1070.jpg,val,existing,dhash,0,exclude
C:\Pywork\dental\dental\data\raw\zenodo\panoramic_radiography_yolo_dataset_14_classes\valid\images\1090.jpg,valid/images/1090.jpg,val,C:\Pywork\dental\dental\data\detection_hierarchical\images\train\umfih_1298.jpg,umfih_1298.jpg,train,existing,dhash,0,exclude
C:\Pywork\dental\dental\data\raw\zenodo\panoramic_radiography_yolo_dataset_14_classes\valid\images\110.jpg,valid/images/110.jpg,val,C:\Pywork\dental\dental\data\detection_hierarchical\images\val\umfih_110.jpg,umfih_110.jpg,val,existing,dhash,0,exclude
C:\Pywork\dental\dental\data\raw\zenodo\panoramic_radiography_yolo_dataset_14_classes\valid\images\1100.jpg,valid/images/1100.jpg,val,C:\Pywork\dental\dental\data\detection_hierarchical\images\val\umfih_1100.jpg,umfih_1100.jpg,val,existing,dhash,0,exclude
C:\Pywork\dental\dental\data\raw\zenodo\panoramic_radiography_yolo_dataset_14_classes\valid\images\1110.jpg,valid/images/1110.jpg,val,C:\Pywork\dental\dental\data\detection_hierarchical\images\val\umfih_1110.jpg,umfih_1110.jpg,val,existing,dhash,0,exclude
C:\Pywork\dental\dental\data\raw\zenodo\panoramic_radiography_yolo_dataset_14_classes\valid\images\1120.jpg,valid/images/1120.jpg,val,C:\Pywork\dental\dental\data\detection_hierarchical\images\val\umfih_1120.jpg,umfih_1120.jpg,val,existing,dhash,0,exclude
C:\Pywork\dental\dental\data\raw\zenodo\panoramic_radiography_yolo_dataset_14_classes\valid\images\1130.jpg,valid/images/1130.jpg,val,C:\Pywork\dental\dental\data\detection_hierarchical\images\val\umfih_1130.jpg,umfih_1130.jpg,val,existing,dhash,0,exclude
C:\Pywork\dental\dental\data\raw\zenodo\panoramic_radiography_yolo_dataset_14_classes\valid\images\1140.jpg,valid/images/1140.jpg,val,C:\Pywork\dental\dental\data\detection_hierarchical\images\val\umfih_1140.jpg,umfih_1140.jpg,val,existing,dhash,0,exclude
C:\Pywork\dental\dental\data\raw\zenodo\panoramic_radiography_yolo_dataset_14_classes\valid\images\1150.jpg,valid/images/1150.jpg,val,C:\Pywork\dental\dental\data\detection_hierarchical\images\val\umfih_1150.jpg,umfih_1150.jpg,val,existing,dhash,0,exclude
C:\Pywork\dental\dental\data\raw\zenodo\panoramic_radiography_yolo_dataset_14_classes\valid\images\1160.jpg,valid/images/1160.jpg,val,C:\Pywork\dental\dental\data\detection_hierarchical\images\val\umfih_1160.jpg,umfih_1160.jpg,val,existing,dhash,0,exclude
C:\Pywork\dental\dental\data\raw\zenodo\panoramic_radiography_yolo_dataset_14_classes\valid\images\1170.jpg,valid/images/1170.jpg,val,C:\Pywork\dental\dental\data\detection_hierarchical\images\val\umfih_1170.jpg,umfih_1170.jpg,val,existing,dhash,0,exclude
C:\Pywork\dental\dental\data\raw\zenodo\panoramic_radiography_yolo_dataset_14_classes\valid\images\1180.jpg,valid/images/1180.jpg,val,C:\Pywork\dental\dental\data\detection_hierarchical\images\val\umfih_1180.jpg,umfih_1180.jpg,val,existing,dhash,0,exclude
C:\Pywork\dental\dental\data\raw\zenodo\panoramic_radiography_yolo_dataset_14_classes\valid\images\1190.jpg,valid/images/1190.jpg,val,C:\Pywork\dental\dental\data\detection_hierarchical\images\train\umfih_1009.jpg,umfih_1009.jpg,train,existing,dhash,0,exclude
C:\Pywork\dental\dental\data\raw\zenodo\panoramic_radiography_yolo_dataset_14_classes\valid\images\120.jpg,valid/images/120.jpg,val,C:\Pywork\dental\dental\data\detection_hierarchical\images\val\umfih_120.jpg,umfih_120.jpg,val,existing,dhash,0,exclude
C:\Pywork\dental\dental\data\raw\zenodo\panoramic_radiography_yolo_dataset_14_classes\valid\images\1210.jpg,valid/images/1210.jpg,val,C:\Pywork\dental\dental\data\detection_hierarchical\images\train\umfih_1209.jpg,umfih_1209.jpg,train,existing,dhash,0,exclude
C:\Pywork\dental\dental\data\raw\zenodo\panoramic_radiography_yolo_dataset_14_classes\valid\images\1220.jpg,valid/images/1220.jpg,val,C:\Pywork\dental\dental\data\detection_hierarchical\images\val\umfih_1220.jpg,umfih_1220.jpg,val,existing,dhash,0,exclude
C:\Pywork\dental\dental\data\raw\zenodo\panoramic_radiography_yolo_dataset_14_classes\valid\images\1230.jpg,valid/images/1230.jpg,val,C:\Pywork\dental\dental\data\detection_hierarchical\images\val\umfih_1230.jpg,umfih_1230.jpg,val,existing,dhash,0,exclude
C:\Pywork\dental\dental\data\raw\zenodo\panoramic_radiography_yolo_dataset_14_classes\valid\images\1240.jpg,valid/images/1240.jpg,val,C:\Pywork\dental\dental\data\detection_hierarchical\images\train\umfih_1041.jpg,umfih_1041.jpg,train,existing,dhash,0,exclude
C:\Pywork\dental\dental\data\raw\zenodo\panoramic_radiography_yolo_dataset_14_classes\valid\images\1250.jpg,valid/images/1250.jpg,val,C:\Pywork\dental\dental\data\detection_hierarchical\images\val\umfih_1250.jpg,umfih_1250.jpg,val,existing,dhash,0,exclude
C:\Pywork\dental\dental\data\raw\zenodo\panoramic_radiography_yolo_dataset_14_classes\valid\images\1260.jpg,valid/images/1260.jpg,val,C:\Pywork\dental\dental\data\detection_hierarchical\images\val\umfih_1260.jpg,umfih_1260.jpg,val,existing,dhash,0,exclude
C:\Pywork\dental\dental\data\raw\zenodo\panoramic_radiography_yolo_dataset_14_classes\valid\images\1270.jpg,valid/images/1270.jpg,val,C:\Pywork\dental\dental\data\detection_hierarchical\images\val\umfih_1270.jpg,umfih_1270.jpg,val,existing,dhash,0,exclude
C:\Pywork\dental\dental\data\raw\zenodo\panoramic_radiography_yolo_dataset_14_classes\valid\images\1280.jpg,valid/images/1280.jpg,val,C:\Pywork\dental\dental\data\detection_hierarchical\images\train\umfih_1281.jpg,umfih_1281.jpg,train,existing,dhash,0,exclude
C:\Pywork\dental\dental\data\raw\zenodo\panoramic_radiography_yolo_dataset_14_classes\valid\images\1290.jpg,valid/images/1290.jpg,val,C:\Pywork\dental\dental\data\detection_hierarchical\images\val\umfih_1290.jpg,umfih_1290.jpg,val,existing,dhash,0,exclude
C:\Pywork\dental\dental\data\raw\zenodo\panoramic_radiography_yolo_dataset_14_classes\valid\images\130.jpg,valid/images/130.jpg,val,C:\Pywork\dental\dental\data\detection_hierarchical\images\val\umfih_130.jpg,umfih_130.jpg,val,existing,dhash,0,exclude
C:\Pywork\dental\dental\data\raw\zenodo\panoramic_radiography_yolo_dataset_14_classes\valid\images\1300.jpg,valid/images/1300.jpg,val,C:\Pywork\dental\dental\data\detection_hierarchical\images\train\umfih_1092.jpg,umfih_1092.jpg,train,existing,dhash,0,exclude
C:\Pywork\dental\dental\data\raw\zenodo\panoramic_radiography_yolo_dataset_14_classes\valid\images\1320.jpg,valid/images/1320.jpg,val,C:\Pywork\dental\dental\data\detection_hierarchical\images\val\umfih_1320.jpg,umfih_1320.jpg,val,existing,dhash,0,exclude
C:\Pywork\dental\dental\data\raw\zenodo\panoramic_radiography_yolo_dataset_14_classes\valid\images\1340.jpg,valid/images/1340.jpg,val,C:\Pywork\dental\dental\data\detection_hierarchical\images\val\umfih_1340.jpg,umfih_1340.jpg,val,existing,dhash,0,exclude
C:\Pywork\dental\dental\data\raw\zenodo\panoramic_radiography_yolo_dataset_14_classes\valid\images\1350.jpg,valid/images/1350.jpg,val,C:\Pywork\dental\dental\data\detection_hierarchical\images\val\umfih_1350.jpg,umfih_1350.jpg,val,existing,dhash,0,exclude
C:\Pywork\dental\dental\data\raw\zenodo\panoramic_radiography_yolo_dataset_14_classes\valid\images\1370.jpg,valid/images/1370.jpg,val,C:\Pywork\dental\dental\data\detection_hierarchical\images\val\umfih_1370.jpg,umfih_1370.jpg,val,existing,dhash,0,exclude
C:\Pywork\dental\dental\data\raw\zenodo\panoramic_radiography_yolo_dataset_14_classes\valid\images\140.jpg,valid/images/140.jpg,val,C:\Pywork\dental\dental\data\detection_hierarchical\images\val\umfih_140.jpg,umfih_140.jpg,val,existing,dhash,0,exclude
C:\Pywork\dental\dental\data\raw\zenodo\panoramic_radiography_yolo_dataset_14_classes\valid\images\1410.jpg,valid/images/1410.jpg,val,C:\Pywork\dental\dental\data\detection_hierarchical\images\val\umfih_1410.jpg,umfih_1410.jpg,val,existing,dhash,0,exclude
C:\Pywork\dental\dental\data\raw\zenodo\panoramic_radiography_yolo_dataset_14_classes\valid\images\1420.jpg,valid/images/1420.jpg,val,C:\Pywork\dental\dental\data\detection_hierarchical\images\val\umfih_1420.jpg,umfih_1420.jpg,val,existing,dhash,0,exclude
C:\Pywork\dental\dental\data\raw\zenodo\panoramic_radiography_yolo_dataset_14_classes\valid\images\1430.jpg,valid/images/1430.jpg,val,C:\Pywork\dental\dental\data\detection_hierarchical\images\val\umfih_1430.jpg,umfih_1430.jpg,val,existing,dhash,0,exclude
C:\Pywork\dental\dental\data\raw\zenodo\panoramic_radiography_yolo_dataset_14_classes\valid\images\1440.jpg,valid/images/1440.jpg,val,C:\Pywork\dental\dental\data\detection_hierarchical\images\val\umfih_1440.jpg,umfih_1440.jpg,val,existing,dhash,0,exclude
C:\Pywork\dental\dental\data\raw\zenodo\panoramic_radiography_yolo_dataset_14_classes\valid\images\1450.jpg,valid/images/1450.jpg,val,C:\Pywork\dental\dental\data\detection_hierarchical\images\val\umfih_1450.jpg,umfih_1450.jpg,val,existing,dhash,0,exclude
C:\Pywork\dental\dental\data\raw\zenodo\panoramic_radiography_yolo_dataset_14_classes\valid\images\1460.jpg,valid/images/1460.jpg,val,C:\Pywork\dental\dental\data\detection_hierarchical\images\val\umfih_1460.jpg,umfih_1460.jpg,val,existing,dhash,0,exclude
C:\Pywork\dental\dental\data\raw\zenodo\panoramic_radiography_yolo_dataset_14_classes\valid\images\1470.jpg,valid/images/1470.jpg,val,C:\Pywork\dental\dental\data\detection_hierarchical\images\val\umfih_1470.jpg,umfih_1470.jpg,val,existing,dhash,0,exclude
C:\Pywork\dental\dental\data\raw\zenodo\panoramic_radiography_yolo_dataset_14_classes\valid\images\1480.jpg,valid/images/1480.jpg,val,C:\Pywork\dental\dental\data\detection_hierarchical\images\val\umfih_1480.jpg,umfih_1480.jpg,val,existing,dhash,0,exclude
C:\Pywork\dental\dental\data\raw\zenodo\panoramic_radiography_yolo_dataset_14_classes\valid\images\1490.jpg,valid/images/1490.jpg,val,C:\Pywork\dental\dental\data\detection_hierarchical\images\val\umfih_1490.jpg,umfih_1490.jpg,val,existing,dhash,0,exclude
C:\Pywork\dental\dental\data\raw\zenodo\panoramic_radiography_yolo_dataset_14_classes\valid\images\150.jpg,valid/images/150.jpg,val,C:\Pywork\dental\dental\data\detection_hierarchical\images\val\umfih_150.jpg,umfih_150.jpg,val,existing,dhash,0,exclude
C:\Pywork\dental\dental\data\raw\zenodo\panoramic_radiography_yolo_dataset_14_classes\valid\images\1500.jpg,valid/images/1500.jpg,val,C:\Pywork\dental\dental\data\detection_hierarchical\images\val\umfih_1500.jpg,umfih_1500.jpg,val,existing,dhash,0,exclude
C:\Pywork\dental\dental\data\raw\zenodo\panoramic_radiography_yolo_dataset_14_classes\valid\images\1510.jpg,valid/images/1510.jpg,val,C:\Pywork\dental\dental\data\detection_hierarchical\images\val\umfih_1510.jpg,umfih_1510.jpg,val,existing,dhash,0,exclude
C:\Pywork\dental\dental\data\raw\zenodo\panoramic_radiography_yolo_dataset_14_classes\valid\images\1520.jpg,valid/images/1520.jpg,val,C:\Pywork\dental\dental\data\detection_hierarchical\images\val\umfih_1520.jpg,umfih_1520.jpg,val,existing,dhash,0,exclude
C:\Pywork\dental\dental\data\raw\zenodo\panoramic_radiography_yolo_dataset_14_classes\valid\images\1530.jpg,valid/images/1530.jpg,val,C:\Pywork\dental\dental\data\detection_hierarchical\images\val\umfih_1530.jpg,umfih_1530.jpg,val,existing,dhash,0,exclude
C:\Pywork\dental\dental\data\raw\zenodo\panoramic_radiography_yolo_dataset_14_classes\valid\images\1540.jpg,valid/images/1540.jpg,val,C:\Pywork\dental\dental\data\detection_hierarchical\images\val\umfih_1540.jpg,umfih_1540.jpg,val,existing,dhash,0,exclude
C:\Pywork\dental\dental\data\raw\zenodo\panoramic_radiography_yolo_dataset_14_classes\valid\images\1550.jpg,valid/images/1550.jpg,val,C:\Pywork\dental\dental\data\detection_hierarchical\images\val\umfih_1550.jpg,umfih_1550.jpg,val,existing,dhash,0,exclude
C:\Pywork\dental\dental\data\raw\zenodo\panoramic_radiography_yolo_dataset_14_classes\valid\images\160.jpg,valid/images/160.jpg,val,C:\Pywork\dental\dental\data\detection_hierarchical\images\val\umfih_160.jpg,umfih_160.jpg,val,existing,dhash,0,exclude
C:\Pywork\dental\dental\data\raw\zenodo\panoramic_radiography_yolo_dataset_14_classes\valid\images\170.jpg,valid/images/170.jpg,val,C:\Pywork\dental\dental\data\detection_hierarchical\images\val\umfih_170.jpg,umfih_170.jpg,val,existing,dhash,0,exclude
C:\Pywork\dental\dental\data\raw\zenodo\panoramic_radiography_yolo_dataset_14_classes\valid\images\190.jpg,valid/images/190.jpg,val,C:\Pywork\dental\dental\data\detection_hierarchical\images\val\umfih_190.jpg,umfih_190.jpg,val,existing,dhash,0,exclude
C:\Pywork\dental\dental\data\raw\zenodo\panoramic_radiography_yolo_dataset_14_classes\valid\images\20.jpg,valid/images/20.jpg,val,C:\Pywork\dental\dental\data\detection_hierarchical\images\val\umfih_20.jpg,umfih_20.jpg,val,existing,dhash,0,exclude
C:\Pywork\dental\dental\data\raw\zenodo\panoramic_radiography_yolo_dataset_14_classes\valid\images\200.jpg,valid/images/200.jpg,val,C:\Pywork\dental\dental\data\detection_hierarchical\images\val\umfih_200.jpg,umfih_200.jpg,val,existing,dhash,0,exclude
C:\Pywork\dental\dental\data\raw\zenodo\panoramic_radiography_yolo_dataset_14_classes\valid\images\210.jpg,valid/images/210.jpg,val,C:\Pywork\dental\dental\data\detection_hierarchical\images\train\umfih_409.jpg,umfih_409.jpg,train,existing,dhash,0,exclude
C:\Pywork\dental\dental\data\raw\zenodo\panoramic_radiography_yolo_dataset_14_classes\valid\images\220.jpg,valid/images/220.jpg,val,C:\Pywork\dental\dental\data\detection_hierarchical\images\train\umfih_519.jpg,umfih_519.jpg,train,existing,dhash,0,exclude
C:\Pywork\dental\dental\data\raw\zenodo\panoramic_radiography_yolo_dataset_14_classes\valid\images\230.jpg,valid/images/230.jpg,val,C:\Pywork\dental\dental\data\detection_hierarchical\images\val\umfih_230.jpg,umfih_230.jpg,val,existing,dhash,0,exclude
C:\Pywork\dental\dental\data\raw\zenodo\panoramic_radiography_yolo_dataset_14_classes\valid\images\240.jpg,valid/images/240.jpg,val,C:\Pywork\dental\dental\data\detection_hierarchical\images\val\umfih_240.jpg,umfih_240.jpg,val,existing,dhash,0,exclude
C:\Pywork\dental\dental\data\raw\zenodo\panoramic_radiography_yolo_dataset_14_classes\valid\images\250.jpg,valid/images/250.jpg,val,C:\Pywork\dental\dental\data\detection_hierarchical\images\train\umfih_746.jpg,umfih_746.jpg,train,existing,dhash,0,exclude
C:\Pywork\dental\dental\data\raw\zenodo\panoramic_radiography_yolo_dataset_14_classes\valid\images\260.jpg,valid/images/260.jpg,val,C:\Pywork\dental\dental\data\detection_hierarchical\images\val\umfih_260.jpg,umfih_260.jpg,val,existing,dhash,0,exclude
C:\Pywork\dental\dental\data\raw\zenodo\panoramic_radiography_yolo_dataset_14_classes\valid\images\270.jpg,valid/images/270.jpg,val,C:\Pywork\dental\dental\data\detection_hierarchical\images\val\umfih_270.jpg,umfih_270.jpg,val,existing,dhash,0,exclude
C:\Pywork\dental\dental\data\raw\zenodo\panoramic_radiography_yolo_dataset_14_classes\valid\images\290.jpg,valid/images/290.jpg,val,C:\Pywork\dental\dental\data\detection_hierarchical\images\val\umfih_290.jpg,umfih_290.jpg,val,existing,dhash,0,exclude
C:\Pywork\dental\dental\data\raw\zenodo\panoramic_radiography_yolo_dataset_14_classes\valid\images\30.jpg,valid/images/30.jpg,val,C:\Pywork\dental\dental\data\detection_hierarchical\images\val\umfih_30.jpg,umfih_30.jpg,val,existing,dhash,0,exclude
C:\Pywork\dental\dental\data\raw\zenodo\panoramic_radiography_yolo_dataset_14_classes\valid\images\300.jpg,valid/images/300.jpg,val,C:\Pywork\dental\dental\data\detection_hierarchical\images\val\umfih_300.jpg,umfih_300.jpg,val,existing,dhash,0,exclude
C:\Pywork\dental\dental\data\raw\zenodo\panoramic_radiography_yolo_dataset_14_classes\valid\images\310.jpg,valid/images/310.jpg,val,C:\Pywork\dental\dental\data\detection_hierarchical\images\train\umfih_507.jpg,umfih_507.jpg,train,existing,dhash,0,exclude
C:\Pywork\dental\dental\data\raw\zenodo\panoramic_radiography_yolo_dataset_14_classes\valid\images\320.jpg,valid/images/320.jpg,val,C:\Pywork\dental\dental\data\detection_hierarchical\images\train\umfih_521.jpg,umfih_521.jpg,train,existing,dhash,0,exclude
C:\Pywork\dental\dental\data\raw\zenodo\panoramic_radiography_yolo_dataset_14_classes\valid\images\330.jpg,valid/images/330.jpg,val,C:\Pywork\dental\dental\data\detection_hierarchical\images\train\umfih_538.jpg,umfih_538.jpg,train,existing,dhash,0,exclude
C:\Pywork\dental\dental\data\raw\zenodo\panoramic_radiography_yolo_dataset_14_classes\valid\images\340.jpg,valid/images/340.jpg,val,C:\Pywork\dental\dental\data\detection_hierarchical\images\train\umfih_558.jpg,umfih_558.jpg,train,existing,dhash,0,exclude
C:\Pywork\dental\dental\data\raw\zenodo\panoramic_radiography_yolo_dataset_14_classes\valid\images\370.jpg,valid/images/370.jpg,val,C:\Pywork\dental\dental\data\detection_hierarchical\images\train\umfih_428.jpg,umfih_428.jpg,train,existing,dhash,0,exclude
C:\Pywork\dental\dental\data\raw\zenodo\panoramic_radiography_yolo_dataset_14_classes\valid\images\380.jpg,valid/images/380.jpg,val,C:\Pywork\dental\dental\data\detection_hierarchical\images\val\umfih_380.jpg,umfih_380.jpg,val,existing,dhash,0,exclude
C:\Pywork\dental\dental\data\raw\zenodo\panoramic_radiography_yolo_dataset_14_classes\valid\images\390.jpg,valid/images/390.jpg,val,C:\Pywork\dental\dental\data\detection_hierarchical\images\train\umfih_497.jpg,umfih_497.jpg,train,existing,dhash,0,exclude
C:\Pywork\dental\dental\data\raw\zenodo\panoramic_radiography_yolo_dataset_14_classes\valid\images\40.jpg,valid/images/40.jpg,val,C:\Pywork\dental\dental\data\detection_hierarchical\images\train\umfih_528.jpg,umfih_528.jpg,train,existing,dhash,0,exclude
C:\Pywork\dental\dental\data\raw\zenodo\panoramic_radiography_yolo_dataset_14_classes\valid\images\410.jpg,valid/images/410.jpg,val,C:\Pywork\dental\dental\data\detection_hierarchical\images\train\umfih_306.jpg,umfih_306.jpg,train,existing,dhash,0,exclude
C:\Pywork\dental\dental\data\raw\zenodo\panoramic_radiography_yolo_dataset_14_classes\valid\images\430.jpg,valid/images/430.jpg,val,C:\Pywork\dental\dental\data\detection_hierarchical\images\val\umfih_430.jpg,umfih_430.jpg,val,existing,dhash,0,exclude
C:\Pywork\dental\dental\data\raw\zenodo\panoramic_radiography_yolo_dataset_14_classes\valid\images\440.jpg,valid/images/440.jpg,val,C:\Pywork\dental\dental\data\detection_hierarchical\images\val\umfih_440.jpg,umfih_440.jpg,val,existing,dhash,0,exclude
C:\Pywork\dental\dental\data\raw\zenodo\panoramic_radiography_yolo_dataset_14_classes\valid\images\450.jpg,valid/images/450.jpg,val,C:\Pywork\dental\dental\data\detection_hierarchical\images\train\umfih_272.jpg,umfih_272.jpg,train,existing,dhash,0,exclude
C:\Pywork\dental\dental\data\raw\zenodo\panoramic_radiography_yolo_dataset_14_classes\valid\images\460.jpg,valid/images/460.jpg,val,C:\Pywork\dental\dental\data\detection_hierarchical\images\val\umfih_460.jpg,umfih_460.jpg,val,existing,dhash,0,exclude
C:\Pywork\dental\dental\data\raw\zenodo\panoramic_radiography_yolo_dataset_14_classes\valid\images\480.jpg,valid/images/480.jpg,val,C:\Pywork\dental\dental\data\detection_hierarchical\images\train\umfih_384.jpg,umfih_384.jpg,train,existing,dhash,0,exclude
C:\Pywork\dental\dental\data\raw\zenodo\panoramic_radiography_yolo_dataset_14_classes\valid\images\490.jpg,valid/images/490.jpg,val,C:\Pywork\dental\dental\data\detection_hierarchical\images\val\umfih_490.jpg,umfih_490.jpg,val,existing,dhash,0,exclude
C:\Pywork\dental\dental\data\raw\zenodo\panoramic_radiography_yolo_dataset_14_classes\valid\images\50.jpg,valid/images/50.jpg,val,C:\Pywork\dental\dental\data\detection_hierarchical\images\val\umfih_50.jpg,umfih_50.jpg,val,existing,dhash,0,exclude
C:\Pywork\dental\dental\data\raw\zenodo\panoramic_radiography_yolo_dataset_14_classes\valid\images\500.jpg,valid/images/500.jpg,val,C:\Pywork\dental\dental\data\detection_hierarchical\images\val\umfih_500.jpg,umfih_500.jpg,val,existing,dhash,0,exclude
C:\Pywork\dental\dental\data\raw\zenodo\panoramic_radiography_yolo_dataset_14_classes\valid\images\510.jpg,valid/images/510.jpg,val,C:\Pywork\dental\dental\data\detection_hierarchical\images\val\umfih_510.jpg,umfih_510.jpg,val,existing,dhash,0,exclude
C:\Pywork\dental\dental\data\raw\zenodo\panoramic_radiography_yolo_dataset_14_classes\valid\images\520.jpg,valid/images/520.jpg,val,C:\Pywork\dental\dental\data\detection_hierarchical\images\train\umfih_319.jpg,umfih_319.jpg,train,existing,dhash,0,exclude
C:\Pywork\dental\dental\data\raw\zenodo\panoramic_radiography_yolo_dataset_14_classes\valid\images\530.jpg,valid/images/530.jpg,val,C:\Pywork\dental\dental\data\detection_hierarchical\images\val\umfih_530.jpg,umfih_530.jpg,val,existing,dhash,0,exclude
C:\Pywork\dental\dental\data\raw\zenodo\panoramic_radiography_yolo_dataset_14_classes\valid\images\540.jpg,valid/images/540.jpg,val,C:\Pywork\dental\dental\data\detection_hierarchical\images\val\umfih_540.jpg,umfih_540.jpg,val,existing,dhash,0,exclude
C:\Pywork\dental\dental\data\raw\zenodo\panoramic_radiography_yolo_dataset_14_classes\valid\images\550.jpg,valid/images/550.jpg,val,C:\Pywork\dental\dental\data\detection_hierarchical\images\val\umfih_240.jpg,umfih_240.jpg,val,existing,dhash,0,exclude
C:\Pywork\dental\dental\data\raw\zenodo\panoramic_radiography_yolo_dataset_14_classes\valid\images\560.jpg,valid/images/560.jpg,val,C:\Pywork\dental\dental\data\detection_hierarchical\images\val\umfih_560.jpg,umfih_560.jpg,val,existing,dhash,0,exclude
C:\Pywork\dental\dental\data\raw\zenodo\panoramic_radiography_yolo_dataset_14_classes\valid\images\570.jpg,valid/images/570.jpg,val,C:\Pywork\dental\dental\data\detection_hierarchical\images\train\umfih_345.jpg,umfih_345.jpg,train,existing,dhash,0,exclude
C:\Pywork\dental\dental\data\raw\zenodo\panoramic_radiography_yolo_dataset_14_classes\valid\images\580.jpg,valid/images/580.jpg,val,C:\Pywork\dental\dental\data\detection_hierarchical\images\train\umfih_352.jpg,umfih_352.jpg,train,existing,dhash,0,exclude
C:\Pywork\dental\dental\data\raw\zenodo\panoramic_radiography_yolo_dataset_14_classes\valid\images\60.jpg,valid/images/60.jpg,val,C:\Pywork\dental\dental\data\detection_hierarchical\images\val\umfih_60.jpg,umfih_60.jpg,val,existing,dhash,0,exclude
C:\Pywork\dental\dental\data\raw\zenodo\panoramic_radiography_yolo_dataset_14_classes\valid\images\600.jpg,valid/images/600.jpg,val,C:\Pywork\dental\dental\data\detection_hierarchical\images\val\umfih_600.jpg,umfih_600.jpg,val,existing,dhash,0,exclude
C:\Pywork\dental\dental\data\raw\zenodo\panoramic_radiography_yolo_dataset_14_classes\valid\images\610.jpg,valid/images/610.jpg,val,C:\Pywork\dental\dental\data\detection_hierarchical\images\val\umfih_610.jpg,umfih_610.jpg,val,existing,dhash,0,exclude
C:\Pywork\dental\dental\data\raw\zenodo\panoramic_radiography_yolo_dataset_14_classes\valid\images\630.jpg,valid/images/630.jpg,val,C:\Pywork\dental\dental\data\detection_hierarchical\images\train\umfih_1029.jpg,umfih_1029.jpg,train,existing,dhash,0,exclude
C:\Pywork\dental\dental\data\raw\zenodo\panoramic_radiography_yolo_dataset_14_classes\valid\images\660.jpg,valid/images/660.jpg,val,C:\Pywork\dental\dental\data\detection_hierarchical\images\val\umfih_660.jpg,umfih_660.jpg,val,existing,dhash,0,exclude
C:\Pywork\dental\dental\data\raw\zenodo\panoramic_radiography_yolo_dataset_14_classes\valid\images\680.jpg,valid/images/680.jpg,val,C:\Pywork\dental\dental\data\detection_hierarchical\images\val\umfih_680.jpg,umfih_680.jpg,val,existing,dhash,0,exclude
C:\Pywork\dental\dental\data\raw\zenodo\panoramic_radiography_yolo_dataset_14_classes\valid\images\70.jpg,valid/images/70.jpg,val,C:\Pywork\dental\dental\data\detection_hierarchical\images\val\umfih_70.jpg,umfih_70.jpg,val,existing,dhash,0,exclude
C:\Pywork\dental\dental\data\raw\zenodo\panoramic_radiography_yolo_dataset_14_classes\valid\images\710.jpg,valid/images/710.jpg,val,C:\Pywork\dental\dental\data\detection_hierarchical\images\train\umfih_212.jpg,umfih_212.jpg,train,existing,dhash,0,exclude
C:\Pywork\dental\dental\data\raw\zenodo\panoramic_radiography_yolo_dataset_14_classes\valid\images\730.jpg,valid/images/730.jpg,val,C:\Pywork\dental\dental\data\detection_hierarchical\images\val\umfih_730.jpg,umfih_730.jpg,val,existing,dhash,0,exclude
C:\Pywork\dental\dental\data\raw\zenodo\panoramic_radiography_yolo_dataset_14_classes\valid\images\740.jpg,valid/images/740.jpg,val,C:\Pywork\dental\dental\data\detection_hierarchical\images\val\umfih_740.jpg,umfih_740.jpg,val,existing,dhash,0,exclude
C:\Pywork\dental\dental\data\raw\zenodo\panoramic_radiography_yolo_dataset_14_classes\valid\images\750.jpg,valid/images/750.jpg,val,C:\Pywork\dental\dental\data\detection_hierarchical\images\val\umfih_750.jpg,umfih_750.jpg,val,existing,dhash,0,exclude
C:\Pywork\dental\dental\data\raw\zenodo\panoramic_radiography_yolo_dataset_14_classes\valid\images\760.jpg,valid/images/760.jpg,val,C:\Pywork\dental\dental\data\detection_hierarchical\images\val\umfih_760.jpg,umfih_760.jpg,val,existing,dhash,0,exclude
C:\Pywork\dental\dental\data\raw\zenodo\panoramic_radiography_yolo_dataset_14_classes\valid\images\770.jpg,valid/images/770.jpg,val,C:\Pywork\dental\dental\data\detection_hierarchical\images\val\umfih_770.jpg,umfih_770.jpg,val,existing,dhash,0,exclude
C:\Pywork\dental\dental\data\raw\zenodo\panoramic_radiography_yolo_dataset_14_classes\valid\images\780.jpg,valid/images/780.jpg,val,C:\Pywork\dental\dental\data\detection_hierarchical\images\val\umfih_780.jpg,umfih_780.jpg,val,existing,dhash,0,exclude
C:\Pywork\dental\dental\data\raw\zenodo\panoramic_radiography_yolo_dataset_14_classes\valid\images\790.jpg,valid/images/790.jpg,val,C:\Pywork\dental\dental\data\detection_hierarchical\images\val\umfih_790.jpg,umfih_790.jpg,val,existing,dhash,0,exclude
C:\Pywork\dental\dental\data\raw\zenodo\panoramic_radiography_yolo_dataset_14_classes\valid\images\80.jpg,valid/images/80.jpg,val,C:\Pywork\dental\dental\data\detection_hierarchical\images\val\umfih_80.jpg,umfih_80.jpg,val,existing,dhash,0,exclude
C:\Pywork\dental\dental\data\raw\zenodo\panoramic_radiography_yolo_dataset_14_classes\valid\images\800.jpg,valid/images/800.jpg,val,C:\Pywork\dental\dental\data\detection_hierarchical\images\val\umfih_800.jpg,umfih_800.jpg,val,existing,dhash,0,exclude
C:\Pywork\dental\dental\data\raw\zenodo\panoramic_radiography_yolo_dataset_14_classes\valid\images\810.jpg,valid/images/810.jpg,val,C:\Pywork\dental\dental\data\detection_hierarchical\images\val\umfih_810.jpg,umfih_810.jpg,val,existing,dhash,0,exclude
C:\Pywork\dental\dental\data\raw\zenodo\panoramic_radiography_yolo_dataset_14_classes\valid\images\820.jpg,valid/images/820.jpg,val,C:\Pywork\dental\dental\data\detection_hierarchical\images\val\umfih_820.jpg,umfih_820.jpg,val,existing,dhash,0,exclude
C:\Pywork\dental\dental\data\raw\zenodo\panoramic_radiography_yolo_dataset_14_classes\valid\images\830.jpg,valid/images/830.jpg,val,C:\Pywork\dental\dental\data\detection_hierarchical\images\val\umfih_830.jpg,umfih_830.jpg,val,existing,dhash,0,exclude
C:\Pywork\dental\dental\data\raw\zenodo\panoramic_radiography_yolo_dataset_14_classes\valid\images\840.jpg,valid/images/840.jpg,val,C:\Pywork\dental\dental\data\detection_hierarchical\images\val\umfih_840.jpg,umfih_840.jpg,val,existing,dhash,0,exclude
C:\Pywork\dental\dental\data\raw\zenodo\panoramic_radiography_yolo_dataset_14_classes\valid\images\860.jpg,valid/images/860.jpg,val,C:\Pywork\dental\dental\data\detection_hierarchical\images\val\umfih_860.jpg,umfih_860.jpg,val,existing,dhash,0,exclude
C:\Pywork\dental\dental\data\raw\zenodo\panoramic_radiography_yolo_dataset_14_classes\valid\images\870.jpg,valid/images/870.jpg,val,C:\Pywork\dental\dental\data\detection_hierarchical\images\val\umfih_870.jpg,umfih_870.jpg,val,existing,dhash,0,exclude
C:\Pywork\dental\dental\data\raw\zenodo\panoramic_radiography_yolo_dataset_14_classes\valid\images\880.jpg,valid/images/880.jpg,val,C:\Pywork\dental\dental\data\detection_hierarchical\images\val\umfih_880.jpg,umfih_880.jpg,val,existing,dhash,0,exclude
C:\Pywork\dental\dental\data\raw\zenodo\panoramic_radiography_yolo_dataset_14_classes\valid\images\890.jpg,valid/images/890.jpg,val,C:\Pywork\dental\dental\data\detection_hierarchical\images\val\umfih_890.jpg,umfih_890.jpg,val,existing,dhash,0,exclude
C:\Pywork\dental\dental\data\raw\zenodo\panoramic_radiography_yolo_dataset_14_classes\valid\images\90.jpg,valid/images/90.jpg,val,C:\Pywork\dental\dental\data\detection_hierarchical\images\val\umfih_90.jpg,umfih_90.jpg,val,existing,dhash,0,exclude
C:\Pywork\dental\dental\data\raw\zenodo\panoramic_radiography_yolo_dataset_14_classes\valid\images\900.jpg,valid/images/900.jpg,val,C:\Pywork\dental\dental\data\detection_hierarchical\images\val\umfih_900.jpg,umfih_900.jpg,val,existing,dhash,0,exclude
C:\Pywork\dental\dental\data\raw\zenodo\panoramic_radiography_yolo_dataset_14_classes\valid\images\910.jpg,valid/images/910.jpg,val,C:\Pywork\dental\dental\data\detection_hierarchical\images\val\umfih_910.jpg,umfih_910.jpg,val,existing,dhash,0,exclude
C:\Pywork\dental\dental\data\raw\zenodo\panoramic_radiography_yolo_dataset_14_classes\valid\images\920.jpg,valid/images/920.jpg,val,C:\Pywork\dental\dental\data\detection_hierarchical\images\val\umfih_920.jpg,umfih_920.jpg,val,existing,dhash,0,exclude
C:\Pywork\dental\dental\data\raw\zenodo\panoramic_radiography_yolo_dataset_14_classes\valid\images\940.jpg,valid/images/940.jpg,val,C:\Pywork\dental\dental\data\detection_hierarchical\images\val\umfih_940.jpg,umfih_940.jpg,val,existing,dhash,0,exclude
C:\Pywork\dental\dental\data\raw\zenodo\panoramic_radiography_yolo_dataset_14_classes\valid\images\950.jpg,valid/images/950.jpg,val,C:\Pywork\dental\dental\data\detection_hierarchical\images\val\umfih_950.jpg,umfih_950.jpg,val,existing,dhash,0,exclude
C:\Pywork\dental\dental\data\raw\zenodo\panoramic_radiography_yolo_dataset_14_classes\valid\images\970.jpg,valid/images/970.jpg,val,C:\Pywork\dental\dental\data\detection_hierarchical\images\val\umfih_970.jpg,umfih_970.jpg,val,existing,dhash,0,exclude
C:\Pywork\dental\dental\data\raw\zenodo\panoramic_radiography_yolo_dataset_14_classes\test\images\v14.jpg,test/images/v14.jpg,test,C:\Pywork\dental\dental\data\raw\zenodo\panoramic_radiography_yolo_dataset_14_classes\test\images\v13.jpg,test/images/v13.jpg,test,roboflow,dhash,0,exclude
C:\Pywork\dental\dental\data\raw\zenodo\panoramic_radiography_yolo_dataset_14_classes\test\images\v33.jpg,test/images/v33.jpg,test,C:\Pywork\dental\dental\data\raw\zenodo\panoramic_radiography_yolo_dataset_14_classes\test\images\v32.jpg,test/images/v32.jpg,test,roboflow,dhash,0,exclude
C:\Pywork\dental\dental\data\raw\zenodo\panoramic_radiography_yolo_dataset_14_classes\test\images\v60.png,test/images/v60.png,test,C:\Pywork\dental\dental\data\raw\zenodo\panoramic_radiography_yolo_dataset_14_classes\test\images\v53.jpg,test/images/v53.jpg,test,roboflow,dhash,3,exclude
C:\Pywork\dental\dental\data\raw\zenodo\panoramic_radiography_yolo_dataset_14_classes\test_alte_cabinete\Ext-validation\images\19.jpg,test_alte_cabinete/Ext-validation/images/19.jpg,roboflow,C:\Pywork\dental\dental\data\raw\zenodo\panoramic_radiography_yolo_dataset_14_classes\test_alte_cabinete\Ext-validation\images\159.jpg,test_alte_cabinete/Ext-validation/images/159.jpg,roboflow,roboflow,dhash,0,exclude
C:\Pywork\dental\dental\data\raw\zenodo\panoramic_radiography_yolo_dataset_14_classes\test_alte_cabinete\Ext-validation\images\22.jpg,test_alte_cabinete/Ext-validation/images/22.jpg,roboflow,C:\Pywork\dental\dental\data\raw\zenodo\panoramic_radiography_yolo_dataset_14_classes\test_alte_cabinete\Ext-validation\images\142.jpg,test_alte_cabinete/Ext-validation/images/142.jpg,roboflow,roboflow,dhash,0,exclude
C:\Pywork\dental\dental\data\raw\zenodo\panoramic_radiography_yolo_dataset_14_classes\test_alte_cabinete\Ext-validation\images\78.jpg,test_alte_cabinete/Ext-validation/images/78.jpg,roboflow,C:\Pywork\dental\dental\data\raw\zenodo\panoramic_radiography_yolo_dataset_14_classes\test_alte_cabinete\Ext-validation\images\124.jpg,test_alte_cabinete/Ext-validation/images/124.jpg,roboflow,roboflow,dhash,4,exclude
C:\Pywork\dental\dental\data\raw\zenodo\panoramic_radiography_yolo_dataset_14_classes\test_alte_cabinete\Ext-validation\images\9.jpg,test_alte_cabinete/Ext-validation/images/9.jpg,roboflow,C:\Pywork\dental\dental\data\raw\zenodo\panoramic_radiography_yolo_dataset_14_classes\test\images\v56.jpg,test/images/v56.jpg,test,roboflow,dhash,3,exclude
C:\Pywork\dental\dental\data\raw\zenodo\panoramic_radiography_yolo_dataset_14_classes\train\images\103.jpg,train/images/103.jpg,train,C:\Pywork\dental\dental\data\raw\zenodo\panoramic_radiography_yolo_dataset_14_classes\test\images\v3.jpg,test/images/v3.jpg,test,roboflow,dhash,2,exclude
C:\Pywork\dental\dental\data\raw\zenodo\panoramic_radiography_yolo_dataset_14_classes\train\images\104.jpg,train/images/104.jpg,train,C:\Pywork\dental\dental\data\raw\zenodo\panoramic_radiography_yolo_dataset_14_classes\test\images\v3.jpg,test/images/v3.jpg,test,roboflow,dhash,2,exclude
C:\Pywork\dental\dental\data\raw\zenodo\panoramic_radiography_yolo_dataset_14_classes\train\images\111.jpg,train/images/111.jpg,train,C:\Pywork\dental\dental\data\raw\zenodo\panoramic_radiography_yolo_dataset_14_classes\train\images\1101.jpg,train/images/1101.jpg,train,roboflow,dhash,4,exclude
C:\Pywork\dental\dental\data\raw\zenodo\panoramic_radiography_yolo_dataset_14_classes\train\images\1114.jpg,train/images/1114.jpg,train,C:\Pywork\dental\dental\data\raw\zenodo\panoramic_radiography_yolo_dataset_14_classes\test_alte_cabinete\Ext-validation\images\9.jpg,test_alte_cabinete/Ext-validation/images/9.jpg,roboflow,roboflow,dhash,1,exclude
C:\Pywork\dental\dental\data\raw\zenodo\panoramic_radiography_yolo_dataset_14_classes\train\images\1115.jpg,train/images/1115.jpg,train,C:\Pywork\dental\dental\data\raw\zenodo\panoramic_radiography_yolo_dataset_14_classes\train\images\1114.jpg,train/images/1114.jpg,train,roboflow,dhash,4,exclude
C:\Pywork\dental\dental\data\raw\zenodo\panoramic_radiography_yolo_dataset_14_classes\train\images\114.jpg,train/images/114.jpg,train,C:\Pywork\dental\dental\data\raw\zenodo\panoramic_radiography_yolo_dataset_14_classes\train\images\1114.jpg,train/images/1114.jpg,train,roboflow,dhash,4,exclude
C:\Pywork\dental\dental\data\raw\zenodo\panoramic_radiography_yolo_dataset_14_classes\train\images\1142.jpg,train/images/1142.jpg,train,C:\Pywork\dental\dental\data\raw\zenodo\panoramic_radiography_yolo_dataset_14_classes\test\images\v3.jpg,test/images/v3.jpg,test,roboflow,dhash,4,exclude
C:\Pywork\dental\dental\data\raw\zenodo\panoramic_radiography_yolo_dataset_14_classes\train\images\115.jpg,train/images/115.jpg,train,C:\Pywork\dental\dental\data\raw\zenodo\panoramic_radiography_yolo_dataset_14_classes\test_alte_cabinete\Ext-validation\images\9.jpg,test_alte_cabinete/Ext-validation/images/9.jpg,roboflow,roboflow,dhash,2,exclude
C:\Pywork\dental\dental\data\raw\zenodo\panoramic_radiography_yolo_dataset_14_classes\train\images\1151.jpg,train/images/1151.jpg,train,C:\Pywork\dental\dental\data\raw\zenodo\panoramic_radiography_yolo_dataset_14_classes\test\images\v3.jpg,test/images/v3.jpg,test,roboflow,dhash,3,exclude
C:\Pywork\dental\dental\data\raw\zenodo\panoramic_radiography_yolo_dataset_14_classes\train\images\1156.jpg,train/images/1156.jpg,train,C:\Pywork\dental\dental\data\raw\zenodo\panoramic_radiography_yolo_dataset_14_classes\test_alte_cabinete\Ext-validation\images\9.jpg,test_alte_cabinete/Ext-validation/images/9.jpg,roboflow,roboflow,dhash,4,exclude
C:\Pywork\dental\dental\data\raw\zenodo\panoramic_radiography_yolo_dataset_14_classes\train\images\1162.jpg,train/images/1162.jpg,train,C:\Pywork\dental\dental\data\raw\zenodo\panoramic_radiography_yolo_dataset_14_classes\train\images\114.jpg,train/images/114.jpg,train,roboflow,dhash,4,exclude
C:\Pywork\dental\dental\data\raw\zenodo\panoramic_radiography_yolo_dataset_14_classes\train\images\117.jpg,train/images/117.jpg,train,C:\Pywork\dental\dental\data\raw\zenodo\panoramic_radiography_yolo_dataset_14_classes\test\images\v39.jpg,test/images/v39.jpg,test,roboflow,dhash,4,exclude
C:\Pywork\dental\dental\data\raw\zenodo\panoramic_radiography_yolo_dataset_14_classes\train\images\1176.jpg,train/images/1176.jpg,train,C:\Pywork\dental\dental\data\raw\zenodo\panoramic_radiography_yolo_dataset_14_classes\train\images\1001.jpg,train/images/1001.jpg,train,roboflow,dhash,0,exclude
C:\Pywork\dental\dental\data\raw\zenodo\panoramic_radiography_yolo_dataset_14_classes\train\images\1177.jpg,train/images/1177.jpg,train,C:\Pywork\dental\dental\data\raw\zenodo\panoramic_radiography_yolo_dataset_14_classes\train\images\1002.jpg,train/images/1002.jpg,train,roboflow,dhash,0,exclude
C:\Pywork\dental\dental\data\raw\zenodo\panoramic_radiography_yolo_dataset_14_classes\train\images\1178.jpg,train/images/1178.jpg,train,C:\Pywork\dental\dental\data\raw\zenodo\panoramic_radiography_yolo_dataset_14_classes\train\images\1003.jpg,train/images/1003.jpg,train,roboflow,dhash,0,exclude
C:\Pywork\dental\dental\data\raw\zenodo\panoramic_radiography_yolo_dataset_14_classes\train\images\1179.jpg,train/images/1179.jpg,train,C:\Pywork\dental\dental\data\raw\zenodo\panoramic_radiography_yolo_dataset_14_classes\train\images\1004.jpg,train/images/1004.jpg,train,roboflow,dhash,0,exclude
C:\Pywork\dental\dental\data\raw\zenodo\panoramic_radiography_yolo_dataset_14_classes\train\images\1181.jpg,train/images/1181.jpg,train,C:\Pywork\dental\dental\data\raw\zenodo\panoramic_radiography_yolo_dataset_14_classes\train\images\1006.jpg,train/images/1006.jpg,train,roboflow,dhash,0,exclude
C:\Pywork\dental\dental\data\raw\zenodo\panoramic_radiography_yolo_dataset_14_classes\train\images\1182.jpg,train/images/1182.jpg,train,C:\Pywork\dental\dental\data\raw\zenodo\panoramic_radiography_yolo_dataset_14_classes\train\images\1006.jpg,train/images/1006.jpg,train,roboflow,dhash,0,exclude
C:\Pywork\dental\dental\data\raw\zenodo\panoramic_radiography_yolo_dataset_14_classes\train\images\1184.jpg,train/images/1184.jpg,train,C:\Pywork\dental\dental\data\raw\zenodo\panoramic_radiography_yolo_dataset_14_classes\train\images\1183.jpg,train/images/1183.jpg,train,roboflow,dhash,2,exclude
C:\Pywork\dental\dental\data\raw\zenodo\panoramic_radiography_yolo_dataset_14_classes\train\images\1188.jpg,train/images/1188.jpg,train,C:\Pywork\dental\dental\data\raw\zenodo\panoramic_radiography_yolo_dataset_14_classes\train\images\1007.jpg,train/images/1007.jpg,train,roboflow,dhash,0,exclude
C:\Pywork\dental\dental\data\raw\zenodo\panoramic_radiography_yolo_dataset_14_classes\train\images\1189.jpg,train/images/1189.jpg,train,C:\Pywork\dental\dental\data\raw\zenodo\panoramic_radiography_yolo_dataset_14_classes\train\images\1008.jpg,train/images/1008.jpg,train,roboflow,dhash,0,exclude
C:\Pywork\dental\dental\data\raw\zenodo\panoramic_radiography_yolo_dataset_14_classes\train\images\1193.jpg,train/images/1193.jpg,train,C:\Pywork\dental\dental\data\raw\zenodo\panoramic_radiography_yolo_dataset_14_classes\train\images\1011.jpg,train/images/1011.jpg,train,roboflow,dhash,0,exclude
C:\Pywork\dental\dental\data\raw\zenodo\panoramic_radiography_yolo_dataset_14_classes\train\images\1201.jpg,train/images/1201.jpg,train,C:\Pywork\dental\dental\data\raw\zenodo\panoramic_radiography_yolo_dataset_14_classes\train\images\1015.jpg,train/images/1015.jpg,train,roboflow,dhash,0,exclude
C:\Pywork\dental\dental\data\raw\zenodo\panoramic_radiography_yolo_dataset_14_classes\train\images\1202.jpg,train/images/1202.jpg,train,C:\Pywork\dental\dental\data\raw\zenodo\panoramic_radiography_yolo_dataset_14_classes\train\images\1016.jpg,train/images/1016.jpg,train,roboflow,dhash,0,exclude
C:\Pywork\dental\dental\data\raw\zenodo\panoramic_radiography_yolo_dataset_14_classes\train\images\1204.jpg,train/images/1204.jpg,train,C:\Pywork\dental\dental\data\raw\zenodo\panoramic_radiography_yolo_dataset_14_classes\train\images\1017.jpg,train/images/1017.jpg,train,roboflow,dhash,0,exclude
C:\Pywork\dental\dental\data\raw\zenodo\panoramic_radiography_yolo_dataset_14_classes\train\images\1205.jpg,train/images/1205.jpg,train,C:\Pywork\dental\dental\data\raw\zenodo\panoramic_radiography_yolo_dataset_14_classes\train\images\1018.jpg,train/images/1018.jpg,train,roboflow,dhash,0,exclude
C:\Pywork\dental\dental\data\raw\zenodo\panoramic_radiography_yolo_dataset_14_classes\train\images\1206.jpg,train/images/1206.jpg,train,C:\Pywork\dental\dental\data\raw\zenodo\panoramic_radiography_yolo_dataset_14_classes\train\images\1019.jpg,train/images/1019.jpg,train,roboflow,dhash,0,exclude
C:\Pywork\dental\dental\data\raw\zenodo\panoramic_radiography_yolo_dataset_14_classes\train\images\1208.jpg,train/images/1208.jpg,train,C:\Pywork\dental\dental\data\raw\zenodo\panoramic_radiography_yolo_dataset_14_classes\train\images\1021.jpg,train/images/1021.jpg,train,roboflow,dhash,0,exclude
C:\Pywork\dental\dental\data\raw\zenodo\panoramic_radiography_yolo_dataset_14_classes\train\images\1211.jpg,train/images/1211.jpg,train,C:\Pywork\dental\dental\data\raw\zenodo\panoramic_radiography_yolo_dataset_14_classes\train\images\1022.jpg,train/images/1022.jpg,train,roboflow,dhash,0,exclude
C:\Pywork\dental\dental\data\raw\zenodo\panoramic_radiography_yolo_dataset_14_classes\train\images\1212.jpg,train/images/1212.jpg,train,C:\Pywork\dental\dental\data\raw\zenodo\panoramic_radiography_yolo_dataset_14_classes\train\images\1023.jpg,train/images/1023.jpg,train,roboflow,dhash,0,exclude
C:\Pywork\dental\dental\data\raw\zenodo\panoramic_radiography_yolo_dataset_14_classes\train\images\1214.jpg,train/images/1214.jpg,train,C:\Pywork\dental\dental\data\raw\zenodo\panoramic_radiography_yolo_dataset_14_classes\train\images\1024.jpg,train/images/1024.jpg,train,roboflow,dhash,0,exclude
C:\Pywork\dental\dental\data\raw\zenodo\panoramic_radiography_yolo_dataset_14_classes\train\images\1216.jpg,train/images/1216.jpg,train,C:\Pywork\dental\dental\data\raw\zenodo\panoramic_radiography_yolo_dataset_14_classes\train\images\1025.jpg,train/images/1025.jpg,train,roboflow,dhash,0,exclude
C:\Pywork\dental\dental\data\raw\zenodo\panoramic_radiography_yolo_dataset_14_classes\train\images\1221.jpg,train/images/1221.jpg,train,C:\Pywork\dental\dental\data\raw\zenodo\panoramic_radiography_yolo_dataset_14_classes\train\images\1027.jpg,train/images/1027.jpg,train,roboflow,dhash,0,exclude
C:\Pywork\dental\dental\data\raw\zenodo\panoramic_radiography_yolo_dataset_14_classes\train\images\1223.jpg,train/images/1223.jpg,train,C:\Pywork\dental\dental\data\raw\zenodo\panoramic_radiography_yolo_dataset_14_classes\train\images\1028.jpg,train/images/1028.jpg,train,roboflow,dhash,0,exclude
C:\Pywork\dental\dental\data\raw\zenodo\panoramic_radiography_yolo_dataset_14_classes\train\images\1224.jpg,train/images/1224.jpg,train,C:\Pywork\dental\dental\data\raw\zenodo\panoramic_radiography_yolo_dataset_14_classes\train\images\1029.jpg,train/images/1029.jpg,train,roboflow,dhash,0,exclude
C:\Pywork\dental\dental\data\raw\zenodo\panoramic_radiography_yolo_dataset_14_classes\train\images\1226.jpg,train/images/1226.jpg,train,C:\Pywork\dental\dental\data\raw\zenodo\panoramic_radiography_yolo_dataset_14_classes\train\images\1031.jpg,train/images/1031.jpg,train,roboflow,dhash,0,exclude
C:\Pywork\dental\dental\data\raw\zenodo\panoramic_radiography_yolo_dataset_14_classes\train\images\1227.jpg,train/images/1227.jpg,train,C:\Pywork\dental\dental\data\raw\zenodo\panoramic_radiography_yolo_dataset_14_classes\train\images\1032.jpg,train/images/1032.jpg,train,roboflow,dhash,0,exclude
C:\Pywork\dental\dental\data\raw\zenodo\panoramic_radiography_yolo_dataset_14_classes\train\images\1228.jpg,train/images/1228.jpg,train,C:\Pywork\dental\dental\data\raw\zenodo\panoramic_radiography_yolo_dataset_14_classes\train\images\1034.jpg,train/images/1034.jpg,train,roboflow,dhash,0,exclude
C:\Pywork\dental\dental\data\raw\zenodo\panoramic_radiography_yolo_dataset_14_classes\train\images\1229.jpg,train/images/1229.jpg,train,C:\Pywork\dental\dental\data\raw\zenodo\panoramic_radiography_yolo_dataset_14_classes\train\images\1035.jpg,train/images/1035.jpg,train,roboflow,dhash,0,exclude
C:\Pywork\dental\dental\data\raw\zenodo\panoramic_radiography_yolo_dataset_14_classes\train\images\123.jpg,train/images/123.jpg,train,C:\Pywork\dental\dental\data\raw\zenodo\panoramic_radiography_yolo_dataset_14_classes\test\images\v24.jpg,test/images/v24.jpg,test,roboflow,dhash,4,exclude
C:\Pywork\dental\dental\data\raw\zenodo\panoramic_radiography_yolo_dataset_14_classes\train\images\1236.jpg,train/images/1236.jpg,train,C:\Pywork\dental\dental\data\raw\zenodo\panoramic_radiography_yolo_dataset_14_classes\train\images\1037.jpg,train/images/1037.jpg,train,roboflow,dhash,0,exclude
C:\Pywork\dental\dental\data\raw\zenodo\panoramic_radiography_yolo_dataset_14_classes\train\images\1237.jpg,train/images/1237.jpg,train,C:\Pywork\dental\dental\data\raw\zenodo\panoramic_radiography_yolo_dataset_14_classes\train\images\1038.jpg,train/images/1038.jpg,train,roboflow,dhash,0,exclude
C:\Pywork\dental\dental\data\raw\zenodo\panoramic_radiography_yolo_dataset_14_classes\train\images\1238.jpg,train/images/1238.jpg,train,C:\Pywork\dental\dental\data\raw\zenodo\panoramic_radiography_yolo_dataset_14_classes\train\images\1039.jpg,train/images/1039.jpg,train,roboflow,dhash,0,exclude
C:\Pywork\dental\dental\data\raw\zenodo\panoramic_radiography_yolo_dataset_14_classes\train\images\1241.jpg,train/images/1241.jpg,train,C:\Pywork\dental\dental\data\raw\zenodo\panoramic_radiography_yolo_dataset_14_classes\train\images\1042.jpg,train/images/1042.jpg,train,roboflow,dhash,0,exclude
C:\Pywork\dental\dental\data\raw\zenodo\panoramic_radiography_yolo_dataset_14_classes\train\images\1242.jpg,train/images/1242.jpg,train,C:\Pywork\dental\dental\data\raw\zenodo\panoramic_radiography_yolo_dataset_14_classes\train\images\1043.jpg,train/images/1043.jpg,train,roboflow,dhash,0,exclude
C:\Pywork\dental\dental\data\raw\zenodo\panoramic_radiography_yolo_dataset_14_classes\train\images\1244.jpg,train/images/1244.jpg,train,C:\Pywork\dental\dental\data\raw\zenodo\panoramic_radiography_yolo_dataset_14_classes\train\images\1044.jpg,train/images/1044.jpg,train,roboflow,dhash,0,exclude
C:\Pywork\dental\dental\data\raw\zenodo\panoramic_radiography_yolo_dataset_14_classes\train\images\1245.jpg,train/images/1245.jpg,train,C:\Pywork\dental\dental\data\raw\zenodo\panoramic_radiography_yolo_dataset_14_classes\train\images\1147.jpg,train/images/1147.jpg,train,roboflow,dhash,4,exclude
C:\Pywork\dental\dental\data\raw\zenodo\panoramic_radiography_yolo_dataset_14_classes\train\images\1246.jpg,train/images/1246.jpg,train,C:\Pywork\dental\dental\data\raw\zenodo\panoramic_radiography_yolo_dataset_14_classes\train\images\1045.jpg,train/images/1045.jpg,train,roboflow,dhash,0,exclude
C:\Pywork\dental\dental\data\raw\zenodo\panoramic_radiography_yolo_dataset_14_classes\train\images\1248.jpg,train/images/1248.jpg,train,C:\Pywork\dental\dental\data\raw\zenodo\panoramic_radiography_yolo_dataset_14_classes\train\images\1046.jpg,train/images/1046.jpg,train,roboflow,dhash,0,exclude
C:\Pywork\dental\dental\data\raw\zenodo\panoramic_radiography_yolo_dataset_14_classes\train\images\125.jpg,train/images/125.jpg,train,C:\Pywork\dental\dental\data\raw\zenodo\panoramic_radiography_yolo_dataset_14_classes\train\images\1114.jpg,train/images/1114.jpg,train,roboflow,dhash,3,exclude
C:\Pywork\dental\dental\data\raw\zenodo\panoramic_radiography_yolo_dataset_14_classes\train\images\1251.jpg,train/images/1251.jpg,train,C:\Pywork\dental\dental\data\raw\zenodo\panoramic_radiography_yolo_dataset_14_classes\train\images\1047.jpg,train/images/1047.jpg,train,roboflow,dhash,0,exclude
C:\Pywork\dental\dental\data\raw\zenodo\panoramic_radiography_yolo_dataset_14_classes\train\images\1252.jpg,train/images/1252.jpg,train,C:\Pywork\dental\dental\data\raw\zenodo\panoramic_radiography_yolo_dataset_14_classes\train\images\1048.jpg,train/images/1048.jpg,train,roboflow,dhash,0,exclude
C:\Pywork\dental\dental\data\raw\zenodo\panoramic_radiography_yolo_dataset_14_classes\train\images\1253.jpg,train/images/1253.jpg,train,C:\Pywork\dental\dental\data\raw\zenodo\panoramic_radiography_yolo_dataset_14_classes\train\images\1049.jpg,train/images/1049.jpg,train,roboflow,dhash,0,exclude
C:\Pywork\dental\dental\data\raw\zenodo\panoramic_radiography_yolo_dataset_14_classes\train\images\1255.jpg,train/images/1255.jpg,train,C:\Pywork\dental\dental\data\raw\zenodo\panoramic_radiography_yolo_dataset_14_classes\train\images\1051.jpg,train/images/1051.jpg,train,roboflow,dhash,0,exclude
C:\Pywork\dental\dental\data\raw\zenodo\panoramic_radiography_yolo_dataset_14_classes\train\images\1256.jpg,train/images/1256.jpg,train,C:\Pywork\dental\dental\data\raw\zenodo\panoramic_radiography_yolo_dataset_14_classes\train\images\1052.jpg,train/images/1052.jpg,train,roboflow,dhash,0,exclude
C:\Pywork\dental\dental\data\raw\zenodo\panoramic_radiography_yolo_dataset_14_classes\train\images\1257.jpg,train/images/1257.jpg,train,C:\Pywork\dental\dental\data\raw\zenodo\panoramic_radiography_yolo_dataset_14_classes\train\images\1022.jpg,train/images/1022.jpg,train,roboflow,dhash,4,exclude
C:\Pywork\dental\dental\data\raw\zenodo\panoramic_radiography_yolo_dataset_14_classes\train\images\1259.jpg,train/images/1259.jpg,train,C:\Pywork\dental\dental\data\raw\zenodo\panoramic_radiography_yolo_dataset_14_classes\train\images\1053.jpg,train/images/1053.jpg,train,roboflow,dhash,0,exclude
C:\Pywork\dental\dental\data\raw\zenodo\panoramic_radiography_yolo_dataset_14_classes\train\images\1261.jpg,train/images/1261.jpg,train,C:\Pywork\dental\dental\data\raw\zenodo\panoramic_radiography_yolo_dataset_14_classes\train\images\1054.jpg,train/images/1054.jpg,train,roboflow,dhash,0,exclude
C:\Pywork\dental\dental\data\raw\zenodo\panoramic_radiography_yolo_dataset_14_classes\train\images\1264.jpg,train/images/1264.jpg,train,C:\Pywork\dental\dental\data\raw\zenodo\panoramic_radiography_yolo_dataset_14_classes\train\images\1055.jpg,train/images/1055.jpg,train,roboflow,dhash,0,exclude
C:\Pywork\dental\dental\data\raw\zenodo\panoramic_radiography_yolo_dataset_14_classes\train\images\1265.jpg,train/images/1265.jpg,train,C:\Pywork\dental\dental\data\raw\zenodo\panoramic_radiography_yolo_dataset_14_classes\train\images\1056.jpg,train/images/1056.jpg,train,roboflow,dhash,0,exclude
C:\Pywork\dental\dental\data\raw\zenodo\panoramic_radiography_yolo_dataset_14_classes\train\images\1266.jpg,train/images/1266.jpg,train,C:\Pywork\dental\dental\data\raw\zenodo\panoramic_radiography_yolo_dataset_14_classes\train\images\1057.jpg,train/images/1057.jpg,train,roboflow,dhash,0,exclude
C:\Pywork\dental\dental\data\raw\zenodo\panoramic_radiography_yolo_dataset_14_classes\train\images\1272.jpg,train/images/1272.jpg,train,C:\Pywork\dental\dental\data\raw\zenodo\panoramic_radiography_yolo_dataset_14_classes\train\images\1058.jpg,train/images/1058.jpg,train,roboflow,dhash,0,exclude
C:\Pywork\dental\dental\data\raw\zenodo\panoramic_radiography_yolo_dataset_14_classes\train\images\1277.jpg,train/images/1277.jpg,train,C:\Pywork\dental\dental\data\raw\zenodo\panoramic_radiography_yolo_dataset_14_classes\train\images\1061.jpg,train/images/1061.jpg,train,roboflow,dhash,0,exclude
C:\Pywork\dental\dental\data\raw\zenodo\panoramic_radiography_yolo_dataset_14_classes\train\images\1278.jpg,train/images/1278.jpg,train,C:\Pywork\dental\dental\data\raw\zenodo\panoramic_radiography_yolo_dataset_14_classes\train\images\1062.jpg,train/images/1062.jpg,train,roboflow,dhash,0,exclude
C:\Pywork\dental\dental\data\raw\zenodo\panoramic_radiography_yolo_dataset_14_classes\train\images\1285.jpg,train/images/1285.jpg,train,C:\Pywork\dental\dental\data\raw\zenodo\panoramic_radiography_yolo_dataset_14_classes\train\images\1064.jpg,train/images/1064.jpg,train,roboflow,dhash,0,exclude
C:\Pywork\dental\dental\data\raw\zenodo\panoramic_radiography_yolo_dataset_14_classes\train\images\1288.jpg,train/images/1288.jpg,train,C:\Pywork\dental\dental\data\raw\zenodo\panoramic_radiography_yolo_dataset_14_classes\train\images\1084.jpg,train/images/1084.jpg,train,roboflow,dhash,0,exclude
C:\Pywork\dental\dental\data\raw\zenodo\panoramic_radiography_yolo_dataset_14_classes\train\images\1289.jpg,train/images/1289.jpg,train,C:\Pywork\dental\dental\data\raw\zenodo\panoramic_radiography_yolo_dataset_14_classes\train\images\1085.jpg,train/images/1085.jpg,train,roboflow,dhash,0,exclude
C:\Pywork\dental\dental\data\raw\zenodo\panoramic_radiography_yolo_dataset_14_classes\train\images\1292.jpg,train/images/1292.jpg,train,C:\Pywork\dental\dental\data\raw\zenodo\panoramic_radiography_yolo_dataset_14_classes\train\images\1086.jpg,train/images/1086.jpg,train,roboflow,dhash,0,exclude
C:\Pywork\dental\dental\data\raw\zenodo\panoramic_radiography_yolo_dataset_14_classes\train\images\1295.jpg,train/images/1295.jpg,train,C:\Pywork\dental\dental\data\raw\zenodo\panoramic_radiography_yolo_dataset_14_classes\train\images\1087.jpg,train/images/1087.jpg,train,roboflow,dhash,0,exclude
C:\Pywork\dental\dental\data\raw\zenodo\panoramic_radiography_yolo_dataset_14_classes\train\images\1296.jpg,train/images/1296.jpg,train,C:\Pywork\dental\dental\data\raw\zenodo\panoramic_radiography_yolo_dataset_14_classes\train\images\1088.jpg,train/images/1088.jpg,train,roboflow,dhash,0,exclude
C:\Pywork\dental\dental\data\raw\zenodo\panoramic_radiography_yolo_dataset_14_classes\train\images\1297.jpg,train/images/1297.jpg,train,C:\Pywork\dental\dental\data\raw\zenodo\panoramic_radiography_yolo_dataset_14_classes\train\images\1089.jpg,train/images/1089.jpg,train,roboflow,dhash,0,exclude
C:\Pywork\dental\dental\data\raw\zenodo\panoramic_radiography_yolo_dataset_14_classes\train\images\1299.jpg,train/images/1299.jpg,train,C:\Pywork\dental\dental\data\raw\zenodo\panoramic_radiography_yolo_dataset_14_classes\train\images\1091.jpg,train/images/1091.jpg,train,roboflow,dhash,0,exclude
C:\Pywork\dental\dental\data\raw\zenodo\panoramic_radiography_yolo_dataset_14_classes\train\images\1303.jpg,train/images/1303.jpg,train,C:\Pywork\dental\dental\data\raw\zenodo\panoramic_radiography_yolo_dataset_14_classes\train\images\1093.jpg,train/images/1093.jpg,train,roboflow,dhash,0,exclude
C:\Pywork\dental\dental\data\raw\zenodo\panoramic_radiography_yolo_dataset_14_classes\train\images\1305.jpg,train/images/1305.jpg,train,C:\Pywork\dental\dental\data\raw\zenodo\panoramic_radiography_yolo_dataset_14_classes\train\images\1094.jpg,train/images/1094.jpg,train,roboflow,dhash,0,exclude
C:\Pywork\dental\dental\data\raw\zenodo\panoramic_radiography_yolo_dataset_14_classes\train\images\1306.jpg,train/images/1306.jpg,train,C:\Pywork\dental\dental\data\raw\zenodo\panoramic_radiography_yolo_dataset_14_classes\train\images\1095.jpg,train/images/1095.jpg,train,roboflow,dhash,0,exclude
C:\Pywork\dental\dental\data\raw\zenodo\panoramic_radiography_yolo_dataset_14_classes\train\images\1308.jpg,train/images/1308.jpg,train,C:\Pywork\dental\dental\data\raw\zenodo\panoramic_radiography_yolo_dataset_14_classes\train\images\1096.jpg,train/images/1096.jpg,train,roboflow,dhash,0,exclude
C:\Pywork\dental\dental\data\raw\zenodo\panoramic_radiography_yolo_dataset_14_classes\train\images\131.jpg,train/images/131.jpg,train,C:\Pywork\dental\dental\data\raw\zenodo\panoramic_radiography_yolo_dataset_14_classes\train\images\1151.jpg,train/images/1151.jpg,train,roboflow,dhash,2,exclude
C:\Pywork\dental\dental\data\raw\zenodo\panoramic_radiography_yolo_dataset_14_classes\train\images\1311.jpg,train/images/1311.jpg,train,C:\Pywork\dental\dental\data\raw\zenodo\panoramic_radiography_yolo_dataset_14_classes\train\images\1098.jpg,train/images/1098.jpg,train,roboflow,dhash,0,exclude
C:\Pywork\dental\dental\data\raw\zenodo\panoramic_radiography_yolo_dataset_14_classes\train\images\1312.jpg,train/images/1312.jpg,train,C:\Pywork\dental\dental\data\raw\zenodo\panoramic_radiography_yolo_dataset_14_classes\train\images\1257.jpg,train/images/1257.jpg,train,roboflow,dhash,4,exclude
C:\Pywork\dental\dental\data\raw\zenodo\panoramic_radiography_yolo_dataset_14_classes\train\images\1314.jpg,train/images/1314.jpg,train,C:\Pywork\dental\dental\data\raw\zenodo\panoramic_radiography_yolo_dataset_14_classes\train\images\1099.jpg,train/images/1099.jpg,train,roboflow,dhash,0,exclude
C:\Pywork\dental\dental\data\raw\zenodo\panoramic_radiography_yolo_dataset_14_classes\train\images\1326.jpg,train/images/1326.jpg,train,C:\Pywork\dental\dental\data\raw\zenodo\panoramic_radiography_yolo_dataset_14_classes\train\images\1151.jpg,train/images/1151.jpg,train,roboflow,dhash,4,exclude
C:\Pywork\dental\dental\data\raw\zenodo\panoramic_radiography_yolo_dataset_14_classes\train\images\1329.jpg,train/images/1329.jpg,train,C:\Pywork\dental\dental\data\raw\zenodo\panoramic_radiography_yolo_dataset_14_classes\test\images\v3.jpg,test/images/v3.jpg,test,roboflow,dhash,2,exclude
C:\Pywork\dental\dental\data\raw\zenodo\panoramic_radiography_yolo_dataset_14_classes\train\images\1345.jpg,train/images/1345.jpg,train,C:\Pywork\dental\dental\data\raw\zenodo\panoramic_radiography_yolo_dataset_14_classes\train\images\114.jpg,train/images/114.jpg,train,roboflow,dhash,2,exclude
C:\Pywork\dental\dental\data\raw\zenodo\panoramic_radiography_yolo_dataset_14_classes\train\images\1357.jpg,train/images/1357.jpg,train,C:\Pywork\dental\dental\data\raw\zenodo\panoramic_radiography_yolo_dataset_14_classes\train\images\1108.jpg,train/images/1108.jpg,train,roboflow,dhash,4,exclude
C:\Pywork\dental\dental\data\raw\zenodo\panoramic_radiography_yolo_dataset_14_classes\train\images\1359.jpg,train/images/1359.jpg,train,C:\Pywork\dental\dental\data\raw\zenodo\panoramic_radiography_yolo_dataset_14_classes\test\images\v60.png,test/images/v60.png,test,roboflow,dhash,3,exclude
C:\Pywork\dental\dental\data\raw\zenodo\panoramic_radiography_yolo_dataset_14_classes\train\images\1365.jpg,train/images/1365.jpg,train,C:\Pywork\dental\dental\data\raw\zenodo\panoramic_radiography_yolo_dataset_14_classes\train\images\123.jpg,train/images/123.jpg,train,roboflow,dhash,4,exclude
C:\Pywork\dental\dental\data\raw\zenodo\panoramic_radiography_yolo_dataset_14_classes\train\images\1368.jpg,train/images/1368.jpg,train,C:\Pywork\dental\dental\data\raw\zenodo\panoramic_radiography_yolo_dataset_14_classes\train\images\1151.jpg,train/images/1151.jpg,train,roboflow,dhash,2,exclude
C:\Pywork\dental\dental\data\raw\zenodo\panoramic_radiography_yolo_dataset_14_classes\train\images\137.jpg,train/images/137.jpg,train,C:\Pywork\dental\dental\data\raw\zenodo\panoramic_radiography_yolo_dataset_14_classes\test_alte_cabinete\Ext-validation\images\9.jpg,test_alte_cabinete/Ext-validation/images/9.jpg,roboflow,roboflow,dhash,4,exclude
C:\Pywork\dental\dental\data\raw\zenodo\panoramic_radiography_yolo_dataset_14_classes\train\images\1372.jpg,train/images/1372.jpg,train,C:\Pywork\dental\dental\data\raw\zenodo\panoramic_radiography_yolo_dataset_14_classes\train\images\104.jpg,train/images/104.jpg,train,roboflow,dhash,3,exclude
C:\Pywork\dental\dental\data\raw\zenodo\panoramic_radiography_yolo_dataset_14_classes\train\images\1381.jpg,train/images/1381.jpg,train,C:\Pywork\dental\dental\data\raw\zenodo\panoramic_radiography_yolo_dataset_14_classes\test_alte_cabinete\Ext-validation\images\9.jpg,test_alte_cabinete/Ext-validation/images/9.jpg,roboflow,roboflow,dhash,3,exclude
C:\Pywork\dental\dental\data\raw\zenodo\panoramic_radiography_yolo_dataset_14_classes\train\images\1385.jpg,train/images/1385.jpg,train,C:\Pywork\dental\dental\data\raw\zenodo\panoramic_radiography_yolo_dataset_14_classes\train\images\1101.jpg,train/images/1101.jpg,train,roboflow,dhash,4,exclude
C:\Pywork\dental\dental\data\raw\zenodo\panoramic_radiography_yolo_dataset_14_classes\train\images\1394.jpg,train/images/1394.jpg,train,C:\Pywork\dental\dental\data\raw\zenodo\panoramic_radiography_yolo_dataset_14_classes\test\images\v39.jpg,test/images/v39.jpg,test,roboflow,dhash,3,exclude
C:\Pywork\dental\dental\data\raw\zenodo\panoramic_radiography_yolo_dataset_14_classes\train\images\1403.jpg,train/images/1403.jpg,train,C:\Pywork\dental\dental\data\raw\zenodo\panoramic_radiography_yolo_dataset_14_classes\train\images\1013.jpg,train/images/1013.jpg,train,roboflow,dhash,0,exclude
C:\Pywork\dental\dental\data\raw\zenodo\panoramic_radiography_yolo_dataset_14_classes\train\images\1404.jpg,train/images/1404.jpg,train,C:\Pywork\dental\dental\data\raw\zenodo\panoramic_radiography_yolo_dataset_14_classes\train\images\1322.jpg,train/images/1322.jpg,train,roboflow,dhash,0,exclude
C:\Pywork\dental\dental\data\raw\zenodo\panoramic_radiography_yolo_dataset_14_classes\train\images\1414.jpg,train/images/1414.jpg,train,C:\Pywork\dental\dental\data\raw\zenodo\panoramic_radiography_yolo_dataset_14_classes\train\images\1033.jpg,train/images/1033.jpg,train,roboflow,dhash,0,exclude
C:\Pywork\dental\dental\data\raw\zenodo\panoramic_radiography_yolo_dataset_14_classes\train\images\1415.jpg,train/images/1415.jpg,train,C:\Pywork\dental\dental\data\raw\zenodo\panoramic_radiography_yolo_dataset_14_classes\train\images\137.jpg,train/images/137.jpg,train,roboflow,dhash,3,exclude
C:\Pywork\dental\dental\data\raw\zenodo\panoramic_radiography_yolo_dataset_14_classes\train\images\142.jpg,train/images/142.jpg,train,C:\Pywork\dental\dental\data\raw\zenodo\panoramic_radiography_yolo_dataset_14_classes\train\images\1114.jpg,train/images/1114.jpg,train,roboflow,dhash,4,exclude
C:\Pywork\dental\dental\data\raw\zenodo\panoramic_radiography_yolo_dataset_14_classes\train\images\1424.jpg,train/images/1424.jpg,train,C:\Pywork\dental\dental\data\raw\zenodo\panoramic_radiography_yolo_dataset_14_classes\train\images\1063.jpg,train/images/1063.jpg,train,roboflow,dhash,0,exclude
C:\Pywork\dental\dental\data\raw\zenodo\panoramic_radiography_yolo_dataset_14_classes\train\images\148.jpg,train/images/148.jpg,train,C:\Pywork\dental\dental\data\raw\zenodo\panoramic_radiography_yolo_dataset_14_classes\train\images\131.jpg,train/images/131.jpg,train,roboflow,dhash,4,exclude
C:\Pywork\dental\dental\data\raw\zenodo\panoramic_radiography_yolo_dataset_14_classes\train\images\1517.jpg,train/images/1517.jpg,train,C:\Pywork\dental\dental\data\raw\zenodo\panoramic_radiography_yolo_dataset_14_classes\train\images\1478.jpg,train/images/1478.jpg,train,roboflow,dhash,0,exclude
C:\Pywork\dental\dental\data\raw\zenodo\panoramic_radiography_yolo_dataset_14_classes\train\images\1521.jpg,train/images/1521.jpg,train,C:\Pywork\dental\dental\data\raw\zenodo\panoramic_radiography_yolo_dataset_14_classes\train\images\1485.jpg,train/images/1485.jpg,train,roboflow,dhash,0,exclude
C:\Pywork\dental\dental\data\raw\zenodo\panoramic_radiography_yolo_dataset_14_classes\train\images\1523.jpg,train/images/1523.jpg,train,C:\Pywork\dental\dental\data\raw\zenodo\panoramic_radiography_yolo_dataset_14_classes\test\images\v32.jpg,test/images/v32.jpg,test,roboflow,dhash,4,exclude
C:\Pywork\dental\dental\data\raw\zenodo\panoramic_radiography_yolo_dataset_14_classes\train\images\1543.jpg,train/images/1543.jpg,train,C:\Pywork\dental\dental\data\raw\zenodo\panoramic_radiography_yolo_dataset_14_classes\train\images\1501.jpg,train/images/1501.jpg,train,roboflow,dhash,0,exclude
C:\Pywork\dental\dental\data\raw\zenodo\panoramic_radiography_yolo_dataset_14_classes\train\images\1548.jpg,train/images/1548.jpg,train,C:\Pywork\dental\dental\data\raw\zenodo\panoramic_radiography_yolo_dataset_14_classes\train\images\1449.jpg,train/images/1449.jpg,train,roboflow,dhash,4,exclude
C:\Pywork\dental\dental\data\raw\zenodo\panoramic_radiography_yolo_dataset_14_classes\train\images\166.jpg,train/images/166.jpg,train,C:\Pywork\dental\dental\data\raw\zenodo\panoramic_radiography_yolo_dataset_14_classes\test_alte_cabinete\Ext-validation\images\9.jpg,test_alte_cabinete/Ext-validation/images/9.jpg,roboflow,roboflow,dhash,4,exclude
C:\Pywork\dental\dental\data\raw\zenodo\panoramic_radiography_yolo_dataset_14_classes\train\images\186.jpg,train/images/186.jpg,train,C:\Pywork\dental\dental\data\raw\zenodo\panoramic_radiography_yolo_dataset_14_classes\train\images\183.jpg,train/images/183.jpg,train,roboflow,dhash,4,exclude
C:\Pywork\dental\dental\data\raw\zenodo\panoramic_radiography_yolo_dataset_14_classes\train\images\196.jpg,train/images/196.jpg,train,C:\Pywork\dental\dental\data\raw\zenodo\panoramic_radiography_yolo_dataset_14_classes\train\images\186.jpg,train/images/186.jpg,train,roboflow,dhash,4,exclude
C:\Pywork\dental\dental\data\raw\zenodo\panoramic_radiography_yolo_dataset_14_classes\train\images\22.jpg,train/images/22.jpg,train,C:\Pywork\dental\dental\data\raw\zenodo\panoramic_radiography_yolo_dataset_14_classes\train\images\114.jpg,train/images/114.jpg,train,roboflow,dhash,2,exclude
C:\Pywork\dental\dental\data\raw\zenodo\panoramic_radiography_yolo_dataset_14_classes\train\images\232.jpg,train/images/232.jpg,train,C:\Pywork\dental\dental\data\raw\zenodo\panoramic_radiography_yolo_dataset_14_classes\train\images\1486.jpg,train/images/1486.jpg,train,roboflow,dhash,1,exclude
C:\Pywork\dental\dental\data\raw\zenodo\panoramic_radiography_yolo_dataset_14_classes\train\images\248.jpg,train/images/248.jpg,train,C:\Pywork\dental\dental\data\raw\zenodo\panoramic_radiography_yolo_dataset_14_classes\train\images\186.jpg,train/images/186.jpg,train,roboflow,dhash,4,exclude
C:\Pywork\dental\dental\data\raw\zenodo\panoramic_radiography_yolo_dataset_14_classes\train\images\289.jpg,train/images/289.jpg,train,C:\Pywork\dental\dental\data\raw\zenodo\panoramic_radiography_yolo_dataset_14_classes\train\images\1324.jpg,train/images/1324.jpg,train,roboflow,dhash,4,exclude
C:\Pywork\dental\dental\data\raw\zenodo\panoramic_radiography_yolo_dataset_14_classes\train\images\292.jpg,train/images/292.jpg,train,C:\Pywork\dental\dental\data\raw\zenodo\panoramic_radiography_yolo_dataset_14_classes\train\images\223.jpg,train/images/223.jpg,train,roboflow,dhash,3,exclude
C:\Pywork\dental\dental\data\raw\zenodo\panoramic_radiography_yolo_dataset_14_classes\train\images\308.jpg,train/images/308.jpg,train,C:\Pywork\dental\dental\data\raw\zenodo\panoramic_radiography_yolo_dataset_14_classes\train\images\198.jpg,train/images/198.jpg,train,roboflow,dhash,4,exclude
C:\Pywork\dental\dental\data\raw\zenodo\panoramic_radiography_yolo_dataset_14_classes\train\images\327.jpg,train/images/327.jpg,train,C:\Pywork\dental\dental\data\raw\zenodo\panoramic_radiography_yolo_dataset_14_classes\train\images\326.jpg,train/images/326.jpg,train,roboflow,dhash,0,exclude
C:\Pywork\dental\dental\data\raw\zenodo\panoramic_radiography_yolo_dataset_14_classes\train\images\357.jpg,train/images/357.jpg,train,C:\Pywork\dental\dental\data\raw\zenodo\panoramic_radiography_yolo_dataset_14_classes\train\images\183.jpg,train/images/183.jpg,train,roboflow,dhash,4,exclude
C:\Pywork\dental\dental\data\raw\zenodo\panoramic_radiography_yolo_dataset_14_classes\train\images\358.jpg,train/images/358.jpg,train,C:\Pywork\dental\dental\data\raw\zenodo\panoramic_radiography_yolo_dataset_14_classes\train\images\183.jpg,train/images/183.jpg,train,roboflow,dhash,3,exclude
C:\Pywork\dental\dental\data\raw\zenodo\panoramic_radiography_yolo_dataset_14_classes\train\images\363.jpg,train/images/363.jpg,train,C:\Pywork\dental\dental\data\raw\zenodo\panoramic_radiography_yolo_dataset_14_classes\train\images\259.jpg,train/images/259.jpg,train,roboflow,dhash,0,exclude
C:\Pywork\dental\dental\data\raw\zenodo\panoramic_radiography_yolo_dataset_14_classes\train\images\393.jpg,train/images/393.jpg,train,C:\Pywork\dental\dental\data\raw\zenodo\panoramic_radiography_yolo_dataset_14_classes\test\images\v80.jpg,test/images/v80.jpg,test,roboflow,dhash,4,exclude
C:\Pywork\dental\dental\data\raw\zenodo\panoramic_radiography_yolo_dataset_14_classes\train\images\402.jpg,train/images/402.jpg,train,C:\Pywork\dental\dental\data\raw\zenodo\panoramic_radiography_yolo_dataset_14_classes\train\images\301.jpg,train/images/301.jpg,train,roboflow,dhash,0,exclude
C:\Pywork\dental\dental\data\raw\zenodo\panoramic_radiography_yolo_dataset_14_classes\train\images\404.jpg,train/images/404.jpg,train,C:\Pywork\dental\dental\data\raw\zenodo\panoramic_radiography_yolo_dataset_14_classes\train\images\302.jpg,train/images/302.jpg,train,roboflow,dhash,0,exclude
C:\Pywork\dental\dental\data\raw\zenodo\panoramic_radiography_yolo_dataset_14_classes\train\images\408.jpg,train/images/408.jpg,train,C:\Pywork\dental\dental\data\raw\zenodo\panoramic_radiography_yolo_dataset_14_classes\train\images\305.jpg,train/images/305.jpg,train,roboflow,dhash,0,exclude
C:\Pywork\dental\dental\data\raw\zenodo\panoramic_radiography_yolo_dataset_14_classes\train\images\411.jpg,train/images/411.jpg,train,C:\Pywork\dental\dental\data\raw\zenodo\panoramic_radiography_yolo_dataset_14_classes\train\images\361.jpg,train/images/361.jpg,train,roboflow,dhash,0,exclude
C:\Pywork\dental\dental\data\raw\zenodo\panoramic_radiography_yolo_dataset_14_classes\train\images\412.jpg,train/images/412.jpg,train,C:\Pywork\dental\dental\data\raw\zenodo\panoramic_radiography_yolo_dataset_14_classes\train\images\362.jpg,train/images/362.jpg,train,roboflow,dhash,0,exclude
C:\Pywork\dental\dental\data\raw\zenodo\panoramic_radiography_yolo_dataset_14_classes\train\images\413.jpg,train/images/413.jpg,train,C:\Pywork\dental\dental\data\raw\zenodo\panoramic_radiography_yolo_dataset_14_classes\train\images\396.jpg,train/images/396.jpg,train,roboflow,dhash,0,exclude
C:\Pywork\dental\dental\data\raw\zenodo\panoramic_radiography_yolo_dataset_14_classes\train\images\414.jpg,train/images/414.jpg,train,C:\Pywork\dental\dental\data\raw\zenodo\panoramic_radiography_yolo_dataset_14_classes\train\images\259.jpg,train/images/259.jpg,train,roboflow,dhash,0,exclude
C:\Pywork\dental\dental\data\raw\zenodo\panoramic_radiography_yolo_dataset_14_classes\train\images\415.jpg,train/images/415.jpg,train,C:\Pywork\dental\dental\data\raw\zenodo\panoramic_radiography_yolo_dataset_14_classes\train\images\364.jpg,train/images/364.jpg,train,roboflow,dhash,0,exclude
C:\Pywork\dental\dental\data\raw\zenodo\panoramic_radiography_yolo_dataset_14_classes\train\images\417.jpg,train/images/417.jpg,train,C:\Pywork\dental\dental\data\raw\zenodo\panoramic_radiography_yolo_dataset_14_classes\train\images\365.jpg,train/images/365.jpg,train,roboflow,dhash,0,exclude
C:\Pywork\dental\dental\data\raw\zenodo\panoramic_radiography_yolo_dataset_14_classes\train\images\419.jpg,train/images/419.jpg,train,C:\Pywork\dental\dental\data\raw\zenodo\panoramic_radiography_yolo_dataset_14_classes\train\images\366.jpg,train/images/366.jpg,train,roboflow,dhash,0,exclude
C:\Pywork\dental\dental\data\raw\zenodo\panoramic_radiography_yolo_dataset_14_classes\train\images\422.jpg,train/images/422.jpg,train,C:\Pywork\dental\dental\data\raw\zenodo\panoramic_radiography_yolo_dataset_14_classes\train\images\367.jpg,train/images/367.jpg,train,roboflow,dhash,0,exclude
C:\Pywork\dental\dental\data\raw\zenodo\panoramic_radiography_yolo_dataset_14_classes\train\images\424.jpg,train/images/424.jpg,train,C:\Pywork\dental\dental\data\raw\zenodo\panoramic_radiography_yolo_dataset_14_classes\train\images\368.jpg,train/images/368.jpg,train,roboflow,dhash,0,exclude
C:\Pywork\dental\dental\data\raw\zenodo\panoramic_radiography_yolo_dataset_14_classes\train\images\426.jpg,train/images/426.jpg,train,C:\Pywork\dental\dental\data\raw\zenodo\panoramic_radiography_yolo_dataset_14_classes\train\images\369.jpg,train/images/369.jpg,train,roboflow,dhash,0,exclude
C:\Pywork\dental\dental\data\raw\zenodo\panoramic_radiography_yolo_dataset_14_classes\train\images\432.jpg,train/images/432.jpg,train,C:\Pywork\dental\dental\data\raw\zenodo\panoramic_radiography_yolo_dataset_14_classes\train\images\371.jpg,train/images/371.jpg,train,roboflow,dhash,0,exclude
C:\Pywork\dental\dental\data\raw\zenodo\panoramic_radiography_yolo_dataset_14_classes\train\images\434.jpg,train/images/434.jpg,train,C:\Pywork\dental\dental\data\raw\zenodo\panoramic_radiography_yolo_dataset_14_classes\train\images\1045.jpg,train/images/1045.jpg,train,roboflow,dhash,4,exclude
C:\Pywork\dental\dental\data\raw\zenodo\panoramic_radiography_yolo_dataset_14_classes\train\images\435.jpg,train/images/435.jpg,train,C:\Pywork\dental\dental\data\raw\zenodo\panoramic_radiography_yolo_dataset_14_classes\train\images\372.jpg,train/images/372.jpg,train,roboflow,dhash,0,exclude
C:\Pywork\dental\dental\data\raw\zenodo\panoramic_radiography_yolo_dataset_14_classes\train\images\436.jpg,train/images/436.jpg,train,C:\Pywork\dental\dental\data\raw\zenodo\panoramic_radiography_yolo_dataset_14_classes\train\images\373.jpg,train/images/373.jpg,train,roboflow,dhash,0,exclude
C:\Pywork\dental\dental\data\raw\zenodo\panoramic_radiography_yolo_dataset_14_classes\train\images\442.jpg,train/images/442.jpg,train,C:\Pywork\dental\dental\data\raw\zenodo\panoramic_radiography_yolo_dataset_14_classes\train\images\1053.jpg,train/images/1053.jpg,train,roboflow,dhash,0,exclude
C:\Pywork\dental\dental\data\raw\zenodo\panoramic_radiography_yolo_dataset_14_classes\train\images\444.jpg,train/images/444.jpg,train,C:\Pywork\dental\dental\data\raw\zenodo\panoramic_radiography_yolo_dataset_14_classes\train\images\443.jpg,train/images/443.jpg,train,roboflow,dhash,3,exclude
C:\Pywork\dental\dental\data\raw\zenodo\panoramic_radiography_yolo_dataset_14_classes\train\images\448.jpg,train/images/448.jpg,train,C:\Pywork\dental\dental\data\raw\zenodo\panoramic_radiography_yolo_dataset_14_classes\train\images\375.jpg,train/images/375.jpg,train,roboflow,dhash,0,exclude
C:\Pywork\dental\dental\data\raw\zenodo\panoramic_radiography_yolo_dataset_14_classes\train\images\451.jpg,train/images/451.jpg,train,C:\Pywork\dental\dental\data\raw\zenodo\panoramic_radiography_yolo_dataset_14_classes\train\images\273.jpg,train/images/273.jpg,train,roboflow,dhash,0,exclude
C:\Pywork\dental\dental\data\raw\zenodo\panoramic_radiography_yolo_dataset_14_classes\train\images\454.jpg,train/images/454.jpg,train,C:\Pywork\dental\dental\data\raw\zenodo\panoramic_radiography_yolo_dataset_14_classes\train\images\377.jpg,train/images/377.jpg,train,roboflow,dhash,0,exclude
C:\Pywork\dental\dental\data\raw\zenodo\panoramic_radiography_yolo_dataset_14_classes\train\images\455.jpg,train/images/455.jpg,train,C:\Pywork\dental\dental\data\raw\zenodo\panoramic_radiography_yolo_dataset_14_classes\train\images\378.jpg,train/images/378.jpg,train,roboflow,dhash,0,exclude
C:\Pywork\dental\dental\data\raw\zenodo\panoramic_radiography_yolo_dataset_14_classes\train\images\456.jpg,train/images/456.jpg,train,C:\Pywork\dental\dental\data\raw\zenodo\panoramic_radiography_yolo_dataset_14_classes\train\images\379.jpg,train/images/379.jpg,train,roboflow,dhash,0,exclude
C:\Pywork\dental\dental\data\raw\zenodo\panoramic_radiography_yolo_dataset_14_classes\train\images\457.jpg,train/images/457.jpg,train,C:\Pywork\dental\dental\data\raw\zenodo\panoramic_radiography_yolo_dataset_14_classes\train\images\276.jpg,train/images/276.jpg,train,roboflow,dhash,0,exclude
C:\Pywork\dental\dental\data\raw\zenodo\panoramic_radiography_yolo_dataset_14_classes\train\images\458.jpg,train/images/458.jpg,train,C:\Pywork\dental\dental\data\raw\zenodo\panoramic_radiography_yolo_dataset_14_classes\train\images\276.jpg,train/images/276.jpg,train,roboflow,dhash,0,exclude
C:\Pywork\dental\dental\data\raw\zenodo\panoramic_radiography_yolo_dataset_14_classes\train\images\461.jpg,train/images/461.jpg,train,C:\Pywork\dental\dental\data\raw\zenodo\panoramic_radiography_yolo_dataset_14_classes\train\images\395.jpg,train/images/395.jpg,train,roboflow,dhash,0,exclude
C:\Pywork\dental\dental\data\raw\zenodo\panoramic_radiography_yolo_dataset_14_classes\train\images\463.jpg,train/images/463.jpg,train,C:\Pywork\dental\dental\data\raw\zenodo\panoramic_radiography_yolo_dataset_14_classes\train\images\1268.jpg,train/images/1268.jpg,train,roboflow,dhash,3,exclude
C:\Pywork\dental\dental\data\raw\zenodo\panoramic_radiography_yolo_dataset_14_classes\train\images\467.jpg,train/images/467.jpg,train,C:\Pywork\dental\dental\data\raw\zenodo\panoramic_radiography_yolo_dataset_14_classes\train\images\1061.jpg,train/images/1061.jpg,train,roboflow,dhash,0,exclude
C:\Pywork\dental\dental\data\raw\zenodo\panoramic_radiography_yolo_dataset_14_classes\train\images\473.jpg,train/images/473.jpg,train,C:\Pywork\dental\dental\data\raw\zenodo\panoramic_radiography_yolo_dataset_14_classes\train\images\472.jpg,train/images/472.jpg,train,roboflow,dhash,0,exclude
C:\Pywork\dental\dental\data\raw\zenodo\panoramic_radiography_yolo_dataset_14_classes\train\images\474.jpg,train/images/474.jpg,train,C:\Pywork\dental\dental\data\raw\zenodo\panoramic_radiography_yolo_dataset_14_classes\train\images\1445.jpg,train/images/1445.jpg,train,roboflow,dhash,4,exclude
C:\Pywork\dental\dental\data\raw\zenodo\panoramic_radiography_yolo_dataset_14_classes\train\images\479.jpg,train/images/479.jpg,train,C:\Pywork\dental\dental\data\raw\zenodo\panoramic_radiography_yolo_dataset_14_classes\train\images\382.jpg,train/images/382.jpg,train,roboflow,dhash,0,exclude
C:\Pywork\dental\dental\data\raw\zenodo\panoramic_radiography_yolo_dataset_14_classes\train\images\482.jpg,train/images/482.jpg,train,C:\Pywork\dental\dental\data\raw\zenodo\panoramic_radiography_yolo_dataset_14_classes\train\images\386.jpg,train/images/386.jpg,train,roboflow,dhash,0,exclude
C:\Pywork\dental\dental\data\raw\zenodo\panoramic_radiography_yolo_dataset_14_classes\train\images\483.jpg,train/images/483.jpg,train,C:\Pywork\dental\dental\data\raw\zenodo\panoramic_radiography_yolo_dataset_14_classes\train\images\387.jpg,train/images/387.jpg,train,roboflow,dhash,0,exclude
C:\Pywork\dental\dental\data\raw\zenodo\panoramic_radiography_yolo_dataset_14_classes\train\images\487.jpg,train/images/487.jpg,train,C:\Pywork\dental\dental\data\raw\zenodo\panoramic_radiography_yolo_dataset_14_classes\train\images\389.jpg,train/images/389.jpg,train,roboflow,dhash,0,exclude
C:\Pywork\dental\dental\data\raw\zenodo\panoramic_radiography_yolo_dataset_14_classes\train\images\491.jpg,train/images/491.jpg,train,C:\Pywork\dental\dental\data\raw\zenodo\panoramic_radiography_yolo_dataset_14_classes\train\images\397.jpg,train/images/397.jpg,train,roboflow,dhash,0,exclude
C:\Pywork\dental\dental\data\raw\zenodo\panoramic_radiography_yolo_dataset_14_classes\train\images\499.jpg,train/images/499.jpg,train,C:\Pywork\dental\dental\data\raw\zenodo\panoramic_radiography_yolo_dataset_14_classes\train\images\392.jpg,train/images/392.jpg,train,roboflow,dhash,0,exclude
C:\Pywork\dental\dental\data\raw\zenodo\panoramic_radiography_yolo_dataset_14_classes\train\images\505.jpg,train/images/505.jpg,train,C:\Pywork\dental\dental\data\raw\zenodo\panoramic_radiography_yolo_dataset_14_classes\train\images\33.jpg,train/images/33.jpg,train,roboflow,dhash,0,exclude
C:\Pywork\dental\dental\data\raw\zenodo\panoramic_radiography_yolo_dataset_14_classes\train\images\506.jpg,train/images/506.jpg,train,C:\Pywork\dental\dental\data\raw\zenodo\panoramic_radiography_yolo_dataset_14_classes\train\images\308.jpg,train/images/308.jpg,train,roboflow,dhash,0,exclude
C:\Pywork\dental\dental\data\raw\zenodo\panoramic_radiography_yolo_dataset_14_classes\train\images\508.jpg,train/images/508.jpg,train,C:\Pywork\dental\dental\data\raw\zenodo\panoramic_radiography_yolo_dataset_14_classes\train\images\311.jpg,train/images/311.jpg,train,roboflow,dhash,0,exclude
C:\Pywork\dental\dental\data\raw\zenodo\panoramic_radiography_yolo_dataset_14_classes\train\images\509.jpg,train/images/509.jpg,train,C:\Pywork\dental\dental\data\raw\zenodo\panoramic_radiography_yolo_dataset_14_classes\train\images\313.jpg,train/images/313.jpg,train,roboflow,dhash,0,exclude
C:\Pywork\dental\dental\data\raw\zenodo\panoramic_radiography_yolo_dataset_14_classes\train\images\511.jpg,train/images/511.jpg,train,C:\Pywork\dental\dental\data\raw\zenodo\panoramic_radiography_yolo_dataset_14_classes\train\images\314.jpg,train/images/314.jpg,train,roboflow,dhash,0,exclude
C:\Pywork\dental\dental\data\raw\zenodo\panoramic_radiography_yolo_dataset_14_classes\train\images\513.jpg,train/images/513.jpg,train,C:\Pywork\dental\dental\data\raw\zenodo\panoramic_radiography_yolo_dataset_14_classes\train\images\218.jpg,train/images/218.jpg,train,roboflow,dhash,0,exclude
C:\Pywork\dental\dental\data\raw\zenodo\panoramic_radiography_yolo_dataset_14_classes\train\images\515.jpg,train/images/515.jpg,train,C:\Pywork\dental\dental\data\raw\zenodo\panoramic_radiography_yolo_dataset_14_classes\train\images\316.jpg,train/images/316.jpg,train,roboflow,dhash,0,exclude
C:\Pywork\dental\dental\data\raw\zenodo\panoramic_radiography_yolo_dataset_14_classes\train\images\518.jpg,train/images/518.jpg,train,C:\Pywork\dental\dental\data\raw\zenodo\panoramic_radiography_yolo_dataset_14_classes\train\images\317.jpg,train/images/317.jpg,train,roboflow,dhash,0,exclude
C:\Pywork\dental\dental\data\raw\zenodo\panoramic_radiography_yolo_dataset_14_classes\train\images\523.jpg,train/images/523.jpg,train,C:\Pywork\dental\dental\data\raw\zenodo\panoramic_radiography_yolo_dataset_14_classes\train\images\321.jpg,train/images/321.jpg,train,roboflow,dhash,0,exclude
C:\Pywork\dental\dental\data\raw\zenodo\panoramic_radiography_yolo_dataset_14_classes\train\images\525.jpg,train/images/525.jpg,train,C:\Pywork\dental\dental\data\raw\zenodo\panoramic_radiography_yolo_dataset_14_classes\train\images\225.jpg,train/images/225.jpg,train,roboflow,dhash,0,exclude
C:\Pywork\dental\dental\data\raw\zenodo\panoramic_radiography_yolo_dataset_14_classes\train\images\526.jpg,train/images/526.jpg,train,C:\Pywork\dental\dental\data\raw\zenodo\panoramic_radiography_yolo_dataset_14_classes\train\images\322.jpg,train/images/322.jpg,train,roboflow,dhash,0,exclude
C:\Pywork\dental\dental\data\raw\zenodo\panoramic_radiography_yolo_dataset_14_classes\train\images\532.jpg,train/images/532.jpg,train,C:\Pywork\dental\dental\data\raw\zenodo\panoramic_radiography_yolo_dataset_14_classes\train\images\325.jpg,train/images/325.jpg,train,roboflow,dhash,0,exclude
C:\Pywork\dental\dental\data\raw\zenodo\panoramic_radiography_yolo_dataset_14_classes\train\images\533.jpg,train/images/533.jpg,train,C:\Pywork\dental\dental\data\raw\zenodo\panoramic_radiography_yolo_dataset_14_classes\train\images\326.jpg,train/images/326.jpg,train,roboflow,dhash,0,exclude
C:\Pywork\dental\dental\data\raw\zenodo\panoramic_radiography_yolo_dataset_14_classes\train\images\534.jpg,train/images/534.jpg,train,C:\Pywork\dental\dental\data\raw\zenodo\panoramic_radiography_yolo_dataset_14_classes\train\images\326.jpg,train/images/326.jpg,train,roboflow,dhash,0,exclude
C:\Pywork\dental\dental\data\raw\zenodo\panoramic_radiography_yolo_dataset_14_classes\train\images\537.jpg,train/images/537.jpg,train,C:\Pywork\dental\dental\data\raw\zenodo\panoramic_radiography_yolo_dataset_14_classes\train\images\329.jpg,train/images/329.jpg,train,roboflow,dhash,0,exclude
C:\Pywork\dental\dental\data\raw\zenodo\panoramic_radiography_yolo_dataset_14_classes\train\images\541.jpg,train/images/541.jpg,train,C:\Pywork\dental\dental\data\raw\zenodo\panoramic_radiography_yolo_dataset_14_classes\train\images\331.jpg,train/images/331.jpg,train,roboflow,dhash,0,exclude
C:\Pywork\dental\dental\data\raw\zenodo\panoramic_radiography_yolo_dataset_14_classes\train\images\543.jpg,train/images/543.jpg,train,C:\Pywork\dental\dental\data\raw\zenodo\panoramic_radiography_yolo_dataset_14_classes\train\images\332.jpg,train/images/332.jpg,train,roboflow,dhash,0,exclude
C:\Pywork\dental\dental\data\raw\zenodo\panoramic_radiography_yolo_dataset_14_classes\train\images\544.jpg,train/images/544.jpg,train,C:\Pywork\dental\dental\data\raw\zenodo\panoramic_radiography_yolo_dataset_14_classes\train\images\333.jpg,train/images/333.jpg,train,roboflow,dhash,0,exclude
C:\Pywork\dental\dental\data\raw\zenodo\panoramic_radiography_yolo_dataset_14_classes\train\images\545.jpg,train/images/545.jpg,train,C:\Pywork\dental\dental\data\raw\zenodo\panoramic_radiography_yolo_dataset_14_classes\train\images\334.jpg,train/images/334.jpg,train,roboflow,dhash,0,exclude
C:\Pywork\dental\dental\data\raw\zenodo\panoramic_radiography_yolo_dataset_14_classes\train\images\547.jpg,train/images/547.jpg,train,C:\Pywork\dental\dental\data\raw\zenodo\panoramic_radiography_yolo_dataset_14_classes\train\images\237.jpg,train/images/237.jpg,train,roboflow,dhash,0,exclude
C:\Pywork\dental\dental\data\raw\zenodo\panoramic_radiography_yolo_dataset_14_classes\train\images\548.jpg,train/images/548.jpg,train,C:\Pywork\dental\dental\data\raw\zenodo\panoramic_radiography_yolo_dataset_14_classes\train\images\503.jpg,train/images/503.jpg,train,roboflow,dhash,4,exclude
C:\Pywork\dental\dental\data\raw\zenodo\panoramic_radiography_yolo_dataset_14_classes\train\images\552.jpg,train/images/552.jpg,train,C:\Pywork\dental\dental\data\raw\zenodo\panoramic_radiography_yolo_dataset_14_classes\train\images\335.jpg,train/images/335.jpg,train,roboflow,dhash,0,exclude
C:\Pywork\dental\dental\data\raw\zenodo\panoramic_radiography_yolo_dataset_14_classes\train\images\553.jpg,train/images/553.jpg,train,C:\Pywork\dental\dental\data\raw\zenodo\panoramic_radiography_yolo_dataset_14_classes\train\images\336.jpg,train/images/336.jpg,train,roboflow,dhash,0,exclude
C:\Pywork\dental\dental\data\raw\zenodo\panoramic_radiography_yolo_dataset_14_classes\train\images\555.jpg,train/images/555.jpg,train,C:\Pywork\dental\dental\data\raw\zenodo\panoramic_radiography_yolo_dataset_14_classes\train\images\337.jpg,train/images/337.jpg,train,roboflow,dhash,0,exclude
C:\Pywork\dental\dental\data\raw\zenodo\panoramic_radiography_yolo_dataset_14_classes\train\images\556.jpg,train/images/556.jpg,train,C:\Pywork\dental\dental\data\raw\zenodo\panoramic_radiography_yolo_dataset_14_classes\train\images\1445.jpg,train/images/1445.jpg,train,roboflow,dhash,3,exclude
C:\Pywork\dental\dental\data\raw\zenodo\panoramic_radiography_yolo_dataset_14_classes\train\images\557.jpg,train/images/557.jpg,train,C:\Pywork\dental\dental\data\raw\zenodo\panoramic_radiography_yolo_dataset_14_classes\train\images\339.jpg,train/images/339.jpg,train,roboflow,dhash,0,exclude
C:\Pywork\dental\dental\data\raw\zenodo\panoramic_radiography_yolo_dataset_14_classes\train\images\558.jpg,train/images/558.jpg,train,C:\Pywork\dental\dental\data\raw\zenodo\panoramic_radiography_yolo_dataset_14_classes\train\images\556.jpg,train/images/556.jpg,train,roboflow,dhash,4,exclude
C:\Pywork\dental\dental\data\raw\zenodo\panoramic_radiography_yolo_dataset_14_classes\train\images\559.jpg,train/images/559.jpg,train,C:\Pywork\dental\dental\data\raw\zenodo\panoramic_radiography_yolo_dataset_14_classes\train\images\243.jpg,train/images/243.jpg,train,roboflow,dhash,0,exclude
C:\Pywork\dental\dental\data\raw\zenodo\panoramic_radiography_yolo_dataset_14_classes\train\images\561.jpg,train/images/561.jpg,train,C:\Pywork\dental\dental\data\raw\zenodo\panoramic_radiography_yolo_dataset_14_classes\train\images\399.jpg,train/images/399.jpg,train,roboflow,dhash,0,exclude
C:\Pywork\dental\dental\data\raw\zenodo\panoramic_radiography_yolo_dataset_14_classes\train\images\565.jpg,train/images/565.jpg,train,C:\Pywork\dental\dental\data\raw\zenodo\panoramic_radiography_yolo_dataset_14_classes\train\images\248.jpg,train/images/248.jpg,train,roboflow,dhash,0,exclude
C:\Pywork\dental\dental\data\raw\zenodo\panoramic_radiography_yolo_dataset_14_classes\train\images\568.jpg,train/images/568.jpg,train,C:\Pywork\dental\dental\data\raw\zenodo\panoramic_radiography_yolo_dataset_14_classes\train\images\342.jpg,train/images/342.jpg,train,roboflow,dhash,0,exclude
C:\Pywork\dental\dental\data\raw\zenodo\panoramic_radiography_yolo_dataset_14_classes\train\images\571.jpg,train/images/571.jpg,train,C:\Pywork\dental\dental\data\raw\zenodo\panoramic_radiography_yolo_dataset_14_classes\train\images\251.jpg,train/images/251.jpg,train,roboflow,dhash,0,exclude
C:\Pywork\dental\dental\data\raw\zenodo\panoramic_radiography_yolo_dataset_14_classes\train\images\572.jpg,train/images/572.jpg,train,C:\Pywork\dental\dental\data\raw\zenodo\panoramic_radiography_yolo_dataset_14_classes\train\images\347.jpg,train/images/347.jpg,train,roboflow,dhash,0,exclude
C:\Pywork\dental\dental\data\raw\zenodo\panoramic_radiography_yolo_dataset_14_classes\train\images\573.jpg,train/images/573.jpg,train,C:\Pywork\dental\dental\data\raw\zenodo\panoramic_radiography_yolo_dataset_14_classes\train\images\252.jpg,train/images/252.jpg,train,roboflow,dhash,0,exclude
C:\Pywork\dental\dental\data\raw\zenodo\panoramic_radiography_yolo_dataset_14_classes\train\images\575.jpg,train/images/575.jpg,train,C:\Pywork\dental\dental\data\raw\zenodo\panoramic_radiography_yolo_dataset_14_classes\train\images\349.jpg,train/images/349.jpg,train,roboflow,dhash,0,exclude
C:\Pywork\dental\dental\data\raw\zenodo\panoramic_radiography_yolo_dataset_14_classes\train\images\578.jpg,train/images/578.jpg,train,C:\Pywork\dental\dental\data\raw\zenodo\panoramic_radiography_yolo_dataset_14_classes\train\images\351.jpg,train/images/351.jpg,train,roboflow,dhash,0,exclude
C:\Pywork\dental\dental\data\raw\zenodo\panoramic_radiography_yolo_dataset_14_classes\train\images\581.jpg,train/images/581.jpg,train,C:\Pywork\dental\dental\data\raw\zenodo\panoramic_radiography_yolo_dataset_14_classes\train\images\353.jpg,train/images/353.jpg,train,roboflow,dhash,0,exclude
C:\Pywork\dental\dental\data\raw\zenodo\panoramic_radiography_yolo_dataset_14_classes\train\images\582.jpg,train/images/582.jpg,train,C:\Pywork\dental\dental\data\raw\zenodo\panoramic_radiography_yolo_dataset_14_classes\train\images\346.jpg,train/images/346.jpg,train,roboflow,dhash,4,exclude
C:\Pywork\dental\dental\data\raw\zenodo\panoramic_radiography_yolo_dataset_14_classes\train\images\587.jpg,train/images/587.jpg,train,C:\Pywork\dental\dental\data\raw\zenodo\panoramic_radiography_yolo_dataset_14_classes\train\images\354.jpg,train/images/354.jpg,train,roboflow,dhash,0,exclude
C:\Pywork\dental\dental\data\raw\zenodo\panoramic_radiography_yolo_dataset_14_classes\train\images\589.jpg,train/images/589.jpg,train,C:\Pywork\dental\dental\data\raw\zenodo\panoramic_radiography_yolo_dataset_14_classes\train\images\355.jpg,train/images/355.jpg,train,roboflow,dhash,0,exclude
C:\Pywork\dental\dental\data\raw\zenodo\panoramic_radiography_yolo_dataset_14_classes\train\images\592.jpg,train/images/592.jpg,train,C:\Pywork\dental\dental\data\raw\zenodo\panoramic_radiography_yolo_dataset_14_classes\train\images\358.jpg,train/images/358.jpg,train,roboflow,dhash,0,exclude
C:\Pywork\dental\dental\data\raw\zenodo\panoramic_radiography_yolo_dataset_14_classes\train\images\593.jpg,train/images/593.jpg,train,C:\Pywork\dental\dental\data\raw\zenodo\panoramic_radiography_yolo_dataset_14_classes\train\images\256.jpg,train/images/256.jpg,train,roboflow,dhash,0,exclude
C:\Pywork\dental\dental\data\raw\zenodo\panoramic_radiography_yolo_dataset_14_classes\train\images\594.jpg,train/images/594.jpg,train,C:\Pywork\dental\dental\data\raw\zenodo\panoramic_radiography_yolo_dataset_14_classes\train\images\359.jpg,train/images/359.jpg,train,roboflow,dhash,0,exclude
C:\Pywork\dental\dental\data\raw\zenodo\panoramic_radiography_yolo_dataset_14_classes\train\images\6.jpg,train/images/6.jpg,train,C:\Pywork\dental\dental\data\raw\zenodo\panoramic_radiography_yolo_dataset_14_classes\train\images\1105.jpg,train/images/1105.jpg,train,roboflow,dhash,4,exclude
C:\Pywork\dental\dental\data\raw\zenodo\panoramic_radiography_yolo_dataset_14_classes\train\images\616.jpg,train/images/616.jpg,train,C:\Pywork\dental\dental\data\raw\zenodo\panoramic_radiography_yolo_dataset_14_classes\train\images\216.jpg,train/images/216.jpg,train,roboflow,dhash,4,exclude
C:\Pywork\dental\dental\data\raw\zenodo\panoramic_radiography_yolo_dataset_14_classes\train\images\643.jpg,train/images/643.jpg,train,C:\Pywork\dental\dental\data\raw\zenodo\panoramic_radiography_yolo_dataset_14_classes\train\images\1062.jpg,train/images/1062.jpg,train,roboflow,dhash,2,exclude
C:\Pywork\dental\dental\data\raw\zenodo\panoramic_radiography_yolo_dataset_14_classes\train\images\652.jpg,train/images/652.jpg,train,C:\Pywork\dental\dental\data\raw\zenodo\panoramic_radiography_yolo_dataset_14_classes\train\images\262.jpg,train/images/262.jpg,train,roboflow,dhash,3,exclude
C:\Pywork\dental\dental\data\raw\zenodo\panoramic_radiography_yolo_dataset_14_classes\train\images\658.jpg,train/images/658.jpg,train,C:\Pywork\dental\dental\data\raw\zenodo\panoramic_radiography_yolo_dataset_14_classes\train\images\1052.jpg,train/images/1052.jpg,train,roboflow,dhash,0,exclude
C:\Pywork\dental\dental\data\raw\zenodo\panoramic_radiography_yolo_dataset_14_classes\train\images\662.jpg,train/images/662.jpg,train,C:\Pywork\dental\dental\data\raw\zenodo\panoramic_radiography_yolo_dataset_14_classes\train\images\346.jpg,train/images/346.jpg,train,roboflow,dhash,2,exclude
C:\Pywork\dental\dental\data\raw\zenodo\panoramic_radiography_yolo_dataset_14_classes\train\images\666.jpg,train/images/666.jpg,train,C:\Pywork\dental\dental\data\raw\zenodo\panoramic_radiography_yolo_dataset_14_classes\train\images\186.jpg,train/images/186.jpg,train,roboflow,dhash,4,exclude
C:\Pywork\dental\dental\data\raw\zenodo\panoramic_radiography_yolo_dataset_14_classes\train\images\67.jpg,train/images/67.jpg,train,C:\Pywork\dental\dental\data\raw\zenodo\panoramic_radiography_yolo_dataset_14_classes\train\images\418.jpg,train/images/418.jpg,train,roboflow,dhash,0,exclude
C:\Pywork\dental\dental\data\raw\zenodo\panoramic_radiography_yolo_dataset_14_classes\train\images\683.jpg,train/images/683.jpg,train,C:\Pywork\dental\dental\data\raw\zenodo\panoramic_radiography_yolo_dataset_14_classes\train\images\1093.jpg,train/images/1093.jpg,train,roboflow,dhash,0,exclude
C:\Pywork\dental\dental\data\raw\zenodo\panoramic_radiography_yolo_dataset_14_classes\train\images\695.jpg,train/images/695.jpg,train,C:\Pywork\dental\dental\data\raw\zenodo\panoramic_radiography_yolo_dataset_14_classes\train\images\1114.jpg,train/images/1114.jpg,train,roboflow,dhash,1,exclude
C:\Pywork\dental\dental\data\raw\zenodo\panoramic_radiography_yolo_dataset_14_classes\train\images\696.jpg,train/images/696.jpg,train,C:\Pywork\dental\dental\data\raw\zenodo\panoramic_radiography_yolo_dataset_14_classes\train\images\1169.jpg,train/images/1169.jpg,train,roboflow,dhash,3,exclude
C:\Pywork\dental\dental\data\raw\zenodo\panoramic_radiography_yolo_dataset_14_classes\train\images\711.jpg,train/images/711.jpg,train,C:\Pywork\dental\dental\data\raw\zenodo\panoramic_radiography_yolo_dataset_14_classes\train\images\213.jpg,train/images/213.jpg,train,roboflow,dhash,0,exclude
C:\Pywork\dental\dental\data\raw\zenodo\panoramic_radiography_yolo_dataset_14_classes\train\images\72.jpg,train/images/72.jpg,train,C:\Pywork\dental\dental\data\raw\zenodo\panoramic_radiography_yolo_dataset_14_classes\train\images\429.jpg,train/images/429.jpg,train,roboflow,dhash,3,exclude
C:\Pywork\dental\dental\data\raw\zenodo\panoramic_radiography_yolo_dataset_14_classes\train\images\722.jpg,train/images/722.jpg,train,C:\Pywork\dental\dental\data\raw\zenodo\panoramic_radiography_yolo_dataset_14_classes\train\images\1513.jpg,train/images/1513.jpg,train,roboflow,dhash,0,exclude
C:\Pywork\dental\dental\data\raw\zenodo\panoramic_radiography_yolo_dataset_14_classes\train\images\725.jpg,train/images/725.jpg,train,C:\Pywork\dental\dental\data\raw\zenodo\panoramic_radiography_yolo_dataset_14_classes\train\images\1487.jpg,train/images/1487.jpg,train,roboflow,dhash,0,exclude
C:\Pywork\dental\dental\data\raw\zenodo\panoramic_radiography_yolo_dataset_14_classes\train\images\73.jpg,train/images/73.jpg,train,C:\Pywork\dental\dental\data\raw\zenodo\panoramic_radiography_yolo_dataset_14_classes\train\images\431.jpg,train/images/431.jpg,train,roboflow,dhash,0,exclude
C:\Pywork\dental\dental\data\raw\zenodo\panoramic_radiography_yolo_dataset_14_classes\train\images\731.jpg,train/images/731.jpg,train,C:\Pywork\dental\dental\data\raw\zenodo\panoramic_radiography_yolo_dataset_14_classes\train\images\1485.jpg,train/images/1485.jpg,train,roboflow,dhash,0,exclude
C:\Pywork\dental\dental\data\raw\zenodo\panoramic_radiography_yolo_dataset_14_classes\train\images\739.jpg,train/images/739.jpg,train,C:\Pywork\dental\dental\data\raw\zenodo\panoramic_radiography_yolo_dataset_14_classes\train\images\1522.jpg,train/images/1522.jpg,train,roboflow,dhash,1,exclude
C:\Pywork\dental\dental\data\raw\zenodo\panoramic_radiography_yolo_dataset_14_classes\train\images\754.jpg,train/images/754.jpg,train,C:\Pywork\dental\dental\data\raw\zenodo\panoramic_radiography_yolo_dataset_14_classes\train\images\1479.jpg,train/images/1479.jpg,train,roboflow,dhash,0,exclude
C:\Pywork\dental\dental\data\raw\zenodo\panoramic_radiography_yolo_dataset_14_classes\train\images\758.jpg,train/images/758.jpg,train,C:\Pywork\dental\dental\data\raw\zenodo\panoramic_radiography_yolo_dataset_14_classes\train\images\1518.jpg,train/images/1518.jpg,train,roboflow,dhash,0,exclude
C:\Pywork\dental\dental\data\raw\zenodo\panoramic_radiography_yolo_dataset_14_classes\train\images\759.jpg,train/images/759.jpg,train,C:\Pywork\dental\dental\data\raw\zenodo\panoramic_radiography_yolo_dataset_14_classes\train\images\1298.jpg,train/images/1298.jpg,train,roboflow,dhash,4,exclude
C:\Pywork\dental\dental\data\raw\zenodo\panoramic_radiography_yolo_dataset_14_classes\train\images\77.jpg,train/images/77.jpg,train,C:\Pywork\dental\dental\data\raw\zenodo\panoramic_radiography_yolo_dataset_14_classes\train\images\1535.jpg,train/images/1535.jpg,train,roboflow,dhash,4,exclude
C:\Pywork\dental\dental\data\raw\zenodo\panoramic_radiography_yolo_dataset_14_classes\train\images\771.jpg,train/images/771.jpg,train,C:\Pywork\dental\dental\data\raw\zenodo\panoramic_radiography_yolo_dataset_14_classes\train\images\258.jpg,train/images/258.jpg,train,roboflow,dhash,0,exclude
C:\Pywork\dental\dental\data\raw\zenodo\panoramic_radiography_yolo_dataset_14_classes\train\images\791.jpg,train/images/791.jpg,train,C:\Pywork\dental\dental\data\raw\zenodo\panoramic_radiography_yolo_dataset_14_classes\train\images\1525.jpg,train/images/1525.jpg,train,roboflow,dhash,4,exclude
C:\Pywork\dental\dental\data\raw\zenodo\panoramic_radiography_yolo_dataset_14_classes\train\images\802.jpg,train/images/802.jpg,train,C:\Pywork\dental\dental\data\raw\zenodo\panoramic_radiography_yolo_dataset_14_classes\train\images\453.jpg,train/images/453.jpg,train,roboflow,dhash,0,exclude
C:\Pywork\dental\dental\data\raw\zenodo\panoramic_radiography_yolo_dataset_14_classes\train\images\805.jpg,train/images/805.jpg,train,C:\Pywork\dental\dental\data\raw\zenodo\panoramic_radiography_yolo_dataset_14_classes\train\images\703.jpg,train/images/703.jpg,train,roboflow,dhash,0,exclude
C:\Pywork\dental\dental\data\raw\zenodo\panoramic_radiography_yolo_dataset_14_classes\train\images\806.jpg,train/images/806.jpg,train,C:\Pywork\dental\dental\data\raw\zenodo\panoramic_radiography_yolo_dataset_14_classes\train\images\704.jpg,train/images/704.jpg,train,roboflow,dhash,0,exclude
C:\Pywork\dental\dental\data\raw\zenodo\panoramic_radiography_yolo_dataset_14_classes\train\images\808.jpg,train/images/808.jpg,train,C:\Pywork\dental\dental\data\raw\zenodo\panoramic_radiography_yolo_dataset_14_classes\train\images\705.jpg,train/images/705.jpg,train,roboflow,dhash,0,exclude
C:\Pywork\dental\dental\data\raw\zenodo\panoramic_radiography_yolo_dataset_14_classes\train\images\811.jpg,train/images/811.jpg,train,C:\Pywork\dental\dental\data\raw\zenodo\panoramic_radiography_yolo_dataset_14_classes\test\images\v68.jpg,test/images/v68.jpg,test,roboflow,dhash,3,exclude
C:\Pywork\dental\dental\data\raw\zenodo\panoramic_radiography_yolo_dataset_14_classes\train\images\817.jpg,train/images/817.jpg,train,C:\Pywork\dental\dental\data\raw\zenodo\panoramic_radiography_yolo_dataset_14_classes\train\images\708.jpg,train/images/708.jpg,train,roboflow,dhash,0,exclude
C:\Pywork\dental\dental\data\raw\zenodo\panoramic_radiography_yolo_dataset_14_classes\train\images\821.jpg,train/images/821.jpg,train,C:\Pywork\dental\dental\data\raw\zenodo\panoramic_radiography_yolo_dataset_14_classes\train\images\1455.jpg,train/images/1455.jpg,train,roboflow,dhash,4,exclude
C:\Pywork\dental\dental\data\raw\zenodo\panoramic_radiography_yolo_dataset_14_classes\train\images\825.jpg,train/images/825.jpg,train,C:\Pywork\dental\dental\data\raw\zenodo\panoramic_radiography_yolo_dataset_14_classes\train\images\313.jpg,train/images/313.jpg,train,roboflow,dhash,2,exclude
C:\Pywork\dental\dental\data\raw\zenodo\panoramic_radiography_yolo_dataset_14_classes\train\images\826.jpg,train/images/826.jpg,train,C:\Pywork\dental\dental\data\raw\zenodo\panoramic_radiography_yolo_dataset_14_classes\train\images\712.jpg,train/images/712.jpg,train,roboflow,dhash,0,exclude
C:\Pywork\dental\dental\data\raw\zenodo\panoramic_radiography_yolo_dataset_14_classes\train\images\829.jpg,train/images/829.jpg,train,C:\Pywork\dental\dental\data\raw\zenodo\panoramic_radiography_yolo_dataset_14_classes\train\images\715.jpg,train/images/715.jpg,train,roboflow,dhash,0,exclude
C:\Pywork\dental\dental\data\raw\zenodo\panoramic_radiography_yolo_dataset_14_classes\train\images\842.jpg,train/images/842.jpg,train,C:\Pywork\dental\dental\data\raw\zenodo\panoramic_radiography_yolo_dataset_14_classes\train\images\622.jpg,train/images/622.jpg,train,roboflow,dhash,0,exclude
C:\Pywork\dental\dental\data\raw\zenodo\panoramic_radiography_yolo_dataset_14_classes\train\images\905.jpg,train/images/905.jpg,train,C:\Pywork\dental\dental\data\raw\zenodo\panoramic_radiography_yolo_dataset_14_classes\train\images\278.jpg,train/images/278.jpg,train,roboflow,dhash,0,exclude
C:\Pywork\dental\dental\data\raw\zenodo\panoramic_radiography_yolo_dataset_14_classes\train\images\926.jpg,train/images/926.jpg,train,C:\Pywork\dental\dental\data\raw\zenodo\panoramic_radiography_yolo_dataset_14_classes\train\images\186.jpg,train/images/186.jpg,train,roboflow,dhash,3,exclude
C:\Pywork\dental\dental\data\raw\zenodo\panoramic_radiography_yolo_dataset_14_classes\train\images\927.jpg,train/images/927.jpg,train,C:\Pywork\dental\dental\data\raw\zenodo\panoramic_radiography_yolo_dataset_14_classes\train\images\695.jpg,train/images/695.jpg,train,roboflow,dhash,4,exclude
C:\Pywork\dental\dental\data\raw\zenodo\panoramic_radiography_yolo_dataset_14_classes\train\images\928.jpg,train/images/928.jpg,train,C:\Pywork\dental\dental\data\raw\zenodo\panoramic_radiography_yolo_dataset_14_classes\train\images\899.jpg,train/images/899.jpg,train,roboflow,dhash,4,exclude
C:\Pywork\dental\dental\data\raw\zenodo\panoramic_radiography_yolo_dataset_14_classes\train\images\946.jpg,train/images/946.jpg,train,C:\Pywork\dental\dental\data\raw\zenodo\panoramic_radiography_yolo_dataset_14_classes\train\images\394.jpg,train/images/394.jpg,train,roboflow,dhash,4,exclude
C:\Pywork\dental\dental\data\raw\zenodo\panoramic_radiography_yolo_dataset_14_classes\train\images\952.jpg,train/images/952.jpg,train,C:\Pywork\dental\dental\data\raw\zenodo\panoramic_radiography_yolo_dataset_14_classes\train\images\293.jpg,train/images/293.jpg,train,roboflow,dhash,0,exclude
C:\Pywork\dental\dental\data\raw\zenodo\panoramic_radiography_yolo_dataset_14_classes\train\images\957.jpg,train/images/957.jpg,train,C:\Pywork\dental\dental\data\raw\zenodo\panoramic_radiography_yolo_dataset_14_classes\train\images\103.jpg,train/images/103.jpg,train,roboflow,dhash,3,exclude
C:\Pywork\dental\dental\data\raw\zenodo\panoramic_radiography_yolo_dataset_14_classes\train\images\97.jpg,train/images/97.jpg,train,C:\Pywork\dental\dental\data\raw\zenodo\panoramic_radiography_yolo_dataset_14_classes\train\images\43.jpg,train/images/43.jpg,train,roboflow,dhash,4,exclude
C:\Pywork\dental\dental\data\raw\zenodo\panoramic_radiography_yolo_dataset_14_classes\train\images\983.jpg,train/images/983.jpg,train,C:\Pywork\dental\dental\data\raw\zenodo\panoramic_radiography_yolo_dataset_14_classes\train\images\298.jpg,train/images/298.jpg,train,roboflow,dhash,0,exclude
C:\Pywork\dental\dental\data\raw\zenodo\panoramic_radiography_yolo_dataset_14_classes\train\images\99.jpg,train/images/99.jpg,train,C:\Pywork\dental\dental\data\raw\zenodo\panoramic_radiography_yolo_dataset_14_classes\train\images\926.jpg,train/images/926.jpg,train,roboflow,dhash,1,exclude
C:\Pywork\dental\dental\data\raw\zenodo\panoramic_radiography_yolo_dataset_14_classes\train\images\992.jpg,train/images/992.jpg,train,C:\Pywork\dental\dental\data\raw\zenodo\panoramic_radiography_yolo_dataset_14_classes\train\images\1151.jpg,train/images/1151.jpg,train,roboflow,dhash,2,exclude
C:\Pywork\dental\dental\data\raw\zenodo\panoramic_radiography_yolo_dataset_14_classes\train\images\999.jpg,train/images/999.jpg,train,C:\Pywork\dental\dental\data\raw\zenodo\panoramic_radiography_yolo_dataset_14_classes\train\images\1451.jpg,train/images/1451.jpg,train,roboflow,dhash,0,exclude
C:\Pywork\dental\dental\data\raw\zenodo\panoramic_radiography_yolo_dataset_14_classes\valid\images\1000.jpg,valid/images/1000.jpg,val,C:\Pywork\dental\dental\data\raw\zenodo\panoramic_radiography_yolo_dataset_14_classes\train\images\989.jpg,train/images/989.jpg,train,roboflow,dhash,0,exclude
C:\Pywork\dental\dental\data\raw\zenodo\panoramic_radiography_yolo_dataset_14_classes\valid\images\1010.jpg,valid/images/1010.jpg,val,C:\Pywork\dental\dental\data\raw\zenodo\panoramic_radiography_yolo_dataset_14_classes\train\images\1191.jpg,train/images/1191.jpg,train,roboflow,dhash,0,exclude
C:\Pywork\dental\dental\data\raw\zenodo\panoramic_radiography_yolo_dataset_14_classes\valid\images\1020.jpg,valid/images/1020.jpg,val,C:\Pywork\dental\dental\data\raw\zenodo\panoramic_radiography_yolo_dataset_14_classes\train\images\1207.jpg,train/images/1207.jpg,train,roboflow,dhash,0,exclude
C:\Pywork\dental\dental\data\raw\zenodo\panoramic_radiography_yolo_dataset_14_classes\valid\images\1030.jpg,valid/images/1030.jpg,val,C:\Pywork\dental\dental\data\raw\zenodo\panoramic_radiography_yolo_dataset_14_classes\train\images\1225.jpg,train/images/1225.jpg,train,roboflow,dhash,0,exclude
C:\Pywork\dental\dental\data\raw\zenodo\panoramic_radiography_yolo_dataset_14_classes\valid\images\1040.jpg,valid/images/1040.jpg,val,C:\Pywork\dental\dental\data\raw\zenodo\panoramic_radiography_yolo_dataset_14_classes\train\images\1239.jpg,train/images/1239.jpg,train,roboflow,dhash,0,exclude
C:\Pywork\dental\dental\data\raw\zenodo\panoramic_radiography_yolo_dataset_14_classes\valid\images\1050.jpg,valid/images/1050.jpg,val,C:\Pywork\dental\dental\data\raw\zenodo\panoramic_radiography_yolo_dataset_14_classes\train\images\1254.jpg,train/images/1254.jpg,train,roboflow,dhash,0,exclude
C:\Pywork\dental\dental\data\raw\zenodo\panoramic_radiography_yolo_dataset_14_classes\valid\images\1060.jpg,valid/images/1060.jpg,val,C:\Pywork\dental\dental\data\raw\zenodo\panoramic_radiography_yolo_dataset_14_classes\train\images\1276.jpg,train/images/1276.jpg,train,roboflow,dhash,0,exclude
C:\Pywork\dental\dental\data\raw\zenodo\panoramic_radiography_yolo_dataset_14_classes\valid\images\1090.jpg,valid/images/1090.jpg,val,C:\Pywork\dental\dental\data\raw\zenodo\panoramic_radiography_yolo_dataset_14_classes\train\images\1298.jpg,train/images/1298.jpg,train,roboflow,dhash,0,exclude
C:\Pywork\dental\dental\data\raw\zenodo\panoramic_radiography_yolo_dataset_14_classes\valid\images\1100.jpg,valid/images/1100.jpg,val,C:\Pywork\dental\dental\data\raw\zenodo\panoramic_radiography_yolo_dataset_14_classes\train\images\1315.jpg,train/images/1315.jpg,train,roboflow,dhash,0,exclude
C:\Pywork\dental\dental\data\raw\zenodo\panoramic_radiography_yolo_dataset_14_classes\valid\images\1130.jpg,valid/images/1130.jpg,val,C:\Pywork\dental\dental\data\raw\zenodo\panoramic_radiography_yolo_dataset_14_classes\train\images\1108.jpg,train/images/1108.jpg,train,roboflow,dhash,3,exclude
C:\Pywork\dental\dental\data\raw\zenodo\panoramic_radiography_yolo_dataset_14_classes\valid\images\1190.jpg,valid/images/1190.jpg,val,C:\Pywork\dental\dental\data\raw\zenodo\panoramic_radiography_yolo_dataset_14_classes\train\images\1009.jpg,train/images/1009.jpg,train,roboflow,dhash,0,exclude
C:\Pywork\dental\dental\data\raw\zenodo\panoramic_radiography_yolo_dataset_14_classes\valid\images\120.jpg,valid/images/120.jpg,val,C:\Pywork\dental\dental\data\raw\zenodo\panoramic_radiography_yolo_dataset_14_classes\train\images\1357.jpg,train/images/1357.jpg,train,roboflow,dhash,4,exclude
C:\Pywork\dental\dental\data\raw\zenodo\panoramic_radiography_yolo_dataset_14_classes\valid\images\1200.jpg,valid/images/1200.jpg,val,C:\Pywork\dental\dental\data\raw\zenodo\panoramic_radiography_yolo_dataset_14_classes\train\images\1014.jpg,train/images/1014.jpg,train,roboflow,dhash,0,exclude
C:\Pywork\dental\dental\data\raw\zenodo\panoramic_radiography_yolo_dataset_14_classes\valid\images\1210.jpg,valid/images/1210.jpg,val,C:\Pywork\dental\dental\data\raw\zenodo\panoramic_radiography_yolo_dataset_14_classes\train\images\1209.jpg,train/images/1209.jpg,train,roboflow,dhash,0,exclude
C:\Pywork\dental\dental\data\raw\zenodo\panoramic_radiography_yolo_dataset_14_classes\valid\images\1230.jpg,valid/images/1230.jpg,val,C:\Pywork\dental\dental\data\raw\zenodo\panoramic_radiography_yolo_dataset_14_classes\train\images\1036.jpg,train/images/1036.jpg,train,roboflow,dhash,0,exclude
C:\Pywork\dental\dental\data\raw\zenodo\panoramic_radiography_yolo_dataset_14_classes\valid\images\1240.jpg,valid/images/1240.jpg,val,C:\Pywork\dental\dental\data\raw\zenodo\panoramic_radiography_yolo_dataset_14_classes\train\images\1041.jpg,train/images/1041.jpg,train,roboflow,dhash,0,exclude
C:\Pywork\dental\dental\data\raw\zenodo\panoramic_radiography_yolo_dataset_14_classes\valid\images\1280.jpg,valid/images/1280.jpg,val,C:\Pywork\dental\dental\data\raw\zenodo\panoramic_radiography_yolo_dataset_14_classes\train\images\1281.jpg,train/images/1281.jpg,train,roboflow,dhash,0,exclude
C:\Pywork\dental\dental\data\raw\zenodo\panoramic_radiography_yolo_dataset_14_classes\valid\images\1300.jpg,valid/images/1300.jpg,val,C:\Pywork\dental\dental\data\raw\zenodo\panoramic_radiography_yolo_dataset_14_classes\train\images\1092.jpg,train/images/1092.jpg,train,roboflow,dhash,0,exclude
C:\Pywork\dental\dental\data\raw\zenodo\panoramic_radiography_yolo_dataset_14_classes\valid\images\1310.jpg,valid/images/1310.jpg,val,C:\Pywork\dental\dental\data\raw\zenodo\panoramic_radiography_yolo_dataset_14_classes\train\images\1097.jpg,train/images/1097.jpg,train,roboflow,dhash,0,exclude
C:\Pywork\dental\dental\data\raw\zenodo\panoramic_radiography_yolo_dataset_14_classes\valid\images\1410.jpg,valid/images/1410.jpg,val,C:\Pywork\dental\dental\data\raw\zenodo\panoramic_radiography_yolo_dataset_14_classes\train\images\1075.jpg,train/images/1075.jpg,train,roboflow,dhash,4,exclude
C:\Pywork\dental\dental\data\raw\zenodo\panoramic_radiography_yolo_dataset_14_classes\valid\images\150.jpg,valid/images/150.jpg,val,C:\Pywork\dental\dental\data\raw\zenodo\panoramic_radiography_yolo_dataset_14_classes\train\images\147.jpg,train/images/147.jpg,train,roboflow,dhash,4,exclude
C:\Pywork\dental\dental\data\raw\zenodo\panoramic_radiography_yolo_dataset_14_classes\valid\images\1550.jpg,valid/images/1550.jpg,val,C:\Pywork\dental\dental\data\raw\zenodo\panoramic_radiography_yolo_dataset_14_classes\train\images\1024.jpg,train/images/1024.jpg,train,roboflow,dhash,4,exclude
C:\Pywork\dental\dental\data\raw\zenodo\panoramic_radiography_yolo_dataset_14_classes\valid\images\210.jpg,valid/images/210.jpg,val,C:\Pywork\dental\dental\data\raw\zenodo\panoramic_radiography_yolo_dataset_14_classes\train\images\409.jpg,train/images/409.jpg,train,roboflow,dhash,0,exclude
C:\Pywork\dental\dental\data\raw\zenodo\panoramic_radiography_yolo_dataset_14_classes\valid\images\220.jpg,valid/images/220.jpg,val,C:\Pywork\dental\dental\data\raw\zenodo\panoramic_radiography_yolo_dataset_14_classes\train\images\519.jpg,train/images/519.jpg,train,roboflow,dhash,0,exclude
C:\Pywork\dental\dental\data\raw\zenodo\panoramic_radiography_yolo_dataset_14_classes\valid\images\250.jpg,valid/images/250.jpg,val,C:\Pywork\dental\dental\data\raw\zenodo\panoramic_radiography_yolo_dataset_14_classes\train\images\746.jpg,train/images/746.jpg,train,roboflow,dhash,0,exclude
C:\Pywork\dental\dental\data\raw\zenodo\panoramic_radiography_yolo_dataset_14_classes\valid\images\280.jpg,valid/images/280.jpg,val,C:\Pywork\dental\dental\data\raw\zenodo\panoramic_radiography_yolo_dataset_14_classes\train\images\459.jpg,train/images/459.jpg,train,roboflow,dhash,0,exclude
C:\Pywork\dental\dental\data\raw\zenodo\panoramic_radiography_yolo_dataset_14_classes\valid\images\310.jpg,valid/images/310.jpg,val,C:\Pywork\dental\dental\data\raw\zenodo\panoramic_radiography_yolo_dataset_14_classes\train\images\507.jpg,train/images/507.jpg,train,roboflow,dhash,0,exclude
C:\Pywork\dental\dental\data\raw\zenodo\panoramic_radiography_yolo_dataset_14_classes\valid\images\320.jpg,valid/images/320.jpg,val,C:\Pywork\dental\dental\data\raw\zenodo\panoramic_radiography_yolo_dataset_14_classes\train\images\521.jpg,train/images/521.jpg,train,roboflow,dhash,0,exclude
C:\Pywork\dental\dental\data\raw\zenodo\panoramic_radiography_yolo_dataset_14_classes\valid\images\330.jpg,valid/images/330.jpg,val,C:\Pywork\dental\dental\data\raw\zenodo\panoramic_radiography_yolo_dataset_14_classes\train\images\538.jpg,train/images/538.jpg,train,roboflow,dhash,0,exclude
C:\Pywork\dental\dental\data\raw\zenodo\panoramic_radiography_yolo_dataset_14_classes\valid\images\340.jpg,valid/images/340.jpg,val,C:\Pywork\dental\dental\data\raw\zenodo\panoramic_radiography_yolo_dataset_14_classes\train\images\558.jpg,train/images/558.jpg,train,roboflow,dhash,0,exclude
C:\Pywork\dental\dental\data\raw\zenodo\panoramic_radiography_yolo_dataset_14_classes\valid\images\350.jpg,valid/images/350.jpg,val,C:\Pywork\dental\dental\data\raw\zenodo\panoramic_radiography_yolo_dataset_14_classes\train\images\576.jpg,train/images/576.jpg,train,roboflow,dhash,0,exclude
C:\Pywork\dental\dental\data\raw\zenodo\panoramic_radiography_yolo_dataset_14_classes\valid\images\360.jpg,valid/images/360.jpg,val,C:\Pywork\dental\dental\data\raw\zenodo\panoramic_radiography_yolo_dataset_14_classes\train\images\597.jpg,train/images/597.jpg,train,roboflow,dhash,0,exclude
C:\Pywork\dental\dental\data\raw\zenodo\panoramic_radiography_yolo_dataset_14_classes\valid\images\370.jpg,valid/images/370.jpg,val,C:\Pywork\dental\dental\data\raw\zenodo\panoramic_radiography_yolo_dataset_14_classes\train\images\428.jpg,train/images/428.jpg,train,roboflow,dhash,0,exclude
C:\Pywork\dental\dental\data\raw\zenodo\panoramic_radiography_yolo_dataset_14_classes\valid\images\380.jpg,valid/images/380.jpg,val,C:\Pywork\dental\dental\data\raw\zenodo\panoramic_radiography_yolo_dataset_14_classes\train\images\465.jpg,train/images/465.jpg,train,roboflow,dhash,0,exclude
C:\Pywork\dental\dental\data\raw\zenodo\panoramic_radiography_yolo_dataset_14_classes\valid\images\390.jpg,valid/images/390.jpg,val,C:\Pywork\dental\dental\data\raw\zenodo\panoramic_radiography_yolo_dataset_14_classes\train\images\497.jpg,train/images/497.jpg,train,roboflow,dhash,0,exclude
C:\Pywork\dental\dental\data\raw\zenodo\panoramic_radiography_yolo_dataset_14_classes\valid\images\40.jpg,valid/images/40.jpg,val,C:\Pywork\dental\dental\data\raw\zenodo\panoramic_radiography_yolo_dataset_14_classes\train\images\528.jpg,train/images/528.jpg,train,roboflow,dhash,0,exclude
C:\Pywork\dental\dental\data\raw\zenodo\panoramic_radiography_yolo_dataset_14_classes\valid\images\400.jpg,valid/images/400.jpg,val,C:\Pywork\dental\dental\data\raw\zenodo\panoramic_radiography_yolo_dataset_14_classes\train\images\445.jpg,train/images/445.jpg,train,roboflow,dhash,0,exclude
C:\Pywork\dental\dental\data\raw\zenodo\panoramic_radiography_yolo_dataset_14_classes\valid\images\410.jpg,valid/images/410.jpg,val,C:\Pywork\dental\dental\data\raw\zenodo\panoramic_radiography_yolo_dataset_14_classes\train\images\306.jpg,train/images/306.jpg,train,roboflow,dhash,0,exclude
C:\Pywork\dental\dental\data\raw\zenodo\panoramic_radiography_yolo_dataset_14_classes\valid\images\440.jpg,valid/images/440.jpg,val,C:\Pywork\dental\dental\data\raw\zenodo\panoramic_radiography_yolo_dataset_14_classes\train\images\268.jpg,train/images/268.jpg,train,roboflow,dhash,0,exclude
C:\Pywork\dental\dental\data\raw\zenodo\panoramic_radiography_yolo_dataset_14_classes\valid\images\450.jpg,valid/images/450.jpg,val,C:\Pywork\dental\dental\data\raw\zenodo\panoramic_radiography_yolo_dataset_14_classes\train\images\272.jpg,train/images/272.jpg,train,roboflow,dhash,0,exclude
C:\Pywork\dental\dental\data\raw\zenodo\panoramic_radiography_yolo_dataset_14_classes\valid\images\480.jpg,valid/images/480.jpg,val,C:\Pywork\dental\dental\data\raw\zenodo\panoramic_radiography_yolo_dataset_14_classes\train\images\384.jpg,train/images/384.jpg,train,roboflow,dhash,0,exclude
C:\Pywork\dental\dental\data\raw\zenodo\panoramic_radiography_yolo_dataset_14_classes\valid\images\520.jpg,valid/images/520.jpg,val,C:\Pywork\dental\dental\data\raw\zenodo\panoramic_radiography_yolo_dataset_14_classes\train\images\319.jpg,train/images/319.jpg,train,roboflow,dhash,0,exclude
C:\Pywork\dental\dental\data\raw\zenodo\panoramic_radiography_yolo_dataset_14_classes\valid\images\550.jpg,valid/images/550.jpg,val,C:\Pywork\dental\dental\data\raw\zenodo\panoramic_radiography_yolo_dataset_14_classes\valid\images\240.jpg,valid/images/240.jpg,val,roboflow,dhash,0,exclude
C:\Pywork\dental\dental\data\raw\zenodo\panoramic_radiography_yolo_dataset_14_classes\valid\images\570.jpg,valid/images/570.jpg,val,C:\Pywork\dental\dental\data\raw\zenodo\panoramic_radiography_yolo_dataset_14_classes\train\images\345.jpg,train/images/345.jpg,train,roboflow,dhash,0,exclude
C:\Pywork\dental\dental\data\raw\zenodo\panoramic_radiography_yolo_dataset_14_classes\valid\images\580.jpg,valid/images/580.jpg,val,C:\Pywork\dental\dental\data\raw\zenodo\panoramic_radiography_yolo_dataset_14_classes\train\images\352.jpg,train/images/352.jpg,train,roboflow,dhash,0,exclude
C:\Pywork\dental\dental\data\raw\zenodo\panoramic_radiography_yolo_dataset_14_classes\valid\images\630.jpg,valid/images/630.jpg,val,C:\Pywork\dental\dental\data\raw\zenodo\panoramic_radiography_yolo_dataset_14_classes\train\images\1029.jpg,train/images/1029.jpg,train,roboflow,dhash,0,exclude
C:\Pywork\dental\dental\data\raw\zenodo\panoramic_radiography_yolo_dataset_14_classes\valid\images\710.jpg,valid/images/710.jpg,val,C:\Pywork\dental\dental\data\raw\zenodo\panoramic_radiography_yolo_dataset_14_classes\train\images\212.jpg,train/images/212.jpg,train,roboflow,dhash,0,exclude
C:\Pywork\dental\dental\data\raw\zenodo\panoramic_radiography_yolo_dataset_14_classes\valid\images\830.jpg,valid/images/830.jpg,val,C:\Pywork\dental\dental\data\raw\zenodo\panoramic_radiography_yolo_dataset_14_classes\train\images\392.jpg,train/images/392.jpg,train,roboflow,dhash,2,exclude
C:\Pywork\dental\dental\data\raw\zenodo\panoramic_radiography_yolo_dataset_14_classes\valid\images\920.jpg,valid/images/920.jpg,val,C:\Pywork\dental\dental\data\raw\zenodo\panoramic_radiography_yolo_dataset_14_classes\train\images\347.jpg,train/images/347.jpg,train,roboflow,dhash,4,exclude
C:\Pywork\dental\dental\data\raw\zenodo\panoramic_radiography_yolo_dataset_14_classes\valid\images\960.jpg,valid/images/960.jpg,val,C:\Pywork\dental\dental\data\raw\zenodo\panoramic_radiography_yolo_dataset_14_classes\train\images\961.jpg,train/images/961.jpg,train,roboflow,dhash,0,exclude
