roboflow_path,roboflow_rel_path,roboflow_split,match_path,match_rel_path,match_split,source,method,distance,decision
C:\Pywork\dental\dental\data\raw\brar_bone_resorption\extracted\level_1\patient_image_000005_89a2810f.jpg,level_1/patient_image_000005_89a2810f.jpg,roboflow,C:\Pywork\dental\dental\data\detection_hierarchical_zenodo_kaggle_6class_auto_v3\images\train\base_train_base_cx_006341.jpg,base_train_base_cx_006341.jpg,train,existing,dhash,5,exclude
C:\Pywork\dental\dental\data\raw\brar_bone_resorption\extracted\level_1\patient_image_000014_5e758ad3.jpg,level_1/patient_image_000014_5e758ad3.jpg,roboflow,C:\Pywork\dental\dental\data\detection_hierarchical_zenodo_kaggle_6class_auto_v3\images\train\base_train_base_cx_021071.jpg,base_train_base_cx_021071.jpg,train,existing,dhash,7,exclude
C:\Pywork\dental\dental\data\raw\brar_bone_resorption\extracted\level_1\patient_image_000042_d3a22881.jpg,level_1/patient_image_000042_d3a22881.jpg,roboflow,C:\Pywork\dental\dental\data\detection_hierarchical_zenodo_kaggle_6class_auto_v3\images\train\base_train_base_umfih_1245.jpg,base_train_base_umfih_1245.jpg,train,existing,dhash,7,exclude
C:\Pywork\dental\dental\data\raw\brar_bone_resorption\extracted\level_1\patient_image_000061_2d347679.jpg,level_1/patient_image_000061_2d347679.jpg,roboflow,C:\Pywork\dental\dental\data\detection_hierarchical_zenodo_kaggle_6class_auto_v3\images\train\base_train_base_cx_010103.jpg,base_train_base_cx_010103.jpg,train,existing,dhash,5,exclude
C:\Pywork\dental\dental\data\raw\brar_bone_resorption\extracted\level_1\patient_image_000064_5e3832ed.jpg,level_1/patient_image_000064_5e3832ed.jpg,roboflow,C:\Pywork\dental\dental\data\detection_hierarchical_zenodo_kaggle_6class_auto_v3\images\train\base_train_base_cx_009868.jpg,base_train_base_cx_009868.jpg,train,existing,dhash,7,exclude
C:\Pywork\dental\dental\data\raw\brar_bone_resorption\extracted\level_1\patient_image_000070_5c483f70.jpg,level_1/patient_image_000070_5c483f70.jpg,roboflow,C:\Pywork\dental\dental\data\detection_hierarchical_zenodo_kaggle_6class_auto_v3\images\train\base_test_base_umfih_v56.jpg,base_test_base_umfih_v56.jpg,train,existing,dhash,6,exclude
C:\Pywork\dental\dental\data\raw\brar_bone_resorption\extracted\level_1\patient_image_000075_3ce079b5.jpg,level_1/patient_image_000075_3ce079b5.jpg,roboflow,C:\Pywork\dental\dental\data\detection_hierarchical_zenodo_kaggle_6class_auto_v3\images\train\base_test_base_cx_022475.jpg,base_test_base_cx_022475.jpg,train,existing,dhash,5,exclude
C:\Pywork\dental\dental\data\raw\brar_bone_resorption\extracted\level_1\patient_image_000076_bfd1d96f.jpg,level_1/patient_image_000076_bfd1d96f.jpg,roboflow,C:\Pywork\dental\dental\data\detection_hierarchical_zenodo_kaggle_6class_auto_v3\images\train\base_train_base_val_5.png,base_train_base_val_5.png,train,existing,dhash,6,exclude
C:\Pywork\dental\dental\data\raw\brar_bone_resorption\extracted\level_1\patient_image_000105_1b343ea2.jpg,level_1/patient_image_000105_1b343ea2.jpg,roboflow,C:\Pywork\dental\dental\data\detection_hierarchical_zenodo_kaggle_6class_auto_v3\images\train\base_train_base_umfih_1431.jpg,base_train_base_umfih_1431.jpg,train,existing,dhash,8,exclude
C:\Pywork\dental\dental\data\raw\brar_bone_resorption\extracted\level_1\patient_image_000148_f7015263.jpg,level_1/patient_image_000148_f7015263.jpg,roboflow,C:\Pywork\dental\dental\data\detection_hierarchical_zenodo_kaggle_6class_auto_v3\images\train\base_train_base_cx_012132.jpg,base_train_base_cx_012132.jpg,train,existing,dhash,6,exclude
C:\Pywork\dental\dental\data\raw\brar_bone_resorption\extracted\level_1\patient_image_000152_2fac999b.jpg,level_1/patient_image_000152_2fac999b.jpg,roboflow,C:\Pywork\dental\dental\data\detection_hierarchical_zenodo_kaggle_6class_auto_v3\images\train\base_test_base_cx_006343.jpg,base_test_base_cx_006343.jpg,train,existing,dhash,7,exclude
C:\Pywork\dental\dental\data\raw\brar_bone_resorption\extracted\level_1\patient_image_000158_1a300db2.jpg,level_1/patient_image_000158_1a300db2.jpg,roboflow,C:\Pywork\dental\dental\data\detection_hierarchical_zenodo_kaggle_6class_auto_v3\images\train\base_test_base_cx_005612.jpg,base_test_base_cx_005612.jpg,train,existing,dhash,5,exclude
C:\Pywork\dental\dental\data\raw\brar_bone_resorption\extracted\level_1\patient_image_000166_d03ae694.jpg,level_1/patient_image_000166_d03ae694.jpg,roboflow,C:\Pywork\dental\dental\data\detection_hierarchical_zenodo_kaggle_6class_auto_v3\images\train\base_test_base_cx_007732.jpg,base_test_base_cx_007732.jpg,train,existing,dhash,8,exclude
C:\Pywork\dental\dental\data\raw\brar_bone_resorption\extracted\level_1\patient_image_000175_ee6df398.jpg,level_1/patient_image_000175_ee6df398.jpg,roboflow,C:\Pywork\dental\dental\data\detection_hierarchical_zenodo_kaggle_6class_auto_v3\images\train\base_train_base_umfih_1257.jpg,base_train_base_umfih_1257.jpg,train,existing,dhash,5,exclude
C:\Pywork\dental\dental\data\raw\brar_bone_resorption\extracted\level_1\patient_image_000177_95a9a504.jpg,level_1/patient_image_000177_95a9a504.jpg,roboflow,C:\Pywork\dental\dental\data\detection_hierarchical_zenodo_kaggle_6class_auto_v3\images\train\base_train_base_test_72.png,base_train_base_test_72.png,train,existing,dhash,7,exclude
C:\Pywork\dental\dental\data\raw\brar_bone_resorption\extracted\level_1\patient_image_000195_99b7c83c.jpg,level_1/patient_image_000195_99b7c83c.jpg,roboflow,C:\Pywork\dental\dental\data\detection_hierarchical_zenodo_kaggle_6class_auto_v3\images\train\base_train_base_cx_010701.jpg,base_train_base_cx_010701.jpg,train,existing,dhash,7,exclude
C:\Pywork\dental\dental\data\raw\brar_bone_resorption\extracted\level_1\patient_image_000226_e281f557.jpg,level_1/patient_image_000226_e281f557.jpg,roboflow,C:\Pywork\dental\dental\data\detection_hierarchical_zenodo_kaggle_6class_auto_v3\images\train\base_test_base_umfih_v25.jpg,base_test_base_umfih_v25.jpg,train,existing,dhash,6,exclude
C:\Pywork\dental\dental\data\raw\brar_bone_resorption\extracted\level_1\patient_image_000227_55be1c29.jpg,level_1/patient_image_000227_55be1c29.jpg,roboflow,C:\Pywork\dental\dental\data\detection_hierarchical_zenodo_kaggle_6class_auto_v3\images\train\base_train_base_test_129.png,base_train_base_test_129.png,train,existing,dhash,7,exclude
C:\Pywork\dental\dental\data\raw\brar_bone_resorption\extracted\level_1\patient_image_000444_4592f458.jpg,level_1/patient_image_000444_4592f458.jpg,roboflow,C:\Pywork\dental\dental\data\detection_hierarchical_zenodo_kaggle_6class_auto_v3\images\train\base_test_base_test_12.png,base_test_base_test_12.png,train,existing,dhash,7,exclude
C:\Pywork\dental\dental\data\raw\brar_bone_resorption\extracted\level_1\patient_image_000465_983a2516.jpg,level_1/patient_image_000465_983a2516.jpg,roboflow,C:\Pywork\dental\dental\data\detection_hierarchical_zenodo_kaggle_6class_auto_v3\images\val\base_train_base_cx_011087.jpg,base_train_base_cx_011087.jpg,val,existing,dhash,7,exclude
C:\Pywork\dental\dental\data\raw\brar_bone_resorption\extracted\level_1\patient_image_000500_de8912d8.jpg,level_1/patient_image_000500_de8912d8.jpg,roboflow,C:\Pywork\dental\dental\data\detection_hierarchical_zenodo_kaggle_6class_auto_v3\images\train\base_train_base_cx_027979.jpg,base_train_base_cx_027979.jpg,train,existing,dhash,6,exclude
C:\Pywork\dental\dental\data\raw\brar_bone_resorption\extracted\level_1\patient_image_000504_3c7f34ec.jpg,level_1/patient_image_000504_3c7f34ec.jpg,roboflow,C:\Pywork\dental\dental\data\detection_hierarchical_zenodo_kaggle_6class_auto_v3\images\train\base_test_base_test_12.png,base_test_base_test_12.png,train,existing,dhash,7,exclude
C:\Pywork\dental\dental\data\raw\brar_bone_resorption\extracted\level_1\patient_image_000507_a221a13c.jpg,level_1/patient_image_000507_a221a13c.jpg,roboflow,C:\Pywork\dental\dental\data\detection_hierarchical_zenodo_kaggle_6class_auto_v3\images\train\base_val_base_cx_017073.jpg,base_val_base_cx_017073.jpg,train,existing,dhash,7,exclude
C:\Pywork\dental\dental\data\raw\brar_bone_resorption\extracted\level_1\patient_image_000508_f7a15f6f.jpg,level_1/patient_image_000508_f7a15f6f.jpg,roboflow,C:\Pywork\dental\dental\data\detection_hierarchical_zenodo_kaggle_6class_auto_v3\images\train\base_test_base_test_118.png,base_test_base_test_118.png,train,existing,dhash,8,exclude
C:\Pywork\dental\dental\data\raw\brar_bone_resorption\extracted\level_1\patient_image_000511_9eb4c057.jpg,level_1/patient_image_000511_9eb4c057.jpg,roboflow,C:\Pywork\dental\dental\data\detection_hierarchical_zenodo_kaggle_6class_auto_v3\images\val\base_val_base_cx_028308.jpg,base_val_base_cx_028308.jpg,val,existing,dhash,6,exclude
C:\Pywork\dental\dental\data\raw\brar_bone_resorption\extracted\level_1\patient_image_000512_3394ba22.jpg,level_1/patient_image_000512_3394ba22.jpg,roboflow,C:\Pywork\dental\dental\data\detection_hierarchical_zenodo_kaggle_6class_auto_v3\images\train\base_train_base_test_210.png,base_train_base_test_210.png,train,existing,dhash,8,exclude
C:\Pywork\dental\dental\data\raw\brar_bone_resorption\extracted\level_1\patient_image_000513_5c47cd25.jpg,level_1/patient_image_000513_5c47cd25.jpg,roboflow,C:\Pywork\dental\dental\data\detection_hierarchical_zenodo_kaggle_6class_auto_v3\images\train\base_train_base_test_137.png,base_train_base_test_137.png,train,existing,dhash,6,exclude
C:\Pywork\dental\dental\data\raw\brar_bone_resorption\extracted\level_1\patient_image_000516_912d996b.jpg,level_1/patient_image_000516_912d996b.jpg,roboflow,C:\Pywork\dental\dental\data\detection_hierarchical_zenodo_kaggle_6class_auto_v3\images\train\base_val_base_test_19.png,base_val_base_test_19.png,train,existing,dhash,6,exclude
C:\Pywork\dental\dental\data\raw\brar_bone_resorption\extracted\level_1\patient_image_000517_8727624b.jpg,level_1/patient_image_000517_8727624b.jpg,roboflow,C:\Pywork\dental\dental\data\detection_hierarchical_zenodo_kaggle_6class_auto_v3\images\train\base_test_base_val_44.png,base_test_base_val_44.png,train,existing,dhash,7,exclude
C:\Pywork\dental\dental\data\raw\brar_bone_resorption\extracted\level_1\patient_image_000520_7753c29b.jpg,level_1/patient_image_000520_7753c29b.jpg,roboflow,C:\Pywork\dental\dental\data\detection_hierarchical_zenodo_kaggle_6class_auto_v3\images\train\base_train_base_test_168.png,base_train_base_test_168.png,train,existing,dhash,6,exclude
C:\Pywork\dental\dental\data\raw\brar_bone_resorption\extracted\level_1\patient_image_000522_1d00aca9.jpg,level_1/patient_image_000522_1d00aca9.jpg,roboflow,C:\Pywork\dental\dental\data\detection_hierarchical_zenodo_kaggle_6class_auto_v3\images\train\base_train_base_test_205.png,base_train_base_test_205.png,train,existing,dhash,8,exclude
C:\Pywork\dental\dental\data\raw\brar_bone_resorption\extracted\level_1\patient_image_000526_401bc35c.jpg,level_1/patient_image_000526_401bc35c.jpg,roboflow,C:\Pywork\dental\dental\data\detection_hierarchical_zenodo_kaggle_6class_auto_v3\images\train\base_val_base_test_19.png,base_val_base_test_19.png,train,existing,dhash,6,exclude
C:\Pywork\dental\dental\data\raw\brar_bone_resorption\extracted\level_1\patient_image_000528_55eaf23d.jpg,level_1/patient_image_000528_55eaf23d.jpg,roboflow,C:\Pywork\dental\dental\data\detection_hierarchical_zenodo_kaggle_6class_auto_v3\images\train\base_train_base_test_205.png,base_train_base_test_205.png,train,existing,dhash,5,exclude
C:\Pywork\dental\dental\data\raw\brar_bone_resorption\extracted\level_1\patient_image_000529_dc5b599e.jpg,level_1/patient_image_000529_dc5b599e.jpg,roboflow,C:\Pywork\dental\dental\data\detection_hierarchical_zenodo_kaggle_6class_auto_v3\images\train\base_train_base_umfih_1124.jpg,base_train_base_umfih_1124.jpg,train,existing,dhash,8,exclude
C:\Pywork\dental\dental\data\raw\brar_bone_resorption\extracted\level_1\patient_image_000531_cd6d4f9c.jpg,level_1/patient_image_000531_cd6d4f9c.jpg,roboflow,C:\Pywork\dental\dental\data\detection_hierarchical_zenodo_kaggle_6class_auto_v3\images\val\base_train_base_cx_021101.jpg,base_train_base_cx_021101.jpg,val,existing,dhash,5,exclude
C:\Pywork\dental\dental\data\raw\brar_bone_resorption\extracted\level_1\patient_image_000533_91bc5b53.jpg,level_1/patient_image_000533_91bc5b53.jpg,roboflow,C:\Pywork\dental\dental\data\detection_hierarchical_zenodo_kaggle_6class_auto_v3\images\train\base_test_base_cx_007859.jpg,base_test_base_cx_007859.jpg,train,existing,dhash,8,exclude
C:\Pywork\dental\dental\data\raw\brar_bone_resorption\extracted\level_1\patient_image_000534_005e53f2.jpg,level_1/patient_image_000534_005e53f2.jpg,roboflow,C:\Pywork\dental\dental\data\detection_hierarchical_zenodo_kaggle_6class_auto_v3\images\train\base_train_base_test_25.png,base_train_base_test_25.png,train,existing,dhash,7,exclude
C:\Pywork\dental\dental\data\raw\brar_bone_resorption\extracted\level_1\patient_image_000535_44b5a8c9.jpg,level_1/patient_image_000535_44b5a8c9.jpg,roboflow,C:\Pywork\dental\dental\data\detection_hierarchical_zenodo_kaggle_6class_auto_v3\images\train\base_test_base_val_44.png,base_test_base_val_44.png,train,existing,dhash,6,exclude
C:\Pywork\dental\dental\data\raw\brar_bone_resorption\extracted\level_1\patient_image_000537_fe1e9818.jpg,level_1/patient_image_000537_fe1e9818.jpg,roboflow,C:\Pywork\dental\dental\data\detection_hierarchical_zenodo_kaggle_6class_auto_v3\images\train\base_test_base_val_44.png,base_test_base_val_44.png,train,existing,dhash,7,exclude
C:\Pywork\dental\dental\data\raw\brar_bone_resorption\extracted\level_1\patient_image_000540_f3a19119.jpg,level_1/patient_image_000540_f3a19119.jpg,roboflow,C:\Pywork\dental\dental\data\detection_hierarchical_zenodo_kaggle_6class_auto_v3\images\train\base_test_base_cx_007859.jpg,base_test_base_cx_007859.jpg,train,existing,dhash,8,exclude
C:\Pywork\dental\dental\data\raw\brar_bone_resorption\extracted\level_1\patient_image_000551_53b8f0cc.jpg,level_1/patient_image_000551_53b8f0cc.jpg,roboflow,C:\Pywork\dental\dental\data\detection_hierarchical_zenodo_kaggle_6class_auto_v3\images\train\base_val_base_test_19.png,base_val_base_test_19.png,train,existing,dhash,8,exclude
C:\Pywork\dental\dental\data\raw\brar_bone_resorption\extracted\level_1\patient_image_000555_565ba784.jpg,level_1/patient_image_000555_565ba784.jpg,roboflow,C:\Pywork\dental\dental\data\detection_hierarchical_zenodo_kaggle_6class_auto_v3\images\test\base_train_base_test_45.png,base_train_base_test_45.png,test,existing,dhash,8,exclude
C:\Pywork\dental\dental\data\raw\brar_bone_resorption\extracted\level_1\patient_image_000558_fdcf2492.jpg,level_1/patient_image_000558_fdcf2492.jpg,roboflow,C:\Pywork\dental\dental\data\detection_hierarchical_zenodo_kaggle_6class_auto_v3\images\train\base_test_base_umfih_v4.jpg,base_test_base_umfih_v4.jpg,train,existing,dhash,8,exclude
C:\Pywork\dental\dental\data\raw\brar_bone_resorption\extracted\level_1\patient_image_000562_a3567674.jpg,level_1/patient_image_000562_a3567674.jpg,roboflow,C:\Pywork\dental\dental\data\detection_hierarchical_zenodo_kaggle_6class_auto_v3\images\train\base_test_base_test_214.png,base_test_base_test_214.png,train,existing,dhash,8,exclude
C:\Pywork\dental\dental\data\raw\brar_bone_resorption\extracted\level_1\patient_image_000565_563d2976.jpg,level_1/patient_image_000565_563d2976.jpg,roboflow,C:\Pywork\dental\dental\data\detection_hierarchical_zenodo_kaggle_6class_auto_v3\images\train\base_val_base_cx_025778.jpg,base_val_base_cx_025778.jpg,train,existing,dhash,5,exclude
C:\Pywork\dental\dental\data\raw\brar_bone_resorption\extracted\level_1\patient_image_000569_1acf7257.jpg,level_1/patient_image_000569_1acf7257.jpg,roboflow,C:\Pywork\dental\dental\data\detection_hierarchical_zenodo_kaggle_6class_auto_v3\images\train\base_test_base_umfih_v25.jpg,base_test_base_umfih_v25.jpg,train,existing,dhash,5,exclude
C:\Pywork\dental\dental\data\raw\brar_bone_resorption\extracted\level_1\patient_image_000570_3514f729.jpg,level_1/patient_image_000570_3514f729.jpg,roboflow,C:\Pywork\dental\dental\data\detection_hierarchical_zenodo_kaggle_6class_auto_v3\images\train\base_train_base_test_46.png,base_train_base_test_46.png,train,existing,dhash,5,exclude
C:\Pywork\dental\dental\data\raw\brar_bone_resorption\extracted\level_1\patient_image_000571_5c273975.jpg,level_1/patient_image_000571_5c273975.jpg,roboflow,C:\Pywork\dental\dental\data\detection_hierarchical_zenodo_kaggle_6class_auto_v3\images\train\base_train_base_cx_021151.jpg,base_train_base_cx_021151.jpg,train,existing,dhash,5,exclude
C:\Pywork\dental\dental\data\raw\brar_bone_resorption\extracted\level_1\patient_image_000572_6d137e21.jpg,level_1/patient_image_000572_6d137e21.jpg,roboflow,C:\Pywork\dental\dental\data\detection_hierarchical_zenodo_kaggle_6class_auto_v3\images\train\base_val_base_test_111.png,base_val_base_test_111.png,train,existing,dhash,8,exclude
C:\Pywork\dental\dental\data\raw\brar_bone_resorption\extracted\level_1\patient_image_000577_bc5aace6.jpg,level_1/patient_image_000577_bc5aace6.jpg,roboflow,C:\Pywork\dental\dental\data\detection_hierarchical_zenodo_kaggle_6class_auto_v3\images\train\base_test_base_test_71.png,base_test_base_test_71.png,train,existing,dhash,7,exclude
C:\Pywork\dental\dental\data\raw\brar_bone_resorption\extracted\level_1\patient_image_000580_fb58b578.jpg,level_1/patient_image_000580_fb58b578.jpg,roboflow,C:\Pywork\dental\dental\data\detection_hierarchical_zenodo_kaggle_6class_auto_v3\images\val\base_train_base_cx_016129.jpg,base_train_base_cx_016129.jpg,val,existing,dhash,7,exclude
C:\Pywork\dental\dental\data\raw\brar_bone_resorption\extracted\level_1\patient_image_000582_492951ef.jpg,level_1/patient_image_000582_492951ef.jpg,roboflow,C:\Pywork\dental\dental\data\detection_hierarchical_zenodo_kaggle_6class_auto_v3\images\train\base_test_base_val_44.png,base_test_base_val_44.png,train,existing,dhash,6,exclude
C:\Pywork\dental\dental\data\raw\brar_bone_resorption\extracted\level_1\patient_image_000585_bdca74e0.jpg,level_1/patient_image_000585_bdca74e0.jpg,roboflow,C:\Pywork\dental\dental\data\detection_hierarchical_zenodo_kaggle_6class_auto_v3\images\train\base_train_base_test_25.png,base_train_base_test_25.png,train,existing,dhash,8,exclude
C:\Pywork\dental\dental\data\raw\brar_bone_resorption\extracted\level_1\patient_image_000587_cea1c4ba.jpg,level_1/patient_image_000587_cea1c4ba.jpg,roboflow,C:\Pywork\dental\dental\data\detection_hierarchical_zenodo_kaggle_6class_auto_v3\images\train\base_test_base_cx_021767.jpg,base_test_base_cx_021767.jpg,train,existing,dhash,7,exclude
C:\Pywork\dental\dental\data\raw\brar_bone_resorption\extracted\level_1\patient_image_000589_28416cf6.jpg,level_1/patient_image_000589_28416cf6.jpg,roboflow,C:\Pywork\dental\dental\data\detection_hierarchical_zenodo_kaggle_6class_auto_v3\images\train\base_train_base_umfih_141.jpg,base_train_base_umfih_141.jpg,train,existing,dhash,8,exclude
C:\Pywork\dental\dental\data\raw\brar_bone_resorption\extracted\level_1\patient_image_000592_b37ad52e.jpg,level_1/patient_image_000592_b37ad52e.jpg,roboflow,C:\Pywork\dental\dental\data\detection_hierarchical_zenodo_kaggle_6class_auto_v3\images\test\base_train_base_test_231.png,base_train_base_test_231.png,test,existing,dhash,8,exclude
C:\Pywork\dental\dental\data\raw\brar_bone_resorption\extracted\level_1\patient_image_000593_14b206e2.jpg,level_1/patient_image_000593_14b206e2.jpg,roboflow,C:\Pywork\dental\dental\data\detection_hierarchical_zenodo_kaggle_6class_auto_v3\images\train\base_test_base_val_44.png,base_test_base_val_44.png,train,existing,dhash,7,exclude
C:\Pywork\dental\dental\data\raw\brar_bone_resorption\extracted\level_1\patient_image_000600_c839e11e.jpg,level_1/patient_image_000600_c839e11e.jpg,roboflow,C:\Pywork\dental\dental\data\detection_hierarchical_zenodo_kaggle_6class_auto_v3\images\train\base_test_base_cx_024780.jpg,base_test_base_cx_024780.jpg,train,existing,dhash,5,exclude
C:\Pywork\dental\dental\data\raw\brar_bone_resorption\extracted\level_1\patient_image_000602_2b495970.jpg,level_1/patient_image_000602_2b495970.jpg,roboflow,C:\Pywork\dental\dental\data\detection_hierarchical_zenodo_kaggle_6class_auto_v3\images\train\base_train_base_cx_026224.jpg,base_train_base_cx_026224.jpg,train,existing,dhash,6,exclude
C:\Pywork\dental\dental\data\raw\brar_bone_resorption\extracted\level_1\patient_image_000603_ceccbfb6.jpg,level_1/patient_image_000603_ceccbfb6.jpg,roboflow,C:\Pywork\dental\dental\data\detection_hierarchical_zenodo_kaggle_6class_auto_v3\images\train\base_train_base_umfih_141.jpg,base_train_base_umfih_141.jpg,train,existing,dhash,8,exclude
C:\Pywork\dental\dental\data\raw\brar_bone_resorption\extracted\level_1\patient_image_000605_1246abbb.jpg,level_1/patient_image_000605_1246abbb.jpg,roboflow,C:\Pywork\dental\dental\data\detection_hierarchical_zenodo_kaggle_6class_auto_v3\images\train\base_train_base_cx_011096.jpg,base_train_base_cx_011096.jpg,train,existing,dhash,8,exclude
C:\Pywork\dental\dental\data\raw\brar_bone_resorption\extracted\level_1\patient_image_000608_32c07746.jpg,level_1/patient_image_000608_32c07746.jpg,roboflow,C:\Pywork\dental\dental\data\detection_hierarchical_zenodo_kaggle_6class_auto_v3\images\train\base_test_base_val_44.png,base_test_base_val_44.png,train,existing,dhash,8,exclude
C:\Pywork\dental\dental\data\raw\brar_bone_resorption\extracted\level_1\patient_image_000610_ee46a35a.jpg,level_1/patient_image_000610_ee46a35a.jpg,roboflow,C:\Pywork\dental\dental\data\detection_hierarchical_zenodo_kaggle_6class_auto_v3\images\train\base_test_base_umfih_v54.jpg,base_test_base_umfih_v54.jpg,train,existing,dhash,7,exclude
C:\Pywork\dental\dental\data\raw\brar_bone_resorption\extracted\level_1\patient_image_000614_f2439032.jpg,level_1/patient_image_000614_f2439032.jpg,roboflow,C:\Pywork\dental\dental\data\detection_hierarchical_zenodo_kaggle_6class_auto_v3\images\val\base_test_base_test_243.png,base_test_base_test_243.png,val,existing,dhash,8,exclude
C:\Pywork\dental\dental\data\raw\brar_bone_resorption\extracted\level_1\patient_image_000617_3cde53b6.jpg,level_1/patient_image_000617_3cde53b6.jpg,roboflow,C:\Pywork\dental\dental\data\detection_hierarchical_zenodo_kaggle_6class_auto_v3\images\train\base_val_base_cx_027858.jpg,base_val_base_cx_027858.jpg,train,existing,dhash,6,exclude
C:\Pywork\dental\dental\data\raw\brar_bone_resorption\extracted\level_1\patient_image_000620_e9c656ad.jpg,level_1/patient_image_000620_e9c656ad.jpg,roboflow,C:\Pywork\dental\dental\data\detection_hierarchical_zenodo_kaggle_6class_auto_v3\images\train\base_train_base_test_237.png,base_train_base_test_237.png,train,existing,dhash,7,exclude
C:\Pywork\dental\dental\data\raw\brar_bone_resorption\extracted\level_1\patient_image_000622_070cc0b5.jpg,level_1/patient_image_000622_070cc0b5.jpg,roboflow,C:\Pywork\dental\dental\data\detection_hierarchical_zenodo_kaggle_6class_auto_v3\images\train\base_train_base_cx_006536.jpg,base_train_base_cx_006536.jpg,train,existing,dhash,8,exclude
C:\Pywork\dental\dental\data\raw\brar_bone_resorption\extracted\level_1\patient_image_000630_c4a6d96b.jpg,level_1/patient_image_000630_c4a6d96b.jpg,roboflow,C:\Pywork\dental\dental\data\detection_hierarchical_zenodo_kaggle_6class_auto_v3\images\train\base_test_base_val_44.png,base_test_base_val_44.png,train,existing,dhash,8,exclude
C:\Pywork\dental\dental\data\raw\brar_bone_resorption\extracted\level_1\patient_image_000632_e4c45dbd.jpg,level_1/patient_image_000632_e4c45dbd.jpg,roboflow,C:\Pywork\dental\dental\data\detection_hierarchical_zenodo_kaggle_6class_auto_v3\images\train\base_train_base_test_113.png,base_train_base_test_113.png,train,existing,dhash,7,exclude
C:\Pywork\dental\dental\data\raw\brar_bone_resorption\extracted\level_1\patient_image_000638_8c410f94.jpg,level_1/patient_image_000638_8c410f94.jpg,roboflow,C:\Pywork\dental\dental\data\detection_hierarchical_zenodo_kaggle_6class_auto_v3\images\train\base_train_base_cx_028927.jpg,base_train_base_cx_028927.jpg,train,existing,dhash,6,exclude
C:\Pywork\dental\dental\data\raw\brar_bone_resorption\extracted\level_1\patient_image_000645_9c4dcbff.jpg,level_1/patient_image_000645_9c4dcbff.jpg,roboflow,C:\Pywork\dental\dental\data\detection_hierarchical_zenodo_kaggle_6class_auto_v3\images\train\base_test_base_val_44.png,base_test_base_val_44.png,train,existing,dhash,5,exclude
C:\Pywork\dental\dental\data\raw\brar_bone_resorption\extracted\level_1\patient_image_000647_262f9013.jpg,level_1/patient_image_000647_262f9013.jpg,roboflow,C:\Pywork\dental\dental\data\detection_hierarchical_zenodo_kaggle_6class_auto_v3\images\train\base_test_base_cx_027882.jpg,base_test_base_cx_027882.jpg,train,existing,dhash,8,exclude
C:\Pywork\dental\dental\data\raw\brar_bone_resorption\extracted\level_1\patient_image_000651_4dc31d8d.jpg,level_1/patient_image_000651_4dc31d8d.jpg,roboflow,C:\Pywork\dental\dental\data\detection_hierarchical_zenodo_kaggle_6class_auto_v3\images\train\base_train_base_test_168.png,base_train_base_test_168.png,train,existing,dhash,7,exclude
C:\Pywork\dental\dental\data\raw\brar_bone_resorption\extracted\level_1\patient_image_000658_f79dd5c7.jpg,level_1/patient_image_000658_f79dd5c7.jpg,roboflow,C:\Pywork\dental\dental\data\detection_hierarchical_zenodo_kaggle_6class_auto_v3\images\train\base_train_base_cx_024727.jpg,base_train_base_cx_024727.jpg,train,existing,dhash,8,exclude
C:\Pywork\dental\dental\data\raw\brar_bone_resorption\extracted\level_1\patient_image_000666_675dce47.jpg,level_1/patient_image_000666_675dce47.jpg,roboflow,C:\Pywork\dental\dental\data\detection_hierarchical_zenodo_kaggle_6class_auto_v3\images\train\base_train_base_umfih_1356.jpg,base_train_base_umfih_1356.jpg,train,existing,dhash,8,exclude
C:\Pywork\dental\dental\data\raw\brar_bone_resorption\extracted\level_1\patient_image_000667_dfa0686b.jpg,level_1/patient_image_000667_dfa0686b.jpg,roboflow,C:\Pywork\dental\dental\data\detection_hierarchical_zenodo_kaggle_6class_auto_v3\images\train\base_train_base_test_155.png,base_train_base_test_155.png,train,existing,dhash,7,exclude
C:\Pywork\dental\dental\data\raw\brar_bone_resorption\extracted\level_1\patient_image_000674_59a55935.jpg,level_1/patient_image_000674_59a55935.jpg,roboflow,C:\Pywork\dental\dental\data\detection_hierarchical_zenodo_kaggle_6class_auto_v3\images\train\base_train_base_cx_022297.jpg,base_train_base_cx_022297.jpg,train,existing,dhash,8,exclude
C:\Pywork\dental\dental\data\raw\brar_bone_resorption\extracted\level_1\patient_image_000676_2be85690.jpg,level_1/patient_image_000676_2be85690.jpg,roboflow,C:\Pywork\dental\dental\data\detection_hierarchical_zenodo_kaggle_6class_auto_v3\images\train\base_train_base_cx_016871.jpg,base_train_base_cx_016871.jpg,train,existing,dhash,5,exclude
C:\Pywork\dental\dental\data\raw\brar_bone_resorption\extracted\level_1\patient_image_000686_fd5f5f8e.jpg,level_1/patient_image_000686_fd5f5f8e.jpg,roboflow,C:\Pywork\dental\dental\data\detection_hierarchical_zenodo_kaggle_6class_auto_v3\images\test\base_train_base_umfih_1338.jpg,base_train_base_umfih_1338.jpg,test,existing,dhash,7,exclude
C:\Pywork\dental\dental\data\raw\brar_bone_resorption\extracted\level_1\patient_image_000709_c49f5de7.jpg,level_1/patient_image_000709_c49f5de7.jpg,roboflow,C:\Pywork\dental\dental\data\detection_hierarchical_zenodo_kaggle_6class_auto_v3\images\train\base_test_base_cx_014332.jpg,base_test_base_cx_014332.jpg,train,existing,dhash,8,exclude
C:\Pywork\dental\dental\data\raw\brar_bone_resorption\extracted\level_1\patient_image_000716_5aeb574b.jpg,level_1/patient_image_000716_5aeb574b.jpg,roboflow,C:\Pywork\dental\dental\data\detection_hierarchical_zenodo_kaggle_6class_auto_v3\images\train\base_train_base_cx_010820.jpg,base_train_base_cx_010820.jpg,train,existing,dhash,7,exclude
C:\Pywork\dental\dental\data\raw\brar_bone_resorption\extracted\level_1\patient_image_000723_95b5e27c.jpg,level_1/patient_image_000723_95b5e27c.jpg,roboflow,C:\Pywork\dental\dental\data\detection_hierarchical_zenodo_kaggle_6class_auto_v3\images\train\base_train_base_cx_021605.jpg,base_train_base_cx_021605.jpg,train,existing,dhash,7,exclude
C:\Pywork\dental\dental\data\raw\brar_bone_resorption\extracted\level_1\patient_image_000743_18258df1.jpg,level_1/patient_image_000743_18258df1.jpg,roboflow,C:\Pywork\dental\dental\data\detection_hierarchical_zenodo_kaggle_6class_auto_v3\images\train\base_train_base_cx_025365.jpg,base_train_base_cx_025365.jpg,train,existing,dhash,8,exclude
C:\Pywork\dental\dental\data\raw\brar_bone_resorption\extracted\level_1\patient_image_000759_e1218872.jpg,level_1/patient_image_000759_e1218872.jpg,roboflow,C:\Pywork\dental\dental\data\detection_hierarchical_zenodo_kaggle_6class_auto_v3\images\train\base_test_base_cx_016695.jpg,base_test_base_cx_016695.jpg,train,existing,dhash,7,exclude
C:\Pywork\dental\dental\data\raw\brar_bone_resorption\extracted\level_1\patient_image_000775_656a6578.jpg,level_1/patient_image_000775_656a6578.jpg,roboflow,C:\Pywork\dental\dental\data\detection_hierarchical_zenodo_kaggle_6class_auto_v3\images\train\base_train_base_test_37.png,base_train_base_test_37.png,train,existing,dhash,8,exclude
C:\Pywork\dental\dental\data\raw\brar_bone_resorption\extracted\level_1\patient_image_000778_ddc2800e.jpg,level_1/patient_image_000778_ddc2800e.jpg,roboflow,C:\Pywork\dental\dental\data\detection_hierarchical_zenodo_kaggle_6class_auto_v3\images\train\base_train_base_umfih_1356.jpg,base_train_base_umfih_1356.jpg,train,existing,dhash,6,exclude
C:\Pywork\dental\dental\data\raw\brar_bone_resorption\extracted\level_1\patient_image_000779_3e8dcf4c.jpg,level_1/patient_image_000779_3e8dcf4c.jpg,roboflow,C:\Pywork\dental\dental\data\detection_hierarchical_zenodo_kaggle_6class_auto_v3\images\train\base_train_base_test_155.png,base_train_base_test_155.png,train,existing,dhash,7,exclude
C:\Pywork\dental\dental\data\raw\brar_bone_resorption\extracted\level_1\patient_image_000787_cbf5e397.jpg,level_1/patient_image_000787_cbf5e397.jpg,roboflow,C:\Pywork\dental\dental\data\detection_hierarchical_zenodo_kaggle_6class_auto_v3\images\val\base_train_base_cx_015888.jpg,base_train_base_cx_015888.jpg,val,existing,dhash,6,exclude
C:\Pywork\dental\dental\data\raw\brar_bone_resorption\extracted\level_1\patient_image_000828_fafe0387.jpg,level_1/patient_image_000828_fafe0387.jpg,roboflow,C:\Pywork\dental\dental\data\detection_hierarchical_zenodo_kaggle_6class_auto_v3\images\train\base_test_base_cx_016695.jpg,base_test_base_cx_016695.jpg,train,existing,dhash,8,exclude
C:\Pywork\dental\dental\data\raw\brar_bone_resorption\extracted\level_1\patient_image_000985_4d559869.jpg,level_1/patient_image_000985_4d559869.jpg,roboflow,C:\Pywork\dental\dental\data\detection_hierarchical_zenodo_kaggle_6class_auto_v3\images\val\base_test_base_cx_024977.jpg,base_test_base_cx_024977.jpg,val,existing,dhash,8,exclude
C:\Pywork\dental\dental\data\raw\brar_bone_resorption\extracted\level_2\patient_image_000004_ba49da4c.jpg,level_2/patient_image_000004_ba49da4c.jpg,roboflow,C:\Pywork\dental\dental\data\detection_hierarchical_zenodo_kaggle_6class_auto_v3\images\train\base_test_base_cx_026710.jpg,base_test_base_cx_026710.jpg,train,existing,dhash,5,exclude
C:\Pywork\dental\dental\data\raw\brar_bone_resorption\extracted\level_2\patient_image_000016_ab713879.jpg,level_2/patient_image_000016_ab713879.jpg,roboflow,C:\Pywork\dental\dental\data\detection_hierarchical_zenodo_kaggle_6class_auto_v3\images\train\base_train_base_umfih_1356.jpg,base_train_base_umfih_1356.jpg,train,existing,dhash,5,exclude
C:\Pywork\dental\dental\data\raw\brar_bone_resorption\extracted\level_2\patient_image_000018_38bd4f5d.jpg,level_2/patient_image_000018_38bd4f5d.jpg,roboflow,C:\Pywork\dental\dental\data\detection_hierarchical_zenodo_kaggle_6class_auto_v3\images\train\base_train_base_umfih_186.jpg,base_train_base_umfih_186.jpg,train,existing,dhash,6,exclude
C:\Pywork\dental\dental\data\raw\brar_bone_resorption\extracted\level_2\patient_image_000045_0bb8bfd1.jpg,level_2/patient_image_000045_0bb8bfd1.jpg,roboflow,C:\Pywork\dental\dental\data\detection_hierarchical_zenodo_kaggle_6class_auto_v3\images\train\base_test_base_cx_028493.jpg,base_test_base_cx_028493.jpg,train,existing,dhash,7,exclude
C:\Pywork\dental\dental\data\raw\brar_bone_resorption\extracted\level_2\patient_image_000051_004f2f5d.jpg,level_2/patient_image_000051_004f2f5d.jpg,roboflow,C:\Pywork\dental\dental\data\detection_hierarchical_zenodo_kaggle_6class_auto_v3\images\train\base_train_base_val_7.png,base_train_base_val_7.png,train,existing,dhash,6,exclude
C:\Pywork\dental\dental\data\raw\brar_bone_resorption\extracted\level_2\patient_image_000052_bb58bec5.jpg,level_2/patient_image_000052_bb58bec5.jpg,roboflow,C:\Pywork\dental\dental\data\detection_hierarchical_zenodo_kaggle_6class_auto_v3\images\test\base_train_base_test_80.png,base_train_base_test_80.png,test,existing,dhash,7,exclude
C:\Pywork\dental\dental\data\raw\brar_bone_resorption\extracted\level_2\patient_image_000066_d46c9785.jpg,level_2/patient_image_000066_d46c9785.jpg,roboflow,C:\Pywork\dental\dental\data\detection_hierarchical_zenodo_kaggle_6class_auto_v3\images\train\base_train_base_test_146.png,base_train_base_test_146.png,train,existing,dhash,8,exclude
C:\Pywork\dental\dental\data\raw\brar_bone_resorption\extracted\level_2\patient_image_000067_0aab16a7.jpg,level_2/patient_image_000067_0aab16a7.jpg,roboflow,C:\Pywork\dental\dental\data\detection_hierarchical_zenodo_kaggle_6class_auto_v3\images\train\base_train_base_test_248.png,base_train_base_test_248.png,train,existing,dhash,6,exclude
C:\Pywork\dental\dental\data\raw\brar_bone_resorption\extracted\level_2\patient_image_000078_888484a1.jpg,level_2/patient_image_000078_888484a1.jpg,roboflow,C:\Pywork\dental\dental\data\detection_hierarchical_zenodo_kaggle_6class_auto_v3\images\train\base_test_base_cx_010913.jpg,base_test_base_cx_010913.jpg,train,existing,dhash,5,exclude
C:\Pywork\dental\dental\data\raw\brar_bone_resorption\extracted\level_2\patient_image_000083_69520d04.jpg,level_2/patient_image_000083_69520d04.jpg,roboflow,C:\Pywork\dental\dental\data\detection_hierarchical_zenodo_kaggle_6class_auto_v3\images\train\base_train_base_test_184.png,base_train_base_test_184.png,train,existing,dhash,8,exclude
C:\Pywork\dental\dental\data\raw\brar_bone_resorption\extracted\level_2\patient_image_000085_23bbfd21.jpg,level_2/patient_image_000085_23bbfd21.jpg,roboflow,C:\Pywork\dental\dental\data\detection_hierarchical_zenodo_kaggle_6class_auto_v3\images\train\base_train_base_test_170.png,base_train_base_test_170.png,train,existing,dhash,8,exclude
C:\Pywork\dental\dental\data\raw\brar_bone_resorption\extracted\level_2\patient_image_000091_402cb864.jpg,level_2/patient_image_000091_402cb864.jpg,roboflow,C:\Pywork\dental\dental\data\detection_hierarchical_zenodo_kaggle_6class_auto_v3\images\train\base_val_base_umfih_1070.jpg,base_val_base_umfih_1070.jpg,train,existing,dhash,8,exclude
C:\Pywork\dental\dental\data\raw\brar_bone_resorption\extracted\level_2\patient_image_000093_c5658ef3.jpg,level_2/patient_image_000093_c5658ef3.jpg,roboflow,C:\Pywork\dental\dental\data\detection_hierarchical_zenodo_kaggle_6class_auto_v3\images\train\base_train_base_umfih_1372.jpg,base_train_base_umfih_1372.jpg,train,existing,dhash,6,exclude
C:\Pywork\dental\dental\data\raw\brar_bone_resorption\extracted\level_2\patient_image_000097_ca98b862.jpg,level_2/patient_image_000097_ca98b862.jpg,roboflow,C:\Pywork\dental\dental\data\detection_hierarchical_zenodo_kaggle_6class_auto_v3\images\train\base_train_base_test_205.png,base_train_base_test_205.png,train,existing,dhash,6,exclude
C:\Pywork\dental\dental\data\raw\brar_bone_resorption\extracted\level_2\patient_image_000098_998fc38b.jpg,level_2/patient_image_000098_998fc38b.jpg,roboflow,C:\Pywork\dental\dental\data\detection_hierarchical_zenodo_kaggle_6class_auto_v3\images\train\base_train_base_cx_015588.jpg,base_train_base_cx_015588.jpg,train,existing,dhash,5,exclude
C:\Pywork\dental\dental\data\raw\brar_bone_resorption\extracted\level_2\patient_image_000102_faca9771.jpg,level_2/patient_image_000102_faca9771.jpg,roboflow,C:\Pywork\dental\dental\data\detection_hierarchical_zenodo_kaggle_6class_auto_v3\images\train\base_train_base_test_37.png,base_train_base_test_37.png,train,existing,dhash,8,exclude
C:\Pywork\dental\dental\data\raw\brar_bone_resorption\extracted\level_2\patient_image_000111_3f5d902f.jpg,level_2/patient_image_000111_3f5d902f.jpg,roboflow,C:\Pywork\dental\dental\data\detection_hierarchical_zenodo_kaggle_6class_auto_v3\images\train\base_train_base_cx_025574.jpg,base_train_base_cx_025574.jpg,train,existing,dhash,7,exclude
C:\Pywork\dental\dental\data\raw\brar_bone_resorption\extracted\level_2\patient_image_000114_531bba93.jpg,level_2/patient_image_000114_531bba93.jpg,roboflow,C:\Pywork\dental\dental\data\detection_hierarchical_zenodo_kaggle_6class_auto_v3\images\train\base_train_base_umfih_1345.jpg,base_train_base_umfih_1345.jpg,train,existing,dhash,5,exclude
C:\Pywork\dental\dental\data\raw\brar_bone_resorption\extracted\level_2\patient_image_000117_da187e7e.jpg,level_2/patient_image_000117_da187e7e.jpg,roboflow,C:\Pywork\dental\dental\data\detection_hierarchical_zenodo_kaggle_6class_auto_v3\images\train\base_train_base_cx_016058.jpg,base_train_base_cx_016058.jpg,train,existing,dhash,8,exclude
C:\Pywork\dental\dental\data\raw\brar_bone_resorption\extracted\level_2\patient_image_000120_0070a102.jpg,level_2/patient_image_000120_0070a102.jpg,roboflow,C:\Pywork\dental\dental\data\detection_hierarchical_zenodo_kaggle_6class_auto_v3\images\train\base_train_base_test_20.png,base_train_base_test_20.png,train,existing,dhash,5,exclude
C:\Pywork\dental\dental\data\raw\brar_bone_resorption\extracted\level_2\patient_image_000121_c77f2c83.jpg,level_2/patient_image_000121_c77f2c83.jpg,roboflow,C:\Pywork\dental\dental\data\detection_hierarchical_zenodo_kaggle_6class_auto_v3\images\train\base_test_base_cx_009972.jpg,base_test_base_cx_009972.jpg,train,existing,dhash,6,exclude
C:\Pywork\dental\dental\data\raw\brar_bone_resorption\extracted\level_2\patient_image_000126_476f739a.jpg,level_2/patient_image_000126_476f739a.jpg,roboflow,C:\Pywork\dental\dental\data\detection_hierarchical_zenodo_kaggle_6class_auto_v3\images\train\base_train_base_cx_012599.jpg,base_train_base_cx_012599.jpg,train,existing,dhash,8,exclude
C:\Pywork\dental\dental\data\raw\brar_bone_resorption\extracted\level_2\patient_image_000127_924013a0.jpg,level_2/patient_image_000127_924013a0.jpg,roboflow,C:\Pywork\dental\dental\data\detection_hierarchical_zenodo_kaggle_6class_auto_v3\images\train\base_train_base_umfih_1166.jpg,base_train_base_umfih_1166.jpg,train,existing,dhash,5,exclude
C:\Pywork\dental\dental\data\raw\brar_bone_resorption\extracted\level_2\patient_image_000128_955b9373.jpg,level_2/patient_image_000128_955b9373.jpg,roboflow,C:\Pywork\dental\dental\data\detection_hierarchical_zenodo_kaggle_6class_auto_v3\images\train\base_train_base_test_68.png,base_train_base_test_68.png,train,existing,dhash,7,exclude
C:\Pywork\dental\dental\data\raw\brar_bone_resorption\extracted\level_2\patient_image_000129_a876f783.jpg,level_2/patient_image_000129_a876f783.jpg,roboflow,C:\Pywork\dental\dental\data\detection_hierarchical_zenodo_kaggle_6class_auto_v3\images\val\base_test_base_test_243.png,base_test_base_test_243.png,val,existing,dhash,8,exclude
C:\Pywork\dental\dental\data\raw\brar_bone_resorption\extracted\level_2\patient_image_000130_ac295d3a.jpg,level_2/patient_image_000130_ac295d3a.jpg,roboflow,C:\Pywork\dental\dental\data\detection_hierarchical_zenodo_kaggle_6class_auto_v3\images\train\base_train_base_cx_023029.jpg,base_train_base_cx_023029.jpg,train,existing,dhash,5,exclude
C:\Pywork\dental\dental\data\raw\brar_bone_resorption\extracted\level_2\patient_image_000132_5034156b.jpg,level_2/patient_image_000132_5034156b.jpg,roboflow,C:\Pywork\dental\dental\data\detection_hierarchical_zenodo_kaggle_6class_auto_v3\images\train\base_train_base_test_237.png,base_train_base_test_237.png,train,existing,dhash,5,exclude
C:\Pywork\dental\dental\data\raw\brar_bone_resorption\extracted\level_2\patient_image_000135_32f01435.jpg,level_2/patient_image_000135_32f01435.jpg,roboflow,C:\Pywork\dental\dental\data\detection_hierarchical_zenodo_kaggle_6class_auto_v3\images\train\base_train_base_test_146.png,base_train_base_test_146.png,train,existing,dhash,5,exclude
C:\Pywork\dental\dental\data\raw\brar_bone_resorption\extracted\level_2\patient_image_000141_bf14d4a9.jpg,level_2/patient_image_000141_bf14d4a9.jpg,roboflow,C:\Pywork\dental\dental\data\detection_hierarchical_zenodo_kaggle_6class_auto_v3\images\train\base_train_base_umfih_138.jpg,base_train_base_umfih_138.jpg,train,existing,dhash,8,exclude
C:\Pywork\dental\dental\data\raw\brar_bone_resorption\extracted\level_2\patient_image_000142_8a91e5a8.jpg,level_2/patient_image_000142_8a91e5a8.jpg,roboflow,C:\Pywork\dental\dental\data\detection_hierarchical_zenodo_kaggle_6class_auto_v3\images\train\base_test_base_cx_028493.jpg,base_test_base_cx_028493.jpg,train,existing,dhash,5,exclude
C:\Pywork\dental\dental\data\raw\brar_bone_resorption\extracted\level_2\patient_image_000149_330df8e6.jpg,level_2/patient_image_000149_330df8e6.jpg,roboflow,C:\Pywork\dental\dental\data\detection_hierarchical_zenodo_kaggle_6class_auto_v3\images\val\kaggle_test_kg_test_3646060000-jpg_png_jpg.rf.215aca636b2f15f52924131cdeaee2dc.jpg,kaggle_test_kg_test_3646060000-jpg_png_jpg.rf.215aca636b2f15f52924131cdeaee2dc.jpg,val,existing,dhash,8,exclude
C:\Pywork\dental\dental\data\raw\brar_bone_resorption\extracted\level_2\patient_image_000151_5b6399fb.jpg,level_2/patient_image_000151_5b6399fb.jpg,roboflow,C:\Pywork\dental\dental\data\detection_hierarchical_zenodo_kaggle_6class_auto_v3\images\train\base_train_base_cx_028545.jpg,base_train_base_cx_028545.jpg,train,existing,dhash,7,exclude
C:\Pywork\dental\dental\data\raw\brar_bone_resorption\extracted\level_2\patient_image_000155_0feacd58.jpg,level_2/patient_image_000155_0feacd58.jpg,roboflow,C:\Pywork\dental\dental\data\detection_hierarchical_zenodo_kaggle_6class_auto_v3\images\train\base_train_base_test_184.png,base_train_base_test_184.png,train,existing,dhash,5,exclude
C:\Pywork\dental\dental\data\raw\brar_bone_resorption\extracted\level_2\patient_image_000161_2c258c0e.jpg,level_2/patient_image_000161_2c258c0e.jpg,roboflow,C:\Pywork\dental\dental\data\detection_hierarchical_zenodo_kaggle_6class_auto_v3\images\train\base_test_base_umfih_v25.jpg,base_test_base_umfih_v25.jpg,train,existing,dhash,7,exclude
C:\Pywork\dental\dental\data\raw\brar_bone_resorption\extracted\level_2\patient_image_000168_476709d0.jpg,level_2/patient_image_000168_476709d0.jpg,roboflow,C:\Pywork\dental\dental\data\detection_hierarchical_zenodo_kaggle_6class_auto_v3\images\val\base_train_base_cx_010183.jpg,base_train_base_cx_010183.jpg,val,existing,dhash,8,exclude
C:\Pywork\dental\dental\data\raw\brar_bone_resorption\extracted\level_2\patient_image_000172_fed06c65.jpg,level_2/patient_image_000172_fed06c65.jpg,roboflow,C:\Pywork\dental\dental\data\detection_hierarchical_zenodo_kaggle_6class_auto_v3\images\train\base_train_base_cx_020329.jpg,base_train_base_cx_020329.jpg,train,existing,dhash,5,exclude
C:\Pywork\dental\dental\data\raw\brar_bone_resorption\extracted\level_2\patient_image_000173_bdd537f7.jpg,level_2/patient_image_000173_bdd537f7.jpg,roboflow,C:\Pywork\dental\dental\data\detection_hierarchical_zenodo_kaggle_6class_auto_v3\images\train\base_train_base_cx_000485.jpg,base_train_base_cx_000485.jpg,train,existing,dhash,7,exclude
C:\Pywork\dental\dental\data\raw\brar_bone_resorption\extracted\level_2\patient_image_000174_d07c1ecc.jpg,level_2/patient_image_000174_d07c1ecc.jpg,roboflow,C:\Pywork\dental\dental\data\detection_hierarchical_zenodo_kaggle_6class_auto_v3\images\train\base_train_base_cx_007047.jpg,base_train_base_cx_007047.jpg,train,existing,dhash,5,exclude
C:\Pywork\dental\dental\data\raw\brar_bone_resorption\extracted\level_2\patient_image_000176_5bd8841b.jpg,level_2/patient_image_000176_5bd8841b.jpg,roboflow,C:\Pywork\dental\dental\data\detection_hierarchical_zenodo_kaggle_6class_auto_v3\images\train\base_test_base_cx_012014.jpg,base_test_base_cx_012014.jpg,train,existing,dhash,7,exclude
C:\Pywork\dental\dental\data\raw\brar_bone_resorption\extracted\level_2\patient_image_000178_589dfb90.jpg,level_2/patient_image_000178_589dfb90.jpg,roboflow,C:\Pywork\dental\dental\data\detection_hierarchical_zenodo_kaggle_6class_auto_v3\images\train\base_train_base_umfih_1165.jpg,base_train_base_umfih_1165.jpg,train,existing,dhash,7,exclude
C:\Pywork\dental\dental\data\raw\brar_bone_resorption\extracted\level_2\patient_image_000179_8a1c8c22.jpg,level_2/patient_image_000179_8a1c8c22.jpg,roboflow,C:\Pywork\dental\dental\data\detection_hierarchical_zenodo_kaggle_6class_auto_v3\images\train\base_train_base_cx_025043.jpg,base_train_base_cx_025043.jpg,train,existing,dhash,6,exclude
C:\Pywork\dental\dental\data\raw\brar_bone_resorption\extracted\level_2\patient_image_000182_c4b93c62.jpg,level_2/patient_image_000182_c4b93c62.jpg,roboflow,C:\Pywork\dental\dental\data\detection_hierarchical_zenodo_kaggle_6class_auto_v3\images\train\base_test_base_umfih_v29.jpg,base_test_base_umfih_v29.jpg,train,existing,dhash,5,exclude
C:\Pywork\dental\dental\data\raw\brar_bone_resorption\extracted\level_2\patient_image_000187_3a99cef5.jpg,level_2/patient_image_000187_3a99cef5.jpg,roboflow,C:\Pywork\dental\dental\data\detection_hierarchical_zenodo_kaggle_6class_auto_v3\images\train\base_train_base_umfih_1345.jpg,base_train_base_umfih_1345.jpg,train,existing,dhash,6,exclude
C:\Pywork\dental\dental\data\raw\brar_bone_resorption\extracted\level_2\patient_image_000188_a18e833b.jpg,level_2/patient_image_000188_a18e833b.jpg,roboflow,C:\Pywork\dental\dental\data\detection_hierarchical_zenodo_kaggle_6class_auto_v3\images\test\base_train_base_cx_006344.jpg,base_train_base_cx_006344.jpg,test,existing,dhash,6,exclude
C:\Pywork\dental\dental\data\raw\brar_bone_resorption\extracted\level_2\patient_image_000190_371b9288.jpg,level_2/patient_image_000190_371b9288.jpg,roboflow,C:\Pywork\dental\dental\data\detection_hierarchical_zenodo_kaggle_6class_auto_v3\images\train\base_train_base_test_94.png,base_train_base_test_94.png,train,existing,dhash,6,exclude
C:\Pywork\dental\dental\data\raw\brar_bone_resorption\extracted\level_2\patient_image_000196_8989b7dd.jpg,level_2/patient_image_000196_8989b7dd.jpg,roboflow,C:\Pywork\dental\dental\data\detection_hierarchical_zenodo_kaggle_6class_auto_v3\images\test\base_test_base_cx_009704.jpg,base_test_base_cx_009704.jpg,test,existing,dhash,7,exclude
C:\Pywork\dental\dental\data\raw\brar_bone_resorption\extracted\level_2\patient_image_000203_71f4669d.jpg,level_2/patient_image_000203_71f4669d.jpg,roboflow,C:\Pywork\dental\dental\data\detection_hierarchical_zenodo_kaggle_6class_auto_v3\images\train\base_test_base_umfih_v24.jpg,base_test_base_umfih_v24.jpg,train,existing,dhash,6,exclude
C:\Pywork\dental\dental\data\raw\brar_bone_resorption\extracted\level_2\patient_image_000207_83423773.jpg,level_2/patient_image_000207_83423773.jpg,roboflow,C:\Pywork\dental\dental\data\detection_hierarchical_zenodo_kaggle_6class_auto_v3\images\train\base_train_base_test_109.png,base_train_base_test_109.png,train,existing,dhash,8,exclude
C:\Pywork\dental\dental\data\raw\brar_bone_resorption\extracted\level_2\patient_image_000212_a5293eb5.jpg,level_2/patient_image_000212_a5293eb5.jpg,roboflow,C:\Pywork\dental\dental\data\detection_hierarchical_zenodo_kaggle_6class_auto_v3\images\train\base_train_base_cx_019732.jpg,base_train_base_cx_019732.jpg,train,existing,dhash,5,exclude
C:\Pywork\dental\dental\data\raw\brar_bone_resorption\extracted\level_2\patient_image_000215_77fd33bd.jpg,level_2/patient_image_000215_77fd33bd.jpg,roboflow,C:\Pywork\dental\dental\data\detection_hierarchical_zenodo_kaggle_6class_auto_v3\images\train\base_train_base_cx_008140.jpg,base_train_base_cx_008140.jpg,train,existing,dhash,6,exclude
C:\Pywork\dental\dental\data\raw\brar_bone_resorption\extracted\level_2\patient_image_000217_60a9142d.jpg,level_2/patient_image_000217_60a9142d.jpg,roboflow,C:\Pywork\dental\dental\data\detection_hierarchical_zenodo_kaggle_6class_auto_v3\images\test\base_train_base_cx_021623.jpg,base_train_base_cx_021623.jpg,test,existing,dhash,5,exclude
C:\Pywork\dental\dental\data\raw\brar_bone_resorption\extracted\level_2\patient_image_000218_9c50babc.jpg,level_2/patient_image_000218_9c50babc.jpg,roboflow,C:\Pywork\dental\dental\data\detection_hierarchical_zenodo_kaggle_6class_auto_v3\images\train\base_train_base_val_38.png,base_train_base_val_38.png,train,existing,dhash,6,exclude
C:\Pywork\dental\dental\data\raw\brar_bone_resorption\extracted\level_2\patient_image_000219_9770f2b9.jpg,level_2/patient_image_000219_9770f2b9.jpg,roboflow,C:\Pywork\dental\dental\data\detection_hierarchical_zenodo_kaggle_6class_auto_v3\images\train\base_train_base_umfih_1342.jpg,base_train_base_umfih_1342.jpg,train,existing,dhash,7,exclude
C:\Pywork\dental\dental\data\raw\brar_bone_resorption\extracted\level_2\patient_image_000220_1fc8f48e.jpg,level_2/patient_image_000220_1fc8f48e.jpg,roboflow,C:\Pywork\dental\dental\data\detection_hierarchical_zenodo_kaggle_6class_auto_v3\images\train\base_train_base_cx_023466.jpg,base_train_base_cx_023466.jpg,train,existing,dhash,6,exclude
C:\Pywork\dental\dental\data\raw\brar_bone_resorption\extracted\level_2\patient_image_000221_e7d95fd5.jpg,level_2/patient_image_000221_e7d95fd5.jpg,roboflow,C:\Pywork\dental\dental\data\detection_hierarchical_zenodo_kaggle_6class_auto_v3\images\val\base_test_base_test_243.png,base_test_base_test_243.png,val,existing,dhash,5,exclude
C:\Pywork\dental\dental\data\raw\brar_bone_resorption\extracted\level_2\patient_image_000223_4ebeaf32.jpg,level_2/patient_image_000223_4ebeaf32.jpg,roboflow,C:\Pywork\dental\dental\data\detection_hierarchical_zenodo_kaggle_6class_auto_v3\images\train\base_train_base_test_237.png,base_train_base_test_237.png,train,existing,dhash,5,exclude
C:\Pywork\dental\dental\data\raw\brar_bone_resorption\extracted\level_2\patient_image_000225_f73fd9c3.jpg,level_2/patient_image_000225_f73fd9c3.jpg,roboflow,C:\Pywork\dental\dental\data\detection_hierarchical_zenodo_kaggle_6class_auto_v3\images\train\base_test_base_cx_025551.jpg,base_test_base_cx_025551.jpg,train,existing,dhash,6,exclude
C:\Pywork\dental\dental\data\raw\brar_bone_resorption\extracted\level_2\patient_image_000228_5a0ce58e.jpg,level_2/patient_image_000228_5a0ce58e.jpg,roboflow,C:\Pywork\dental\dental\data\detection_hierarchical_zenodo_kaggle_6class_auto_v3\images\train\base_val_base_cx_012257.jpg,base_val_base_cx_012257.jpg,train,existing,dhash,7,exclude
C:\Pywork\dental\dental\data\raw\brar_bone_resorption\extracted\level_2\patient_image_000231_40fdec91.jpg,level_2/patient_image_000231_40fdec91.jpg,roboflow,C:\Pywork\dental\dental\data\detection_hierarchical_zenodo_kaggle_6class_auto_v3\images\train\base_train_base_test_50.png,base_train_base_test_50.png,train,existing,dhash,6,exclude
C:\Pywork\dental\dental\data\raw\brar_bone_resorption\extracted\level_2\patient_image_000234_b8b952f4.jpg,level_2/patient_image_000234_b8b952f4.jpg,roboflow,C:\Pywork\dental\dental\data\detection_hierarchical_zenodo_kaggle_6class_auto_v3\images\test\base_train_base_test_17.png,base_train_base_test_17.png,test,existing,dhash,6,exclude
C:\Pywork\dental\dental\data\raw\brar_bone_resorption\extracted\level_2\patient_image_000235_8db22773.jpg,level_2/patient_image_000235_8db22773.jpg,roboflow,C:\Pywork\dental\dental\data\detection_hierarchical_zenodo_kaggle_6class_auto_v3\images\train\base_train_base_test_217.png,base_train_base_test_217.png,train,existing,dhash,7,exclude
C:\Pywork\dental\dental\data\raw\brar_bone_resorption\extracted\level_2\patient_image_000236_7889c27a.jpg,level_2/patient_image_000236_7889c27a.jpg,roboflow,C:\Pywork\dental\dental\data\detection_hierarchical_zenodo_kaggle_6class_auto_v3\images\train\base_train_base_cx_020163.jpg,base_train_base_cx_020163.jpg,train,existing,dhash,5,exclude
C:\Pywork\dental\dental\data\raw\brar_bone_resorption\extracted\level_2\patient_image_000238_80d8ba1c.jpg,level_2/patient_image_000238_80d8ba1c.jpg,roboflow,C:\Pywork\dental\dental\data\detection_hierarchical_zenodo_kaggle_6class_auto_v3\images\train\base_val_base_val_40.png,base_val_base_val_40.png,train,existing,dhash,8,exclude
C:\Pywork\dental\dental\data\raw\brar_bone_resorption\extracted\level_2\patient_image_000248_43ee171f.jpg,level_2/patient_image_000248_43ee171f.jpg,roboflow,C:\Pywork\dental\dental\data\detection_hierarchical_zenodo_kaggle_6class_auto_v3\images\train\base_val_base_val_37.png,base_val_base_val_37.png,train,existing,dhash,7,exclude
C:\Pywork\dental\dental\data\raw\brar_bone_resorption\extracted\level_2\patient_image_000250_3155741c.jpg,level_2/patient_image_000250_3155741c.jpg,roboflow,C:\Pywork\dental\dental\data\detection_hierarchical_zenodo_kaggle_6class_auto_v3\images\train\base_train_base_test_121.png,base_train_base_test_121.png,train,existing,dhash,8,exclude
C:\Pywork\dental\dental\data\raw\brar_bone_resorption\extracted\level_2\patient_image_000251_9a6c936d.jpg,level_2/patient_image_000251_9a6c936d.jpg,roboflow,C:\Pywork\dental\dental\data\detection_hierarchical_zenodo_kaggle_6class_auto_v3\images\train\base_train_base_cx_009625.jpg,base_train_base_cx_009625.jpg,train,existing,dhash,8,exclude
C:\Pywork\dental\dental\data\raw\brar_bone_resorption\extracted\level_2\patient_image_000258_a183ff3d.jpg,level_2/patient_image_000258_a183ff3d.jpg,roboflow,C:\Pywork\dental\dental\data\detection_hierarchical_zenodo_kaggle_6class_auto_v3\images\train\base_train_base_umfih_26.jpg,base_train_base_umfih_26.jpg,train,existing,dhash,7,exclude
C:\Pywork\dental\dental\data\raw\brar_bone_resorption\extracted\level_2\patient_image_000266_095cc35f.jpg,level_2/patient_image_000266_095cc35f.jpg,roboflow,C:\Pywork\dental\dental\data\detection_hierarchical_zenodo_kaggle_6class_auto_v3\images\val\base_test_base_test_243.png,base_test_base_test_243.png,val,existing,dhash,8,exclude
C:\Pywork\dental\dental\data\raw\brar_bone_resorption\extracted\level_2\patient_image_000268_1ebfd026.jpg,level_2/patient_image_000268_1ebfd026.jpg,roboflow,C:\Pywork\dental\dental\data\detection_hierarchical_zenodo_kaggle_6class_auto_v3\images\train\base_train_base_cx_014609.jpg,base_train_base_cx_014609.jpg,train,existing,dhash,8,exclude
C:\Pywork\dental\dental\data\raw\brar_bone_resorption\extracted\level_2\patient_image_000270_b8e4c66b.jpg,level_2/patient_image_000270_b8e4c66b.jpg,roboflow,C:\Pywork\dental\dental\data\detection_hierarchical_zenodo_kaggle_6class_auto_v3\images\train\base_train_base_cx_006250.jpg,base_train_base_cx_006250.jpg,train,existing,dhash,5,exclude
C:\Pywork\dental\dental\data\raw\brar_bone_resorption\extracted\level_2\patient_image_000273_1ae96b1a.jpg,level_2/patient_image_000273_1ae96b1a.jpg,roboflow,C:\Pywork\dental\dental\data\detection_hierarchical_zenodo_kaggle_6class_auto_v3\images\train\base_test_base_cx_030494.jpg,base_test_base_cx_030494.jpg,train,existing,dhash,5,exclude
C:\Pywork\dental\dental\data\raw\brar_bone_resorption\extracted\level_2\patient_image_000274_7e795166.jpg,level_2/patient_image_000274_7e795166.jpg,roboflow,C:\Pywork\dental\dental\data\detection_hierarchical_zenodo_kaggle_6class_auto_v3\images\train\base_train_base_val_5.png,base_train_base_val_5.png,train,existing,dhash,7,exclude
C:\Pywork\dental\dental\data\raw\brar_bone_resorption\extracted\level_2\patient_image_000277_b34d42a3.jpg,level_2/patient_image_000277_b34d42a3.jpg,roboflow,C:\Pywork\dental\dental\data\detection_hierarchical_zenodo_kaggle_6class_auto_v3\images\train\base_train_base_cx_024160.jpg,base_train_base_cx_024160.jpg,train,existing,dhash,5,exclude
C:\Pywork\dental\dental\data\raw\brar_bone_resorption\extracted\level_2\patient_image_000279_ba5256ba.jpg,level_2/patient_image_000279_ba5256ba.jpg,roboflow,C:\Pywork\dental\dental\data\detection_hierarchical_zenodo_kaggle_6class_auto_v3\images\train\base_train_base_cx_026534.jpg,base_train_base_cx_026534.jpg,train,existing,dhash,6,exclude
C:\Pywork\dental\dental\data\raw\brar_bone_resorption\extracted\level_2\patient_image_000282_227457dd.jpg,level_2/patient_image_000282_227457dd.jpg,roboflow,C:\Pywork\dental\dental\data\detection_hierarchical_zenodo_kaggle_6class_auto_v3\images\train\base_train_base_cx_009625.jpg,base_train_base_cx_009625.jpg,train,existing,dhash,7,exclude
C:\Pywork\dental\dental\data\raw\brar_bone_resorption\extracted\level_2\patient_image_000283_51ed5d16.jpg,level_2/patient_image_000283_51ed5d16.jpg,roboflow,C:\Pywork\dental\dental\data\detection_hierarchical_zenodo_kaggle_6class_auto_v3\images\train\base_train_base_cx_006811.jpg,base_train_base_cx_006811.jpg,train,existing,dhash,5,exclude
C:\Pywork\dental\dental\data\raw\brar_bone_resorption\extracted\level_2\patient_image_000285_5b563bf0.jpg,level_2/patient_image_000285_5b563bf0.jpg,roboflow,C:\Pywork\dental\dental\data\detection_hierarchical_zenodo_kaggle_6class_auto_v3\images\train\base_test_base_umfih_v55.jpg,base_test_base_umfih_v55.jpg,train,existing,dhash,5,exclude
C:\Pywork\dental\dental\data\raw\brar_bone_resorption\extracted\level_2\patient_image_000289_03c1de08.jpg,level_2/patient_image_000289_03c1de08.jpg,roboflow,C:\Pywork\dental\dental\data\detection_hierarchical_zenodo_kaggle_6class_auto_v3\images\train\base_train_base_cx_026845.jpg,base_train_base_cx_026845.jpg,train,existing,dhash,5,exclude
C:\Pywork\dental\dental\data\raw\brar_bone_resorption\extracted\level_2\patient_image_000290_e2c5528b.jpg,level_2/patient_image_000290_e2c5528b.jpg,roboflow,C:\Pywork\dental\dental\data\detection_hierarchical_zenodo_kaggle_6class_auto_v3\images\train\base_train_base_umfih_992.jpg,base_train_base_umfih_992.jpg,train,existing,dhash,7,exclude
C:\Pywork\dental\dental\data\raw\brar_bone_resorption\extracted\level_2\patient_image_000292_c286f867.jpg,level_2/patient_image_000292_c286f867.jpg,roboflow,C:\Pywork\dental\dental\data\detection_hierarchical_zenodo_kaggle_6class_auto_v3\images\train\base_train_base_umfih_1431.jpg,base_train_base_umfih_1431.jpg,train,existing,dhash,8,exclude
C:\Pywork\dental\dental\data\raw\brar_bone_resorption\extracted\level_2\patient_image_000293_c43ad7c2.jpg,level_2/patient_image_000293_c43ad7c2.jpg,roboflow,C:\Pywork\dental\dental\data\detection_hierarchical_zenodo_kaggle_6class_auto_v3\images\train\base_test_base_umfih_v25.jpg,base_test_base_umfih_v25.jpg,train,existing,dhash,8,exclude
C:\Pywork\dental\dental\data\raw\brar_bone_resorption\extracted\level_2\patient_image_000296_ed406614.jpg,level_2/patient_image_000296_ed406614.jpg,roboflow,C:\Pywork\dental\dental\data\detection_hierarchical_zenodo_kaggle_6class_auto_v3\images\train\base_train_base_test_20.png,base_train_base_test_20.png,train,existing,dhash,8,exclude
C:\Pywork\dental\dental\data\raw\brar_bone_resorption\extracted\level_2\patient_image_000301_f014d2ea.jpg,level_2/patient_image_000301_f014d2ea.jpg,roboflow,C:\Pywork\dental\dental\data\detection_hierarchical_zenodo_kaggle_6class_auto_v3\images\train\base_test_base_cx_027270.jpg,base_test_base_cx_027270.jpg,train,existing,dhash,8,exclude
C:\Pywork\dental\dental\data\raw\brar_bone_resorption\extracted\level_2\patient_image_000302_b4bb1333.jpg,level_2/patient_image_000302_b4bb1333.jpg,roboflow,C:\Pywork\dental\dental\data\detection_hierarchical_zenodo_kaggle_6class_auto_v3\images\train\base_train_base_cx_001098.jpg,base_train_base_cx_001098.jpg,train,existing,dhash,5,exclude
C:\Pywork\dental\dental\data\raw\brar_bone_resorption\extracted\level_2\patient_image_000308_7b1e9629.jpg,level_2/patient_image_000308_7b1e9629.jpg,roboflow,C:\Pywork\dental\dental\data\detection_hierarchical_zenodo_kaggle_6class_auto_v3\images\train\base_train_base_cx_000438.jpg,base_train_base_cx_000438.jpg,train,existing,dhash,5,exclude
C:\Pywork\dental\dental\data\raw\brar_bone_resorption\extracted\level_2\patient_image_000309_077fbe7a.jpg,level_2/patient_image_000309_077fbe7a.jpg,roboflow,C:\Pywork\dental\dental\data\detection_hierarchical_zenodo_kaggle_6class_auto_v3\images\train\base_test_base_cx_013050.jpg,base_test_base_cx_013050.jpg,train,existing,dhash,6,exclude
C:\Pywork\dental\dental\data\raw\brar_bone_resorption\extracted\level_2\patient_image_000311_f6e9d930.jpg,level_2/patient_image_000311_f6e9d930.jpg,roboflow,C:\Pywork\dental\dental\data\detection_hierarchical_zenodo_kaggle_6class_auto_v3\images\train\base_train_base_cx_025574.jpg,base_train_base_cx_025574.jpg,train,existing,dhash,6,exclude
C:\Pywork\dental\dental\data\raw\brar_bone_resorption\extracted\level_2\patient_image_000316_e5edcd41.jpg,level_2/patient_image_000316_e5edcd41.jpg,roboflow,C:\Pywork\dental\dental\data\detection_hierarchical_zenodo_kaggle_6class_auto_v3\images\train\base_val_base_val_37.png,base_val_base_val_37.png,train,existing,dhash,7,exclude
C:\Pywork\dental\dental\data\raw\brar_bone_resorption\extracted\level_2\patient_image_000318_9ff0fd8a.jpg,level_2/patient_image_000318_9ff0fd8a.jpg,roboflow,C:\Pywork\dental\dental\data\detection_hierarchical_zenodo_kaggle_6class_auto_v3\images\train\base_test_base_test_98.png,base_test_base_test_98.png,train,existing,dhash,5,exclude
C:\Pywork\dental\dental\data\raw\brar_bone_resorption\extracted\level_2\patient_image_000319_070a158d.jpg,level_2/patient_image_000319_070a158d.jpg,roboflow,C:\Pywork\dental\dental\data\detection_hierarchical_zenodo_kaggle_6class_auto_v3\images\train\base_val_base_cx_027750.jpg,base_val_base_cx_027750.jpg,train,existing,dhash,7,exclude
C:\Pywork\dental\dental\data\raw\brar_bone_resorption\extracted\level_2\patient_image_000320_9f8cb638.jpg,level_2/patient_image_000320_9f8cb638.jpg,roboflow,C:\Pywork\dental\dental\data\detection_hierarchical_zenodo_kaggle_6class_auto_v3\images\train\base_val_base_cx_027750.jpg,base_val_base_cx_027750.jpg,train,existing,dhash,6,exclude
C:\Pywork\dental\dental\data\raw\brar_bone_resorption\extracted\level_2\patient_image_000321_ff9618f9.jpg,level_2/patient_image_000321_ff9618f9.jpg,roboflow,C:\Pywork\dental\dental\data\detection_hierarchical_zenodo_kaggle_6class_auto_v3\images\train\base_train_base_cx_023466.jpg,base_train_base_cx_023466.jpg,train,existing,dhash,5,exclude
C:\Pywork\dental\dental\data\raw\brar_bone_resorption\extracted\level_2\patient_image_000324_5a573d29.jpg,level_2/patient_image_000324_5a573d29.jpg,roboflow,C:\Pywork\dental\dental\data\detection_hierarchical_zenodo_kaggle_6class_auto_v3\images\train\base_val_base_cx_012351.jpg,base_val_base_cx_012351.jpg,train,existing,dhash,7,exclude
C:\Pywork\dental\dental\data\raw\brar_bone_resorption\extracted\level_2\patient_image_000325_6743f950.jpg,level_2/patient_image_000325_6743f950.jpg,roboflow,C:\Pywork\dental\dental\data\detection_hierarchical_zenodo_kaggle_6class_auto_v3\images\train\base_val_base_val_40.png,base_val_base_val_40.png,train,existing,dhash,8,exclude
C:\Pywork\dental\dental\data\raw\brar_bone_resorption\extracted\level_2\patient_image_000327_9d2da8d3.jpg,level_2/patient_image_000327_9d2da8d3.jpg,roboflow,C:\Pywork\dental\dental\data\detection_hierarchical_zenodo_kaggle_6class_auto_v3\images\train\base_train_base_cx_021250.jpg,base_train_base_cx_021250.jpg,train,existing,dhash,5,exclude
C:\Pywork\dental\dental\data\raw\brar_bone_resorption\extracted\level_2\patient_image_000331_e16f26da.jpg,level_2/patient_image_000331_e16f26da.jpg,roboflow,C:\Pywork\dental\dental\data\detection_hierarchical_zenodo_kaggle_6class_auto_v3\images\train\base_test_base_cx_023525.jpg,base_test_base_cx_023525.jpg,train,existing,dhash,5,exclude
C:\Pywork\dental\dental\data\raw\brar_bone_resorption\extracted\level_2\patient_image_000333_93372893.jpg,level_2/patient_image_000333_93372893.jpg,roboflow,C:\Pywork\dental\dental\data\detection_hierarchical_zenodo_kaggle_6class_auto_v3\images\val\base_test_base_test_243.png,base_test_base_test_243.png,val,existing,dhash,5,exclude
C:\Pywork\dental\dental\data\raw\brar_bone_resorption\extracted\level_2\patient_image_000335_36dd9d92.jpg,level_2/patient_image_000335_36dd9d92.jpg,roboflow,C:\Pywork\dental\dental\data\detection_hierarchical_zenodo_kaggle_6class_auto_v3\images\train\base_val_base_cx_023894.jpg,base_val_base_cx_023894.jpg,train,existing,dhash,8,exclude
C:\Pywork\dental\dental\data\raw\brar_bone_resorption\extracted\level_2\patient_image_000336_95eb29bb.jpg,level_2/patient_image_000336_95eb29bb.jpg,roboflow,C:\Pywork\dental\dental\data\detection_hierarchical_zenodo_kaggle_6class_auto_v3\images\train\base_test_base_cx_012014.jpg,base_test_base_cx_012014.jpg,train,existing,dhash,5,exclude
C:\Pywork\dental\dental\data\raw\brar_bone_resorption\extracted\level_2\patient_image_000341_47f0ea2d.jpg,level_2/patient_image_000341_47f0ea2d.jpg,roboflow,C:\Pywork\dental\dental\data\detection_hierarchical_zenodo_kaggle_6class_auto_v3\images\train\base_train_base_cx_025381.jpg,base_train_base_cx_025381.jpg,train,existing,dhash,5,exclude
C:\Pywork\dental\dental\data\raw\brar_bone_resorption\extracted\level_2\patient_image_000344_be19a86f.jpg,level_2/patient_image_000344_be19a86f.jpg,roboflow,C:\Pywork\dental\dental\data\detection_hierarchical_zenodo_kaggle_6class_auto_v3\images\train\base_train_base_test_248.png,base_train_base_test_248.png,train,existing,dhash,7,exclude
C:\Pywork\dental\dental\data\raw\brar_bone_resorption\extracted\level_2\patient_image_000345_dbef47f1.jpg,level_2/patient_image_000345_dbef47f1.jpg,roboflow,C:\Pywork\dental\dental\data\detection_hierarchical_zenodo_kaggle_6class_auto_v3\images\train\base_test_base_cx_009972.jpg,base_test_base_cx_009972.jpg,train,existing,dhash,5,exclude
C:\Pywork\dental\dental\data\raw\brar_bone_resorption\extracted\level_2\patient_image_000347_94090e46.jpg,level_2/patient_image_000347_94090e46.jpg,roboflow,C:\Pywork\dental\dental\data\detection_hierarchical_zenodo_kaggle_6class_auto_v3\images\train\base_test_base_cx_022161.jpg,base_test_base_cx_022161.jpg,train,existing,dhash,5,exclude
C:\Pywork\dental\dental\data\raw\brar_bone_resorption\extracted\level_2\patient_image_000349_3074f911.jpg,level_2/patient_image_000349_3074f911.jpg,roboflow,C:\Pywork\dental\dental\data\detection_hierarchical_zenodo_kaggle_6class_auto_v3\images\train\base_train_base_test_20.png,base_train_base_test_20.png,train,existing,dhash,6,exclude
C:\Pywork\dental\dental\data\raw\brar_bone_resorption\extracted\level_2\patient_image_000352_2cb283b7.jpg,level_2/patient_image_000352_2cb283b7.jpg,roboflow,C:\Pywork\dental\dental\data\detection_hierarchical_zenodo_kaggle_6class_auto_v3\images\train\base_train_base_test_237.png,base_train_base_test_237.png,train,existing,dhash,8,exclude
C:\Pywork\dental\dental\data\raw\brar_bone_resorption\extracted\level_2\patient_image_000357_dadd1a7f.jpg,level_2/patient_image_000357_dadd1a7f.jpg,roboflow,C:\Pywork\dental\dental\data\detection_hierarchical_zenodo_kaggle_6class_auto_v3\images\train\base_test_base_cx_013021.jpg,base_test_base_cx_013021.jpg,train,existing,dhash,8,exclude
C:\Pywork\dental\dental\data\raw\brar_bone_resorption\extracted\level_2\patient_image_000359_1df9d941.jpg,level_2/patient_image_000359_1df9d941.jpg,roboflow,C:\Pywork\dental\dental\data\detection_hierarchical_zenodo_kaggle_6class_auto_v3\images\val\base_train_base_cx_000493.jpg,base_train_base_cx_000493.jpg,val,existing,dhash,6,exclude
C:\Pywork\dental\dental\data\raw\brar_bone_resorption\extracted\level_2\patient_image_000361_06ea70b2.jpg,level_2/patient_image_000361_06ea70b2.jpg,roboflow,C:\Pywork\dental\dental\data\detection_hierarchical_zenodo_kaggle_6class_auto_v3\images\train\base_train_base_cx_022105.jpg,base_train_base_cx_022105.jpg,train,existing,dhash,6,exclude
C:\Pywork\dental\dental\data\raw\brar_bone_resorption\extracted\level_2\patient_image_000363_49d557bd.jpg,level_2/patient_image_000363_49d557bd.jpg,roboflow,C:\Pywork\dental\dental\data\detection_hierarchical_zenodo_kaggle_6class_auto_v3\images\train\base_train_base_cx_006626.jpg,base_train_base_cx_006626.jpg,train,existing,dhash,5,exclude
C:\Pywork\dental\dental\data\raw\brar_bone_resorption\extracted\level_2\patient_image_000364_84b8ea56.jpg,level_2/patient_image_000364_84b8ea56.jpg,roboflow,C:\Pywork\dental\dental\data\detection_hierarchical_zenodo_kaggle_6class_auto_v3\images\train\base_test_base_umfih_v4.jpg,base_test_base_umfih_v4.jpg,train,existing,dhash,8,exclude
C:\Pywork\dental\dental\data\raw\brar_bone_resorption\extracted\level_2\patient_image_000365_bb7d18c2.jpg,level_2/patient_image_000365_bb7d18c2.jpg,roboflow,C:\Pywork\dental\dental\data\detection_hierarchical_zenodo_kaggle_6class_auto_v3\images\train\base_train_base_cx_021481.jpg,base_train_base_cx_021481.jpg,train,existing,dhash,6,exclude
C:\Pywork\dental\dental\data\raw\brar_bone_resorption\extracted\level_2\patient_image_000367_348bf0ed.jpg,level_2/patient_image_000367_348bf0ed.jpg,roboflow,C:\Pywork\dental\dental\data\detection_hierarchical_zenodo_kaggle_6class_auto_v3\images\train\base_test_base_val_44.png,base_test_base_val_44.png,train,existing,dhash,8,exclude
C:\Pywork\dental\dental\data\raw\brar_bone_resorption\extracted\level_2\patient_image_000369_3ad2d68e.jpg,level_2/patient_image_000369_3ad2d68e.jpg,roboflow,C:\Pywork\dental\dental\data\detection_hierarchical_zenodo_kaggle_6class_auto_v3\images\train\base_train_base_test_46.png,base_train_base_test_46.png,train,existing,dhash,6,exclude
C:\Pywork\dental\dental\data\raw\brar_bone_resorption\extracted\level_2\patient_image_000371_e6ac24e9.jpg,level_2/patient_image_000371_e6ac24e9.jpg,roboflow,C:\Pywork\dental\dental\data\detection_hierarchical_zenodo_kaggle_6class_auto_v3\images\train\base_train_base_umfih_1142.jpg,base_train_base_umfih_1142.jpg,train,existing,dhash,7,exclude
C:\Pywork\dental\dental\data\raw\brar_bone_resorption\extracted\level_2\patient_image_000374_771f2f5f.jpg,level_2/patient_image_000374_771f2f5f.jpg,roboflow,C:\Pywork\dental\dental\data\detection_hierarchical_zenodo_kaggle_6class_auto_v3\images\test\base_train_base_test_80.png,base_train_base_test_80.png,test,existing,dhash,6,exclude
C:\Pywork\dental\dental\data\raw\brar_bone_resorption\extracted\level_2\patient_image_000375_36cfc84e.jpg,level_2/patient_image_000375_36cfc84e.jpg,roboflow,C:\Pywork\dental\dental\data\detection_hierarchical_zenodo_kaggle_6class_auto_v3\images\train\base_train_base_cx_025172.jpg,base_train_base_cx_025172.jpg,train,existing,dhash,6,exclude
C:\Pywork\dental\dental\data\raw\brar_bone_resorption\extracted\level_2\patient_image_000376_85573db8.jpg,level_2/patient_image_000376_85573db8.jpg,roboflow,C:\Pywork\dental\dental\data\detection_hierarchical_zenodo_kaggle_6class_auto_v3\images\test\base_train_base_test_45.png,base_train_base_test_45.png,test,existing,dhash,6,exclude
C:\Pywork\dental\dental\data\raw\brar_bone_resorption\extracted\level_2\patient_image_000380_7d3d41ec.jpg,level_2/patient_image_000380_7d3d41ec.jpg,roboflow,C:\Pywork\dental\dental\data\detection_hierarchical_zenodo_kaggle_6class_auto_v3\images\train\base_train_base_cx_025877.jpg,base_train_base_cx_025877.jpg,train,existing,dhash,6,exclude
C:\Pywork\dental\dental\data\raw\brar_bone_resorption\extracted\level_2\patient_image_000381_9c27535d.jpg,level_2/patient_image_000381_9c27535d.jpg,roboflow,C:\Pywork\dental\dental\data\detection_hierarchical_zenodo_kaggle_6class_auto_v3\images\train\base_train_base_test_112.png,base_train_base_test_112.png,train,existing,dhash,6,exclude
C:\Pywork\dental\dental\data\raw\brar_bone_resorption\extracted\level_2\patient_image_000382_934a0214.jpg,level_2/patient_image_000382_934a0214.jpg,roboflow,C:\Pywork\dental\dental\data\detection_hierarchical_zenodo_kaggle_6class_auto_v3\images\train\base_val_base_cx_027213.jpg,base_val_base_cx_027213.jpg,train,existing,dhash,7,exclude
C:\Pywork\dental\dental\data\raw\brar_bone_resorption\extracted\level_2\patient_image_000385_c98d53b0.jpg,level_2/patient_image_000385_c98d53b0.jpg,roboflow,C:\Pywork\dental\dental\data\detection_hierarchical_zenodo_kaggle_6class_auto_v3\images\train\base_train_base_cx_008143.jpg,base_train_base_cx_008143.jpg,train,existing,dhash,8,exclude
C:\Pywork\dental\dental\data\raw\brar_bone_resorption\extracted\level_2\patient_image_000386_245dcbc1.jpg,level_2/patient_image_000386_245dcbc1.jpg,roboflow,C:\Pywork\dental\dental\data\detection_hierarchical_zenodo_kaggle_6class_auto_v3\images\train\base_train_base_cx_020767.jpg,base_train_base_cx_020767.jpg,train,existing,dhash,8,exclude
C:\Pywork\dental\dental\data\raw\brar_bone_resorption\extracted\level_2\patient_image_000390_7959b203.jpg,level_2/patient_image_000390_7959b203.jpg,roboflow,C:\Pywork\dental\dental\data\detection_hierarchical_zenodo_kaggle_6class_auto_v3\images\train\base_test_base_umfih_v59.jpg,base_test_base_umfih_v59.jpg,train,existing,dhash,7,exclude
C:\Pywork\dental\dental\data\raw\brar_bone_resorption\extracted\level_2\patient_image_000391_3111495d.jpg,level_2/patient_image_000391_3111495d.jpg,roboflow,C:\Pywork\dental\dental\data\detection_hierarchical_zenodo_kaggle_6class_auto_v3\images\val\base_test_base_test_2.png,base_test_base_test_2.png,val,existing,dhash,8,exclude
C:\Pywork\dental\dental\data\raw\brar_bone_resorption\extracted\level_2\patient_image_000392_6d723203.jpg,level_2/patient_image_000392_6d723203.jpg,roboflow,C:\Pywork\dental\dental\data\detection_hierarchical_zenodo_kaggle_6class_auto_v3\images\train\base_train_base_cx_026224.jpg,base_train_base_cx_026224.jpg,train,existing,dhash,5,exclude
C:\Pywork\dental\dental\data\raw\brar_bone_resorption\extracted\level_2\patient_image_000395_428e3307.jpg,level_2/patient_image_000395_428e3307.jpg,roboflow,C:\Pywork\dental\dental\data\detection_hierarchical_zenodo_kaggle_6class_auto_v3\images\train\base_test_base_cx_023596.jpg,base_test_base_cx_023596.jpg,train,existing,dhash,5,exclude
C:\Pywork\dental\dental\data\raw\brar_bone_resorption\extracted\level_2\patient_image_000397_05ddedc7.jpg,level_2/patient_image_000397_05ddedc7.jpg,roboflow,C:\Pywork\dental\dental\data\detection_hierarchical_zenodo_kaggle_6class_auto_v3\images\train\base_train_base_cx_026224.jpg,base_train_base_cx_026224.jpg,train,existing,dhash,7,exclude
C:\Pywork\dental\dental\data\raw\brar_bone_resorption\extracted\level_2\patient_image_000398_61f8b447.jpg,level_2/patient_image_000398_61f8b447.jpg,roboflow,C:\Pywork\dental\dental\data\detection_hierarchical_zenodo_kaggle_6class_auto_v3\images\train\base_train_base_cx_016797.jpg,base_train_base_cx_016797.jpg,train,existing,dhash,8,exclude
C:\Pywork\dental\dental\data\raw\brar_bone_resorption\extracted\level_2\patient_image_000401_e90e8248.jpg,level_2/patient_image_000401_e90e8248.jpg,roboflow,C:\Pywork\dental\dental\data\detection_hierarchical_zenodo_kaggle_6class_auto_v3\images\train\base_train_base_val_38.png,base_train_base_val_38.png,train,existing,dhash,8,exclude
C:\Pywork\dental\dental\data\raw\brar_bone_resorption\extracted\level_2\patient_image_000402_74196900.jpg,level_2/patient_image_000402_74196900.jpg,roboflow,C:\Pywork\dental\dental\data\detection_hierarchical_zenodo_kaggle_6class_auto_v3\images\train\base_train_base_cx_025884.jpg,base_train_base_cx_025884.jpg,train,existing,dhash,8,exclude
C:\Pywork\dental\dental\data\raw\brar_bone_resorption\extracted\level_2\patient_image_000405_2e1fcb72.jpg,level_2/patient_image_000405_2e1fcb72.jpg,roboflow,C:\Pywork\dental\dental\data\detection_hierarchical_zenodo_kaggle_6class_auto_v3\images\train\base_train_base_cx_021481.jpg,base_train_base_cx_021481.jpg,train,existing,dhash,7,exclude
C:\Pywork\dental\dental\data\raw\brar_bone_resorption\extracted\level_2\patient_image_000407_5adfb2c1.jpg,level_2/patient_image_000407_5adfb2c1.jpg,roboflow,C:\Pywork\dental\dental\data\detection_hierarchical_zenodo_kaggle_6class_auto_v3\images\train\base_train_base_umfih_1378.jpg,base_train_base_umfih_1378.jpg,train,existing,dhash,6,exclude
C:\Pywork\dental\dental\data\raw\brar_bone_resorption\extracted\level_2\patient_image_000408_8dc2c8f0.jpg,level_2/patient_image_000408_8dc2c8f0.jpg,roboflow,C:\Pywork\dental\dental\data\detection_hierarchical_zenodo_kaggle_6class_auto_v3\images\train\base_val_base_test_128.png,base_val_base_test_128.png,train,existing,dhash,7,exclude
C:\Pywork\dental\dental\data\raw\brar_bone_resorption\extracted\level_2\patient_image_000409_6e6b2725.jpg,level_2/patient_image_000409_6e6b2725.jpg,roboflow,C:\Pywork\dental\dental\data\detection_hierarchical_zenodo_kaggle_6class_auto_v3\images\val\base_test_base_val_48.png,base_test_base_val_48.png,val,existing,dhash,5,exclude
C:\Pywork\dental\dental\data\raw\brar_bone_resorption\extracted\level_2\patient_image_000412_d9e46289.jpg,level_2/patient_image_000412_d9e46289.jpg,roboflow,C:\Pywork\dental\dental\data\detection_hierarchical_zenodo_kaggle_6class_auto_v3\images\test\base_train_base_test_231.png,base_train_base_test_231.png,test,existing,dhash,8,exclude
C:\Pywork\dental\dental\data\raw\brar_bone_resorption\extracted\level_2\patient_image_000413_d10de40a.jpg,level_2/patient_image_000413_d10de40a.jpg,roboflow,C:\Pywork\dental\dental\data\detection_hierarchical_zenodo_kaggle_6class_auto_v3\images\train\base_train_base_cx_007241.jpg,base_train_base_cx_007241.jpg,train,existing,dhash,6,exclude
C:\Pywork\dental\dental\data\raw\brar_bone_resorption\extracted\level_2\patient_image_000414_ab919b7f.jpg,level_2/patient_image_000414_ab919b7f.jpg,roboflow,C:\Pywork\dental\dental\data\detection_hierarchical_zenodo_kaggle_6class_auto_v3\images\train\base_train_base_test_57.png,base_train_base_test_57.png,train,existing,dhash,8,exclude
C:\Pywork\dental\dental\data\raw\brar_bone_resorption\extracted\level_2\patient_image_000415_fb82a215.jpg,level_2/patient_image_000415_fb82a215.jpg,roboflow,C:\Pywork\dental\dental\data\detection_hierarchical_zenodo_kaggle_6class_auto_v3\images\test\base_train_base_cx_014470.jpg,base_train_base_cx_014470.jpg,test,existing,dhash,6,exclude
C:\Pywork\dental\dental\data\raw\brar_bone_resorption\extracted\level_2\patient_image_000418_112e5c74.jpg,level_2/patient_image_000418_112e5c74.jpg,roboflow,C:\Pywork\dental\dental\data\detection_hierarchical_zenodo_kaggle_6class_auto_v3\images\train\base_test_base_cx_019859.jpg,base_test_base_cx_019859.jpg,train,existing,dhash,5,exclude
C:\Pywork\dental\dental\data\raw\brar_bone_resorption\extracted\level_2\patient_image_000424_072c4aa2.jpg,level_2/patient_image_000424_072c4aa2.jpg,roboflow,C:\Pywork\dental\dental\data\detection_hierarchical_zenodo_kaggle_6class_auto_v3\images\train\base_test_base_umfih_v58.jpg,base_test_base_umfih_v58.jpg,train,existing,dhash,7,exclude
C:\Pywork\dental\dental\data\raw\brar_bone_resorption\extracted\level_2\patient_image_000425_0ee856b5.jpg,level_2/patient_image_000425_0ee856b5.jpg,roboflow,C:\Pywork\dental\dental\data\detection_hierarchical_zenodo_kaggle_6class_auto_v3\images\train\base_train_base_test_227.png,base_train_base_test_227.png,train,existing,dhash,8,exclude
C:\Pywork\dental\dental\data\raw\brar_bone_resorption\extracted\level_2\patient_image_000427_03b8de7d.jpg,level_2/patient_image_000427_03b8de7d.jpg,roboflow,C:\Pywork\dental\dental\data\detection_hierarchical_zenodo_kaggle_6class_auto_v3\images\train\base_train_base_cx_014548.jpg,base_train_base_cx_014548.jpg,train,existing,dhash,5,exclude
C:\Pywork\dental\dental\data\raw\brar_bone_resorption\extracted\level_2\patient_image_000428_ced31832.jpg,level_2/patient_image_000428_ced31832.jpg,roboflow,C:\Pywork\dental\dental\data\detection_hierarchical_zenodo_kaggle_6class_auto_v3\images\train\base_train_base_cx_006076.jpg,base_train_base_cx_006076.jpg,train,existing,dhash,7,exclude
C:\Pywork\dental\dental\data\raw\brar_bone_resorption\extracted\level_2\patient_image_000432_08bb0fd2.jpg,level_2/patient_image_000432_08bb0fd2.jpg,roboflow,C:\Pywork\dental\dental\data\detection_hierarchical_zenodo_kaggle_6class_auto_v3\images\train\base_train_base_cx_026278.jpg,base_train_base_cx_026278.jpg,train,existing,dhash,7,exclude
C:\Pywork\dental\dental\data\raw\brar_bone_resorption\extracted\level_2\patient_image_000441_6a673d62.jpg,level_2/patient_image_000441_6a673d62.jpg,roboflow,C:\Pywork\dental\dental\data\detection_hierarchical_zenodo_kaggle_6class_auto_v3\images\train\base_train_base_val_5.png,base_train_base_val_5.png,train,existing,dhash,5,exclude
C:\Pywork\dental\dental\data\raw\brar_bone_resorption\extracted\level_2\patient_image_000443_0a8e215c.jpg,level_2/patient_image_000443_0a8e215c.jpg,roboflow,C:\Pywork\dental\dental\data\detection_hierarchical_zenodo_kaggle_6class_auto_v3\images\train\base_val_base_cx_027213.jpg,base_val_base_cx_027213.jpg,train,existing,dhash,8,exclude
C:\Pywork\dental\dental\data\raw\brar_bone_resorption\extracted\level_2\patient_image_000448_fe6c87b3.jpg,level_2/patient_image_000448_fe6c87b3.jpg,roboflow,C:\Pywork\dental\dental\data\detection_hierarchical_zenodo_kaggle_6class_auto_v3\images\train\base_train_base_test_112.png,base_train_base_test_112.png,train,existing,dhash,8,exclude
C:\Pywork\dental\dental\data\raw\brar_bone_resorption\extracted\level_2\patient_image_000452_6bae26b1.jpg,level_2/patient_image_000452_6bae26b1.jpg,roboflow,C:\Pywork\dental\dental\data\detection_hierarchical_zenodo_kaggle_6class_auto_v3\images\train\base_train_base_cx_020063.jpg,base_train_base_cx_020063.jpg,train,existing,dhash,6,exclude
C:\Pywork\dental\dental\data\raw\brar_bone_resorption\extracted\level_2\patient_image_000457_e8f4aa9a.jpg,level_2/patient_image_000457_e8f4aa9a.jpg,roboflow,C:\Pywork\dental\dental\data\detection_hierarchical_zenodo_kaggle_6class_auto_v3\images\train\base_train_base_cx_023029.jpg,base_train_base_cx_023029.jpg,train,existing,dhash,6,exclude
C:\Pywork\dental\dental\data\raw\brar_bone_resorption\extracted\level_2\patient_image_000460_02d60eef.jpg,level_2/patient_image_000460_02d60eef.jpg,roboflow,C:\Pywork\dental\dental\data\detection_hierarchical_zenodo_kaggle_6class_auto_v3\images\train\base_train_base_umfih_186.jpg,base_train_base_umfih_186.jpg,train,existing,dhash,8,exclude
C:\Pywork\dental\dental\data\raw\brar_bone_resorption\extracted\level_2\patient_image_000462_3e19cc2a.jpg,level_2/patient_image_000462_3e19cc2a.jpg,roboflow,C:\Pywork\dental\dental\data\detection_hierarchical_zenodo_kaggle_6class_auto_v3\images\train\base_train_base_umfih_123.jpg,base_train_base_umfih_123.jpg,train,existing,dhash,6,exclude
C:\Pywork\dental\dental\data\raw\brar_bone_resorption\extracted\level_2\patient_image_000471_92a5e5d6.jpg,level_2/patient_image_000471_92a5e5d6.jpg,roboflow,C:\Pywork\dental\dental\data\detection_hierarchical_zenodo_kaggle_6class_auto_v3\images\train\base_train_base_cx_021629.jpg,base_train_base_cx_021629.jpg,train,existing,dhash,6,exclude
C:\Pywork\dental\dental\data\raw\brar_bone_resorption\extracted\level_2\patient_image_000474_d4b38b87.jpg,level_2/patient_image_000474_d4b38b87.jpg,roboflow,C:\Pywork\dental\dental\data\detection_hierarchical_zenodo_kaggle_6class_auto_v3\images\test\base_train_base_cx_024303.jpg,base_train_base_cx_024303.jpg,test,existing,dhash,5,exclude
C:\Pywork\dental\dental\data\raw\brar_bone_resorption\extracted\level_2\patient_image_000478_59734b1a.jpg,level_2/patient_image_000478_59734b1a.jpg,roboflow,C:\Pywork\dental\dental\data\detection_hierarchical_zenodo_kaggle_6class_auto_v3\images\train\base_test_base_cx_002045.jpg,base_test_base_cx_002045.jpg,train,existing,dhash,6,exclude
C:\Pywork\dental\dental\data\raw\brar_bone_resorption\extracted\level_2\patient_image_000482_6f5e3a79.jpg,level_2/patient_image_000482_6f5e3a79.jpg,roboflow,C:\Pywork\dental\dental\data\detection_hierarchical_zenodo_kaggle_6class_auto_v3\images\train\base_train_base_test_167.png,base_train_base_test_167.png,train,existing,dhash,8,exclude
C:\Pywork\dental\dental\data\raw\brar_bone_resorption\extracted\level_2\patient_image_000483_36296dc7.jpg,level_2/patient_image_000483_36296dc7.jpg,roboflow,C:\Pywork\dental\dental\data\detection_hierarchical_zenodo_kaggle_6class_auto_v3\images\train\base_test_base_cx_021932.jpg,base_test_base_cx_021932.jpg,train,existing,dhash,7,exclude
C:\Pywork\dental\dental\data\raw\brar_bone_resorption\extracted\level_2\patient_image_000488_48c416a4.jpg,level_2/patient_image_000488_48c416a4.jpg,roboflow,C:\Pywork\dental\dental\data\detection_hierarchical_zenodo_kaggle_6class_auto_v3\images\train\base_train_base_umfih_1157.jpg,base_train_base_umfih_1157.jpg,train,existing,dhash,8,exclude
C:\Pywork\dental\dental\data\raw\brar_bone_resorption\extracted\level_2\patient_image_000490_e72e1fbc.jpg,level_2/patient_image_000490_e72e1fbc.jpg,roboflow,C:\Pywork\dental\dental\data\detection_hierarchical_zenodo_kaggle_6class_auto_v3\images\train\base_train_base_cx_020706.jpg,base_train_base_cx_020706.jpg,train,existing,dhash,7,exclude
C:\Pywork\dental\dental\data\raw\brar_bone_resorption\extracted\level_2\patient_image_000495_e3410abd.jpg,level_2/patient_image_000495_e3410abd.jpg,roboflow,C:\Pywork\dental\dental\data\detection_hierarchical_zenodo_kaggle_6class_auto_v3\images\train\base_train_base_cx_021155.jpg,base_train_base_cx_021155.jpg,train,existing,dhash,5,exclude
C:\Pywork\dental\dental\data\raw\brar_bone_resorption\extracted\level_2\patient_image_000498_e5c9b07d.jpg,level_2/patient_image_000498_e5c9b07d.jpg,roboflow,C:\Pywork\dental\dental\data\detection_hierarchical_zenodo_kaggle_6class_auto_v3\images\train\base_test_base_cx_024207.jpg,base_test_base_cx_024207.jpg,train,existing,dhash,6,exclude
C:\Pywork\dental\dental\data\raw\brar_bone_resorption\extracted\level_2\patient_image_000539_b6cf1f5b.jpg,level_2/patient_image_000539_b6cf1f5b.jpg,roboflow,C:\Pywork\dental\dental\data\detection_hierarchical_zenodo_kaggle_6class_auto_v3\images\train\base_train_base_test_10.png,base_train_base_test_10.png,train,existing,dhash,8,exclude
C:\Pywork\dental\dental\data\raw\brar_bone_resorption\extracted\level_2\patient_image_000552_c0574f20.jpg,level_2/patient_image_000552_c0574f20.jpg,roboflow,C:\Pywork\dental\dental\data\detection_hierarchical_zenodo_kaggle_6class_auto_v3\images\train\base_test_base_val_44.png,base_test_base_val_44.png,train,existing,dhash,7,exclude
C:\Pywork\dental\dental\data\raw\brar_bone_resorption\extracted\level_2\patient_image_000553_f8c87a59.jpg,level_2/patient_image_000553_f8c87a59.jpg,roboflow,C:\Pywork\dental\dental\data\detection_hierarchical_zenodo_kaggle_6class_auto_v3\images\train\base_test_base_cx_021767.jpg,base_test_base_cx_021767.jpg,train,existing,dhash,6,exclude
C:\Pywork\dental\dental\data\raw\brar_bone_resorption\extracted\level_2\patient_image_000556_92578943.jpg,level_2/patient_image_000556_92578943.jpg,roboflow,C:\Pywork\dental\dental\data\detection_hierarchical_zenodo_kaggle_6class_auto_v3\images\train\base_val_base_cx_017073.jpg,base_val_base_cx_017073.jpg,train,existing,dhash,7,exclude
C:\Pywork\dental\dental\data\raw\brar_bone_resorption\extracted\level_2\patient_image_000568_30da5428.jpg,level_2/patient_image_000568_30da5428.jpg,roboflow,C:\Pywork\dental\dental\data\detection_hierarchical_zenodo_kaggle_6class_auto_v3\images\test\base_train_base_umfih_1338.jpg,base_train_base_umfih_1338.jpg,test,existing,dhash,8,exclude
C:\Pywork\dental\dental\data\raw\brar_bone_resorption\extracted\level_2\patient_image_000586_3d2038f8.jpg,level_2/patient_image_000586_3d2038f8.jpg,roboflow,C:\Pywork\dental\dental\data\detection_hierarchical_zenodo_kaggle_6class_auto_v3\images\train\base_train_base_test_208.png,base_train_base_test_208.png,train,existing,dhash,6,exclude
C:\Pywork\dental\dental\data\raw\brar_bone_resorption\extracted\level_2\patient_image_000590_10f9bc33.jpg,level_2/patient_image_000590_10f9bc33.jpg,roboflow,C:\Pywork\dental\dental\data\detection_hierarchical_zenodo_kaggle_6class_auto_v3\images\train\base_train_base_umfih_141.jpg,base_train_base_umfih_141.jpg,train,existing,dhash,5,exclude
C:\Pywork\dental\dental\data\raw\brar_bone_resorption\extracted\level_2\patient_image_000597_f2544888.jpg,level_2/patient_image_000597_f2544888.jpg,roboflow,C:\Pywork\dental\dental\data\detection_hierarchical_zenodo_kaggle_6class_auto_v3\images\train\base_train_base_test_25.png,base_train_base_test_25.png,train,existing,dhash,7,exclude
C:\Pywork\dental\dental\data\raw\brar_bone_resorption\extracted\level_2\patient_image_000599_f9a4c92e.jpg,level_2/patient_image_000599_f9a4c92e.jpg,roboflow,C:\Pywork\dental\dental\data\detection_hierarchical_zenodo_kaggle_6class_auto_v3\images\train\base_train_base_test_20.png,base_train_base_test_20.png,train,existing,dhash,7,exclude
C:\Pywork\dental\dental\data\raw\brar_bone_resorption\extracted\level_2\patient_image_000601_cd1e4b37.jpg,level_2/patient_image_000601_cd1e4b37.jpg,roboflow,C:\Pywork\dental\dental\data\detection_hierarchical_zenodo_kaggle_6class_auto_v3\images\train\base_train_base_test_28.png,base_train_base_test_28.png,train,existing,dhash,7,exclude
C:\Pywork\dental\dental\data\raw\brar_bone_resorption\extracted\level_2\patient_image_000604_85a044c8.jpg,level_2/patient_image_000604_85a044c8.jpg,roboflow,C:\Pywork\dental\dental\data\detection_hierarchical_zenodo_kaggle_6class_auto_v3\images\train\base_train_base_test_46.png,base_train_base_test_46.png,train,existing,dhash,8,exclude
C:\Pywork\dental\dental\data\raw\brar_bone_resorption\extracted\level_2\patient_image_000611_cda27acf.jpg,level_2/patient_image_000611_cda27acf.jpg,roboflow,C:\Pywork\dental\dental\data\detection_hierarchical_zenodo_kaggle_6class_auto_v3\images\train\base_val_base_cx_027858.jpg,base_val_base_cx_027858.jpg,train,existing,dhash,8,exclude
C:\Pywork\dental\dental\data\raw\brar_bone_resorption\extracted\level_2\patient_image_000623_f3ab1371.jpg,level_2/patient_image_000623_f3ab1371.jpg,roboflow,C:\Pywork\dental\dental\data\detection_hierarchical_zenodo_kaggle_6class_auto_v3\images\test\base_train_base_test_45.png,base_train_base_test_45.png,test,existing,dhash,5,exclude
C:\Pywork\dental\dental\data\raw\brar_bone_resorption\extracted\level_2\patient_image_000624_fb2faa84.jpg,level_2/patient_image_000624_fb2faa84.jpg,roboflow,C:\Pywork\dental\dental\data\detection_hierarchical_zenodo_kaggle_6class_auto_v3\images\train\base_train_base_cx_011096.jpg,base_train_base_cx_011096.jpg,train,existing,dhash,7,exclude
C:\Pywork\dental\dental\data\raw\brar_bone_resorption\extracted\level_2\patient_image_000627_a087afec.jpg,level_2/patient_image_000627_a087afec.jpg,roboflow,C:\Pywork\dental\dental\data\detection_hierarchical_zenodo_kaggle_6class_auto_v3\images\train\base_test_base_cx_027311.jpg,base_test_base_cx_027311.jpg,train,existing,dhash,7,exclude
C:\Pywork\dental\dental\data\raw\brar_bone_resorption\extracted\level_2\patient_image_000631_9ca7c541.jpg,level_2/patient_image_000631_9ca7c541.jpg,roboflow,C:\Pywork\dental\dental\data\detection_hierarchical_zenodo_kaggle_6class_auto_v3\images\train\base_train_base_cx_025127.jpg,base_train_base_cx_025127.jpg,train,existing,dhash,7,exclude
C:\Pywork\dental\dental\data\raw\brar_bone_resorption\extracted\level_2\patient_image_000634_6aa38a90.jpg,level_2/patient_image_000634_6aa38a90.jpg,roboflow,C:\Pywork\dental\dental\data\detection_hierarchical_zenodo_kaggle_6class_auto_v3\images\train\base_train_base_test_20.png,base_train_base_test_20.png,train,existing,dhash,8,exclude
C:\Pywork\dental\dental\data\raw\brar_bone_resorption\extracted\level_2\patient_image_000635_d24404f4.jpg,level_2/patient_image_000635_d24404f4.jpg,roboflow,C:\Pywork\dental\dental\data\detection_hierarchical_zenodo_kaggle_6class_auto_v3\images\train\base_test_base_test_108.png,base_test_base_test_108.png,train,existing,dhash,8,exclude
C:\Pywork\dental\dental\data\raw\brar_bone_resorption\extracted\level_2\patient_image_000636_8d28a642.jpg,level_2/patient_image_000636_8d28a642.jpg,roboflow,C:\Pywork\dental\dental\data\detection_hierarchical_zenodo_kaggle_6class_auto_v3\images\train\base_test_base_test_12.png,base_test_base_test_12.png,train,existing,dhash,8,exclude
C:\Pywork\dental\dental\data\raw\brar_bone_resorption\extracted\level_2\patient_image_000641_a2ba316a.jpg,level_2/patient_image_000641_a2ba316a.jpg,roboflow,C:\Pywork\dental\dental\data\detection_hierarchical_zenodo_kaggle_6class_auto_v3\images\test\base_train_base_test_45.png,base_train_base_test_45.png,test,existing,dhash,5,exclude
C:\Pywork\dental\dental\data\raw\brar_bone_resorption\extracted\level_2\patient_image_000643_5abd7d83.jpg,level_2/patient_image_000643_5abd7d83.jpg,roboflow,C:\Pywork\dental\dental\data\detection_hierarchical_zenodo_kaggle_6class_auto_v3\images\train\base_train_base_umfih_1356.jpg,base_train_base_umfih_1356.jpg,train,existing,dhash,7,exclude
C:\Pywork\dental\dental\data\raw\brar_bone_resorption\extracted\level_2\patient_image_000644_676cdf6d.jpg,level_2/patient_image_000644_676cdf6d.jpg,roboflow,C:\Pywork\dental\dental\data\detection_hierarchical_zenodo_kaggle_6class_auto_v3\images\train\base_train_base_test_20.png,base_train_base_test_20.png,train,existing,dhash,5,exclude
C:\Pywork\dental\dental\data\raw\brar_bone_resorption\extracted\level_2\patient_image_000648_fc0e7a10.jpg,level_2/patient_image_000648_fc0e7a10.jpg,roboflow,C:\Pywork\dental\dental\data\detection_hierarchical_zenodo_kaggle_6class_auto_v3\images\train\base_train_base_test_22.png,base_train_base_test_22.png,train,existing,dhash,6,exclude
C:\Pywork\dental\dental\data\raw\brar_bone_resorption\extracted\level_2\patient_image_000659_01848364.jpg,level_2/patient_image_000659_01848364.jpg,roboflow,C:\Pywork\dental\dental\data\detection_hierarchical_zenodo_kaggle_6class_auto_v3\images\train\base_train_base_umfih_1356.jpg,base_train_base_umfih_1356.jpg,train,existing,dhash,6,exclude
C:\Pywork\dental\dental\data\raw\brar_bone_resorption\extracted\level_2\patient_image_000665_9d6ed479.jpg,level_2/patient_image_000665_9d6ed479.jpg,roboflow,C:\Pywork\dental\dental\data\detection_hierarchical_zenodo_kaggle_6class_auto_v3\images\train\base_train_base_test_210.png,base_train_base_test_210.png,train,existing,dhash,7,exclude
C:\Pywork\dental\dental\data\raw\brar_bone_resorption\extracted\level_2\patient_image_000670_22bd318a.jpg,level_2/patient_image_000670_22bd318a.jpg,roboflow,C:\Pywork\dental\dental\data\detection_hierarchical_zenodo_kaggle_6class_auto_v3\images\train\kaggle_train_kg_train_5c51defc-Ketabi_Masih_2022-06-12142453_jpg.rf.91e237217df9df17c8be4f70fa7add02.jpg,kaggle_train_kg_train_5c51defc-Ketabi_Masih_2022-06-12142453_jpg.rf.91e237217df9df17c8be4f70fa7add02.jpg,train,existing,dhash,7,exclude
C:\Pywork\dental\dental\data\raw\brar_bone_resorption\extracted\level_2\patient_image_000671_a66b5d48.jpg,level_2/patient_image_000671_a66b5d48.jpg,roboflow,C:\Pywork\dental\dental\data\detection_hierarchical_zenodo_kaggle_6class_auto_v3\images\train\base_train_base_test_20.png,base_train_base_test_20.png,train,existing,dhash,7,exclude
C:\Pywork\dental\dental\data\raw\brar_bone_resorption\extracted\level_2\patient_image_000675_d0dba229.jpg,level_2/patient_image_000675_d0dba229.jpg,roboflow,C:\Pywork\dental\dental\data\detection_hierarchical_zenodo_kaggle_6class_auto_v3\images\train\base_train_base_cx_029175.jpg,base_train_base_cx_029175.jpg,train,existing,dhash,7,exclude
C:\Pywork\dental\dental\data\raw\brar_bone_resorption\extracted\level_2\patient_image_000677_e5bbd8df.jpg,level_2/patient_image_000677_e5bbd8df.jpg,roboflow,C:\Pywork\dental\dental\data\detection_hierarchical_zenodo_kaggle_6class_auto_v3\images\train\base_train_base_umfih_186.jpg,base_train_base_umfih_186.jpg,train,existing,dhash,5,exclude
C:\Pywork\dental\dental\data\raw\brar_bone_resorption\extracted\level_2\patient_image_000680_d1fc230b.jpg,level_2/patient_image_000680_d1fc230b.jpg,roboflow,C:\Pywork\dental\dental\data\detection_hierarchical_zenodo_kaggle_6class_auto_v3\images\train\base_train_base_test_155.png,base_train_base_test_155.png,train,existing,dhash,7,exclude
C:\Pywork\dental\dental\data\raw\brar_bone_resorption\extracted\level_2\patient_image_000681_92937f51.jpg,level_2/patient_image_000681_92937f51.jpg,roboflow,C:\Pywork\dental\dental\data\detection_hierarchical_zenodo_kaggle_6class_auto_v3\images\train\base_train_base_cx_006463.jpg,base_train_base_cx_006463.jpg,train,existing,dhash,8,exclude
C:\Pywork\dental\dental\data\raw\brar_bone_resorption\extracted\level_2\patient_image_000683_ab596b35.jpg,level_2/patient_image_000683_ab596b35.jpg,roboflow,C:\Pywork\dental\dental\data\detection_hierarchical_zenodo_kaggle_6class_auto_v3\images\train\base_test_base_val_44.png,base_test_base_val_44.png,train,existing,dhash,7,exclude
C:\Pywork\dental\dental\data\raw\brar_bone_resorption\extracted\level_2\patient_image_000685_3ea9fe53.jpg,level_2/patient_image_000685_3ea9fe53.jpg,roboflow,C:\Pywork\dental\dental\data\detection_hierarchical_zenodo_kaggle_6class_auto_v3\images\train\base_train_base_umfih_141.jpg,base_train_base_umfih_141.jpg,train,existing,dhash,7,exclude
C:\Pywork\dental\dental\data\raw\brar_bone_resorption\extracted\level_2\patient_image_000690_a5efc744.jpg,level_2/patient_image_000690_a5efc744.jpg,roboflow,C:\Pywork\dental\dental\data\detection_hierarchical_zenodo_kaggle_6class_auto_v3\images\train\base_train_base_cx_028147.jpg,base_train_base_cx_028147.jpg,train,existing,dhash,5,exclude
C:\Pywork\dental\dental\data\raw\brar_bone_resorption\extracted\level_2\patient_image_000692_7b9f3fd0.jpg,level_2/patient_image_000692_7b9f3fd0.jpg,roboflow,C:\Pywork\dental\dental\data\detection_hierarchical_zenodo_kaggle_6class_auto_v3\images\train\base_test_base_cx_000732.jpg,base_test_base_cx_000732.jpg,train,existing,dhash,8,exclude
C:\Pywork\dental\dental\data\raw\brar_bone_resorption\extracted\level_2\patient_image_000693_c97d9581.jpg,level_2/patient_image_000693_c97d9581.jpg,roboflow,C:\Pywork\dental\dental\data\detection_hierarchical_zenodo_kaggle_6class_auto_v3\images\train\base_train_base_cx_025530.jpg,base_train_base_cx_025530.jpg,train,existing,dhash,6,exclude
C:\Pywork\dental\dental\data\raw\brar_bone_resorption\extracted\level_2\patient_image_000695_36a72067.jpg,level_2/patient_image_000695_36a72067.jpg,roboflow,C:\Pywork\dental\dental\data\detection_hierarchical_zenodo_kaggle_6class_auto_v3\images\train\base_train_base_test_210.png,base_train_base_test_210.png,train,existing,dhash,8,exclude
C:\Pywork\dental\dental\data\raw\brar_bone_resorption\extracted\level_2\patient_image_000702_93e8265e.jpg,level_2/patient_image_000702_93e8265e.jpg,roboflow,C:\Pywork\dental\dental\data\detection_hierarchical_zenodo_kaggle_6class_auto_v3\images\val\base_test_base_test_189.png,base_test_base_test_189.png,val,existing,dhash,8,exclude
C:\Pywork\dental\dental\data\raw\brar_bone_resorption\extracted\level_2\patient_image_000704_8811aa89.jpg,level_2/patient_image_000704_8811aa89.jpg,roboflow,C:\Pywork\dental\dental\data\detection_hierarchical_zenodo_kaggle_6class_auto_v3\images\train\base_train_base_umfih_141.jpg,base_train_base_umfih_141.jpg,train,existing,dhash,7,exclude
C:\Pywork\dental\dental\data\raw\brar_bone_resorption\extracted\level_2\patient_image_000705_2420ddd4.jpg,level_2/patient_image_000705_2420ddd4.jpg,roboflow,C:\Pywork\dental\dental\data\detection_hierarchical_zenodo_kaggle_6class_auto_v3\images\train\base_train_base_test_113.png,base_train_base_test_113.png,train,existing,dhash,7,exclude
C:\Pywork\dental\dental\data\raw\brar_bone_resorption\extracted\level_2\patient_image_000708_6eab34a4.jpg,level_2/patient_image_000708_6eab34a4.jpg,roboflow,C:\Pywork\dental\dental\data\detection_hierarchical_zenodo_kaggle_6class_auto_v3\images\train\base_train_base_umfih_141.jpg,base_train_base_umfih_141.jpg,train,existing,dhash,6,exclude
C:\Pywork\dental\dental\data\raw\brar_bone_resorption\extracted\level_2\patient_image_000710_487579a1.jpg,level_2/patient_image_000710_487579a1.jpg,roboflow,C:\Pywork\dental\dental\data\detection_hierarchical_zenodo_kaggle_6class_auto_v3\images\train\base_val_base_val_37.png,base_val_base_val_37.png,train,existing,dhash,8,exclude
C:\Pywork\dental\dental\data\raw\brar_bone_resorption\extracted\level_2\patient_image_000711_09ede04a.jpg,level_2/patient_image_000711_09ede04a.jpg,roboflow,C:\Pywork\dental\dental\data\detection_hierarchical_zenodo_kaggle_6class_auto_v3\images\train\base_train_base_test_25.png,base_train_base_test_25.png,train,existing,dhash,8,exclude
C:\Pywork\dental\dental\data\raw\brar_bone_resorption\extracted\level_2\patient_image_000712_f74901b1.jpg,level_2/patient_image_000712_f74901b1.jpg,roboflow,C:\Pywork\dental\dental\data\detection_hierarchical_zenodo_kaggle_6class_auto_v3\images\train\base_test_base_test_34.png,base_test_base_test_34.png,train,existing,dhash,7,exclude
C:\Pywork\dental\dental\data\raw\brar_bone_resorption\extracted\level_2\patient_image_000717_d2755dfc.jpg,level_2/patient_image_000717_d2755dfc.jpg,roboflow,C:\Pywork\dental\dental\data\detection_hierarchical_zenodo_kaggle_6class_auto_v3\images\test\base_train_base_umfih_1338.jpg,base_train_base_umfih_1338.jpg,test,existing,dhash,6,exclude
C:\Pywork\dental\dental\data\raw\brar_bone_resorption\extracted\level_2\patient_image_000720_50c76c73.jpg,level_2/patient_image_000720_50c76c73.jpg,roboflow,C:\Pywork\dental\dental\data\detection_hierarchical_zenodo_kaggle_6class_auto_v3\images\train\kaggle_train_kg_train_3684390000-jpg_png_jpg.rf.5d388f6ca3a5aa70138d254c0426cffd.jpg,kaggle_train_kg_train_3684390000-jpg_png_jpg.rf.5d388f6ca3a5aa70138d254c0426cffd.jpg,train,existing,dhash,8,exclude
C:\Pywork\dental\dental\data\raw\brar_bone_resorption\extracted\level_2\patient_image_000724_7100cffe.jpg,level_2/patient_image_000724_7100cffe.jpg,roboflow,C:\Pywork\dental\dental\data\detection_hierarchical_zenodo_kaggle_6class_auto_v3\images\val\base_test_base_test_2.png,base_test_base_test_2.png,val,existing,dhash,5,exclude
C:\Pywork\dental\dental\data\raw\brar_bone_resorption\extracted\level_2\patient_image_000726_2f3a2acb.jpg,level_2/patient_image_000726_2f3a2acb.jpg,roboflow,C:\Pywork\dental\dental\data\detection_hierarchical_zenodo_kaggle_6class_auto_v3\images\train\base_val_base_cx_007409.jpg,base_val_base_cx_007409.jpg,train,existing,dhash,7,exclude
C:\Pywork\dental\dental\data\raw\brar_bone_resorption\extracted\level_2\patient_image_000734_49373ac3.jpg,level_2/patient_image_000734_49373ac3.jpg,roboflow,C:\Pywork\dental\dental\data\detection_hierarchical_zenodo_kaggle_6class_auto_v3\images\train\base_train_base_umfih_1356.jpg,base_train_base_umfih_1356.jpg,train,existing,dhash,7,exclude
C:\Pywork\dental\dental\data\raw\brar_bone_resorption\extracted\level_2\patient_image_000735_4c06fd9d.jpg,level_2/patient_image_000735_4c06fd9d.jpg,roboflow,C:\Pywork\dental\dental\data\detection_hierarchical_zenodo_kaggle_6class_auto_v3\images\train\base_train_base_test_237.png,base_train_base_test_237.png,train,existing,dhash,5,exclude
C:\Pywork\dental\dental\data\raw\brar_bone_resorption\extracted\level_2\patient_image_000741_c2d8c781.jpg,level_2/patient_image_000741_c2d8c781.jpg,roboflow,C:\Pywork\dental\dental\data\detection_hierarchical_zenodo_kaggle_6class_auto_v3\images\val\base_test_base_test_2.png,base_test_base_test_2.png,val,existing,dhash,7,exclude
C:\Pywork\dental\dental\data\raw\brar_bone_resorption\extracted\level_2\patient_image_000748_ba114015.jpg,level_2/patient_image_000748_ba114015.jpg,roboflow,C:\Pywork\dental\dental\data\detection_hierarchical_zenodo_kaggle_6class_auto_v3\images\train\base_train_base_test_155.png,base_train_base_test_155.png,train,existing,dhash,7,exclude
C:\Pywork\dental\dental\data\raw\brar_bone_resorption\extracted\level_2\patient_image_000749_10f541bd.jpg,level_2/patient_image_000749_10f541bd.jpg,roboflow,C:\Pywork\dental\dental\data\detection_hierarchical_zenodo_kaggle_6class_auto_v3\images\train\base_test_base_umfih_v29.jpg,base_test_base_umfih_v29.jpg,train,existing,dhash,7,exclude
C:\Pywork\dental\dental\data\raw\brar_bone_resorption\extracted\level_2\patient_image_000752_c1b45b8a.jpg,level_2/patient_image_000752_c1b45b8a.jpg,roboflow,C:\Pywork\dental\dental\data\detection_hierarchical_zenodo_kaggle_6class_auto_v3\images\test\kaggle_train_kg_train_3791920000-jpg_png_jpg.rf.c2b1a9ea4b4c5df878d9853fff2dc3a4.jpg,kaggle_train_kg_train_3791920000-jpg_png_jpg.rf.c2b1a9ea4b4c5df878d9853fff2dc3a4.jpg,test,existing,dhash,7,exclude
C:\Pywork\dental\dental\data\raw\brar_bone_resorption\extracted\level_2\patient_image_000755_52d07050.jpg,level_2/patient_image_000755_52d07050.jpg,roboflow,C:\Pywork\dental\dental\data\detection_hierarchical_zenodo_kaggle_6class_auto_v3\images\train\base_train_base_umfih_107.jpg,base_train_base_umfih_107.jpg,train,existing,dhash,6,exclude
C:\Pywork\dental\dental\data\raw\brar_bone_resorption\extracted\level_2\patient_image_000761_de5dc0c0.jpg,level_2/patient_image_000761_de5dc0c0.jpg,roboflow,C:\Pywork\dental\dental\data\detection_hierarchical_zenodo_kaggle_6class_auto_v3\images\train\base_train_base_test_50.png,base_train_base_test_50.png,train,existing,dhash,6,exclude
C:\Pywork\dental\dental\data\raw\brar_bone_resorption\extracted\level_2\patient_image_000762_98c37c92.jpg,level_2/patient_image_000762_98c37c92.jpg,roboflow,C:\Pywork\dental\dental\data\detection_hierarchical_zenodo_kaggle_6class_auto_v3\images\train\base_train_base_test_166.png,base_train_base_test_166.png,train,existing,dhash,8,exclude
C:\Pywork\dental\dental\data\raw\brar_bone_resorption\extracted\level_2\patient_image_000765_7af1e16c.jpg,level_2/patient_image_000765_7af1e16c.jpg,roboflow,C:\Pywork\dental\dental\data\detection_hierarchical_zenodo_kaggle_6class_auto_v3\images\train\base_test_base_val_44.png,base_test_base_val_44.png,train,existing,dhash,5,exclude
C:\Pywork\dental\dental\data\raw\brar_bone_resorption\extracted\level_2\patient_image_000766_4738d8ec.jpg,level_2/patient_image_000766_4738d8ec.jpg,roboflow,C:\Pywork\dental\dental\data\detection_hierarchical_zenodo_kaggle_6class_auto_v3\images\train\base_test_base_cx_027311.jpg,base_test_base_cx_027311.jpg,train,existing,dhash,7,exclude
C:\Pywork\dental\dental\data\raw\brar_bone_resorption\extracted\level_2\patient_image_000768_94ae0e55.jpg,level_2/patient_image_000768_94ae0e55.jpg,roboflow,C:\Pywork\dental\dental\data\detection_hierarchical_zenodo_kaggle_6class_auto_v3\images\train\kaggle_train_kg_train_3871630000-jpg_png_jpg.rf.f2feb064fb5b4b681b2515449da9c42e.jpg,kaggle_train_kg_train_3871630000-jpg_png_jpg.rf.f2feb064fb5b4b681b2515449da9c42e.jpg,train,existing,dhash,8,exclude
C:\Pywork\dental\dental\data\raw\brar_bone_resorption\extracted\level_2\patient_image_000769_a862a9c7.jpg,level_2/patient_image_000769_a862a9c7.jpg,roboflow,C:\Pywork\dental\dental\data\detection_hierarchical_zenodo_kaggle_6class_auto_v3\images\train\base_train_base_cx_011597.jpg,base_train_base_cx_011597.jpg,train,existing,dhash,8,exclude
C:\Pywork\dental\dental\data\raw\brar_bone_resorption\extracted\level_2\patient_image_000771_f666f8d9.jpg,level_2/patient_image_000771_f666f8d9.jpg,roboflow,C:\Pywork\dental\dental\data\detection_hierarchical_zenodo_kaggle_6class_auto_v3\images\train\base_train_base_test_237.png,base_train_base_test_237.png,train,existing,dhash,6,exclude
C:\Pywork\dental\dental\data\raw\brar_bone_resorption\extracted\level_2\patient_image_000774_e26d228d.jpg,level_2/patient_image_000774_e26d228d.jpg,roboflow,C:\Pywork\dental\dental\data\detection_hierarchical_zenodo_kaggle_6class_auto_v3\images\train\base_test_base_cx_027311.jpg,base_test_base_cx_027311.jpg,train,existing,dhash,7,exclude
C:\Pywork\dental\dental\data\raw\brar_bone_resorption\extracted\level_2\patient_image_000776_bb326787.jpg,level_2/patient_image_000776_bb326787.jpg,roboflow,C:\Pywork\dental\dental\data\detection_hierarchical_zenodo_kaggle_6class_auto_v3\images\train\base_test_base_val_44.png,base_test_base_val_44.png,train,existing,dhash,7,exclude
C:\Pywork\dental\dental\data\raw\brar_bone_resorption\extracted\level_2\patient_image_000777_9462e536.jpg,level_2/patient_image_000777_9462e536.jpg,roboflow,C:\Pywork\dental\dental\data\detection_hierarchical_zenodo_kaggle_6class_auto_v3\images\val\base_test_base_cx_010105.jpg,base_test_base_cx_010105.jpg,val,existing,dhash,6,exclude
C:\Pywork\dental\dental\data\raw\brar_bone_resorption\extracted\level_2\patient_image_000781_4658f1b9.jpg,level_2/patient_image_000781_4658f1b9.jpg,roboflow,C:\Pywork\dental\dental\data\detection_hierarchical_zenodo_kaggle_6class_auto_v3\images\test\base_test_base_val_32.png,base_test_base_val_32.png,test,existing,dhash,8,exclude
C:\Pywork\dental\dental\data\raw\brar_bone_resorption\extracted\level_2\patient_image_000784_b669de59.jpg,level_2/patient_image_000784_b669de59.jpg,roboflow,C:\Pywork\dental\dental\data\detection_hierarchical_zenodo_kaggle_6class_auto_v3\images\train\base_val_base_test_19.png,base_val_base_test_19.png,train,existing,dhash,8,exclude
C:\Pywork\dental\dental\data\raw\brar_bone_resorption\extracted\level_2\patient_image_000788_ec38f839.jpg,level_2/patient_image_000788_ec38f839.jpg,roboflow,C:\Pywork\dental\dental\data\detection_hierarchical_zenodo_kaggle_6class_auto_v3\images\train\base_train_base_test_144.png,base_train_base_test_144.png,train,existing,dhash,8,exclude
C:\Pywork\dental\dental\data\raw\brar_bone_resorption\extracted\level_2\patient_image_000795_b452d6f6.jpg,level_2/patient_image_000795_b452d6f6.jpg,roboflow,C:\Pywork\dental\dental\data\detection_hierarchical_zenodo_kaggle_6class_auto_v3\images\train\base_train_base_umfih_1356.jpg,base_train_base_umfih_1356.jpg,train,existing,dhash,6,exclude
C:\Pywork\dental\dental\data\raw\brar_bone_resorption\extracted\level_2\patient_image_000798_1636fbe6.jpg,level_2/patient_image_000798_1636fbe6.jpg,roboflow,C:\Pywork\dental\dental\data\detection_hierarchical_zenodo_kaggle_6class_auto_v3\images\train\base_train_base_cx_000834.jpg,base_train_base_cx_000834.jpg,train,existing,dhash,8,exclude
C:\Pywork\dental\dental\data\raw\brar_bone_resorption\extracted\level_2\patient_image_000799_806467b4.jpg,level_2/patient_image_000799_806467b4.jpg,roboflow,C:\Pywork\dental\dental\data\detection_hierarchical_zenodo_kaggle_6class_auto_v3\images\train\base_train_base_test_234.png,base_train_base_test_234.png,train,existing,dhash,8,exclude
C:\Pywork\dental\dental\data\raw\brar_bone_resorption\extracted\level_2\patient_image_000805_a6285cd0.jpg,level_2/patient_image_000805_a6285cd0.jpg,roboflow,C:\Pywork\dental\dental\data\detection_hierarchical_zenodo_kaggle_6class_auto_v3\images\test\base_train_base_umfih_1338.jpg,base_train_base_umfih_1338.jpg,test,existing,dhash,7,exclude
C:\Pywork\dental\dental\data\raw\brar_bone_resorption\extracted\level_2\patient_image_000807_f91c023c.jpg,level_2/patient_image_000807_f91c023c.jpg,roboflow,C:\Pywork\dental\dental\data\detection_hierarchical_zenodo_kaggle_6class_auto_v3\images\train\base_train_base_umfih_1356.jpg,base_train_base_umfih_1356.jpg,train,existing,dhash,7,exclude
C:\Pywork\dental\dental\data\raw\brar_bone_resorption\extracted\level_2\patient_image_000808_fe172a13.jpg,level_2/patient_image_000808_fe172a13.jpg,roboflow,C:\Pywork\dental\dental\data\detection_hierarchical_zenodo_kaggle_6class_auto_v3\images\train\base_test_base_cx_027311.jpg,base_test_base_cx_027311.jpg,train,existing,dhash,8,exclude
C:\Pywork\dental\dental\data\raw\brar_bone_resorption\extracted\level_2\patient_image_000814_6a9c112c.jpg,level_2/patient_image_000814_6a9c112c.jpg,roboflow,C:\Pywork\dental\dental\data\detection_hierarchical_zenodo_kaggle_6class_auto_v3\images\train\base_test_base_umfih_v29.jpg,base_test_base_umfih_v29.jpg,train,existing,dhash,6,exclude
C:\Pywork\dental\dental\data\raw\brar_bone_resorption\extracted\level_2\patient_image_000815_f279cd7d.jpg,level_2/patient_image_000815_f279cd7d.jpg,roboflow,C:\Pywork\dental\dental\data\detection_hierarchical_zenodo_kaggle_6class_auto_v3\images\train\base_test_base_test_108.png,base_test_base_test_108.png,train,existing,dhash,7,exclude
C:\Pywork\dental\dental\data\raw\brar_bone_resorption\extracted\level_2\patient_image_000817_09e72457.jpg,level_2/patient_image_000817_09e72457.jpg,roboflow,C:\Pywork\dental\dental\data\detection_hierarchical_zenodo_kaggle_6class_auto_v3\images\test\base_train_base_cx_028614.jpg,base_train_base_cx_028614.jpg,test,existing,dhash,7,exclude
C:\Pywork\dental\dental\data\raw\brar_bone_resorption\extracted\level_2\patient_image_000818_165888a3.jpg,level_2/patient_image_000818_165888a3.jpg,roboflow,C:\Pywork\dental\dental\data\detection_hierarchical_zenodo_kaggle_6class_auto_v3\images\train\base_train_base_umfih_1157.jpg,base_train_base_umfih_1157.jpg,train,existing,dhash,7,exclude
C:\Pywork\dental\dental\data\raw\brar_bone_resorption\extracted\level_2\patient_image_000820_982b50b1.jpg,level_2/patient_image_000820_982b50b1.jpg,roboflow,C:\Pywork\dental\dental\data\detection_hierarchical_zenodo_kaggle_6class_auto_v3\images\train\base_test_base_test_13.png,base_test_base_test_13.png,train,existing,dhash,8,exclude
C:\Pywork\dental\dental\data\raw\brar_bone_resorption\extracted\level_2\patient_image_000822_a875a6d8.jpg,level_2/patient_image_000822_a875a6d8.jpg,roboflow,C:\Pywork\dental\dental\data\detection_hierarchical_zenodo_kaggle_6class_auto_v3\images\train\base_test_base_umfih_v25.jpg,base_test_base_umfih_v25.jpg,train,existing,dhash,7,exclude
C:\Pywork\dental\dental\data\raw\brar_bone_resorption\extracted\level_2\patient_image_000823_2a992066.jpg,level_2/patient_image_000823_2a992066.jpg,roboflow,C:\Pywork\dental\dental\data\detection_hierarchical_zenodo_kaggle_6class_auto_v3\images\train\base_test_base_umfih_v59.jpg,base_test_base_umfih_v59.jpg,train,existing,dhash,6,exclude
C:\Pywork\dental\dental\data\raw\brar_bone_resorption\extracted\level_2\patient_image_000829_8ad07052.jpg,level_2/patient_image_000829_8ad07052.jpg,roboflow,C:\Pywork\dental\dental\data\detection_hierarchical_zenodo_kaggle_6class_auto_v3\images\train\base_train_base_cx_028282.jpg,base_train_base_cx_028282.jpg,train,existing,dhash,5,exclude
C:\Pywork\dental\dental\data\raw\brar_bone_resorption\extracted\level_2\patient_image_000831_da537e9a.jpg,level_2/patient_image_000831_da537e9a.jpg,roboflow,C:\Pywork\dental\dental\data\detection_hierarchical_zenodo_kaggle_6class_auto_v3\images\train\base_test_base_umfih_v46.jpg,base_test_base_umfih_v46.jpg,train,existing,dhash,8,exclude
C:\Pywork\dental\dental\data\raw\brar_bone_resorption\extracted\level_2\patient_image_000832_ba3025d2.jpg,level_2/patient_image_000832_ba3025d2.jpg,roboflow,C:\Pywork\dental\dental\data\detection_hierarchical_zenodo_kaggle_6class_auto_v3\images\train\base_test_base_test_71.png,base_test_base_test_71.png,train,existing,dhash,6,exclude
C:\Pywork\dental\dental\data\raw\brar_bone_resorption\extracted\level_2\patient_image_000834_a35b19b1.jpg,level_2/patient_image_000834_a35b19b1.jpg,roboflow,C:\Pywork\dental\dental\data\detection_hierarchical_zenodo_kaggle_6class_auto_v3\images\train\base_train_base_test_20.png,base_train_base_test_20.png,train,existing,dhash,8,exclude
C:\Pywork\dental\dental\data\raw\brar_bone_resorption\extracted\level_2\patient_image_000839_90e477c1.jpg,level_2/patient_image_000839_90e477c1.jpg,roboflow,C:\Pywork\dental\dental\data\detection_hierarchical_zenodo_kaggle_6class_auto_v3\images\train\base_train_base_umfih_1117.jpg,base_train_base_umfih_1117.jpg,train,existing,dhash,7,exclude
C:\Pywork\dental\dental\data\raw\brar_bone_resorption\extracted\level_2\patient_image_000843_db317bc4.jpg,level_2/patient_image_000843_db317bc4.jpg,roboflow,C:\Pywork\dental\dental\data\detection_hierarchical_zenodo_kaggle_6class_auto_v3\images\train\base_train_base_cx_026534.jpg,base_train_base_cx_026534.jpg,train,existing,dhash,5,exclude
C:\Pywork\dental\dental\data\raw\brar_bone_resorption\extracted\level_2\patient_image_000846_77f2956f.jpg,level_2/patient_image_000846_77f2956f.jpg,roboflow,C:\Pywork\dental\dental\data\detection_hierarchical_zenodo_kaggle_6class_auto_v3\images\val\base_train_base_test_229.png,base_train_base_test_229.png,val,existing,dhash,8,exclude
C:\Pywork\dental\dental\data\raw\brar_bone_resorption\extracted\level_2\patient_image_000851_0979f2bc.jpg,level_2/patient_image_000851_0979f2bc.jpg,roboflow,C:\Pywork\dental\dental\data\detection_hierarchical_zenodo_kaggle_6class_auto_v3\images\train\base_train_base_test_237.png,base_train_base_test_237.png,train,existing,dhash,7,exclude
C:\Pywork\dental\dental\data\raw\brar_bone_resorption\extracted\level_2\patient_image_000856_d5957e5e.jpg,level_2/patient_image_000856_d5957e5e.jpg,roboflow,C:\Pywork\dental\dental\data\detection_hierarchical_zenodo_kaggle_6class_auto_v3\images\train\base_test_base_umfih_v38.jpg,base_test_base_umfih_v38.jpg,train,existing,dhash,7,exclude
C:\Pywork\dental\dental\data\raw\brar_bone_resorption\extracted\level_2\patient_image_000863_5ae729c9.jpg,level_2/patient_image_000863_5ae729c9.jpg,roboflow,C:\Pywork\dental\dental\data\detection_hierarchical_zenodo_kaggle_6class_auto_v3\images\train\base_test_base_test_183.png,base_test_base_test_183.png,train,existing,dhash,8,exclude
C:\Pywork\dental\dental\data\raw\brar_bone_resorption\extracted\level_2\patient_image_000867_8b9e11bb.jpg,level_2/patient_image_000867_8b9e11bb.jpg,roboflow,C:\Pywork\dental\dental\data\detection_hierarchical_zenodo_kaggle_6class_auto_v3\images\train\base_train_base_umfih_1134.jpg,base_train_base_umfih_1134.jpg,train,existing,dhash,8,exclude
C:\Pywork\dental\dental\data\raw\brar_bone_resorption\extracted\level_2\patient_image_000870_642f835a.jpg,level_2/patient_image_000870_642f835a.jpg,roboflow,C:\Pywork\dental\dental\data\detection_hierarchical_zenodo_kaggle_6class_auto_v3\images\train\base_train_base_test_155.png,base_train_base_test_155.png,train,existing,dhash,6,exclude
C:\Pywork\dental\dental\data\raw\brar_bone_resorption\extracted\level_2\patient_image_000871_f381b0ff.jpg,level_2/patient_image_000871_f381b0ff.jpg,roboflow,C:\Pywork\dental\dental\data\detection_hierarchical_zenodo_kaggle_6class_auto_v3\images\train\base_train_base_cx_021151.jpg,base_train_base_cx_021151.jpg,train,existing,dhash,5,exclude
C:\Pywork\dental\dental\data\raw\brar_bone_resorption\extracted\level_2\patient_image_000881_146cdfad.jpg,level_2/patient_image_000881_146cdfad.jpg,roboflow,C:\Pywork\dental\dental\data\detection_hierarchical_zenodo_kaggle_6class_auto_v3\images\train\base_train_base_test_237.png,base_train_base_test_237.png,train,existing,dhash,7,exclude
C:\Pywork\dental\dental\data\raw\brar_bone_resorption\extracted\level_2\patient_image_000884_7c004ba1.jpg,level_2/patient_image_000884_7c004ba1.jpg,roboflow,C:\Pywork\dental\dental\data\detection_hierarchical_zenodo_kaggle_6class_auto_v3\images\train\base_test_base_val_44.png,base_test_base_val_44.png,train,existing,dhash,5,exclude
C:\Pywork\dental\dental\data\raw\brar_bone_resorption\extracted\level_2\patient_image_000888_b8bb68c6.jpg,level_2/patient_image_000888_b8bb68c6.jpg,roboflow,C:\Pywork\dental\dental\data\detection_hierarchical_zenodo_kaggle_6class_auto_v3\images\train\base_train_base_cx_020063.jpg,base_train_base_cx_020063.jpg,train,existing,dhash,8,exclude
C:\Pywork\dental\dental\data\raw\brar_bone_resorption\extracted\level_2\patient_image_000889_874fa821.jpg,level_2/patient_image_000889_874fa821.jpg,roboflow,C:\Pywork\dental\dental\data\detection_hierarchical_zenodo_kaggle_6class_auto_v3\images\train\base_test_base_test_34.png,base_test_base_test_34.png,train,existing,dhash,6,exclude
C:\Pywork\dental\dental\data\raw\brar_bone_resorption\extracted\level_2\patient_image_000894_c6d2f032.jpg,level_2/patient_image_000894_c6d2f032.jpg,roboflow,C:\Pywork\dental\dental\data\detection_hierarchical_zenodo_kaggle_6class_auto_v3\images\train\base_test_base_test_27.png,base_test_base_test_27.png,train,existing,dhash,8,exclude
C:\Pywork\dental\dental\data\raw\brar_bone_resorption\extracted\level_2\patient_image_000896_324b8843.jpg,level_2/patient_image_000896_324b8843.jpg,roboflow,C:\Pywork\dental\dental\data\detection_hierarchical_zenodo_kaggle_6class_auto_v3\images\train\base_test_base_cx_013050.jpg,base_test_base_cx_013050.jpg,train,existing,dhash,8,exclude
C:\Pywork\dental\dental\data\raw\brar_bone_resorption\extracted\level_2\patient_image_000909_a765f5e9.jpg,level_2/patient_image_000909_a765f5e9.jpg,roboflow,C:\Pywork\dental\dental\data\detection_hierarchical_zenodo_kaggle_6class_auto_v3\images\train\base_train_base_cx_017054.jpg,base_train_base_cx_017054.jpg,train,existing,dhash,8,exclude
C:\Pywork\dental\dental\data\raw\brar_bone_resorption\extracted\level_2\patient_image_000911_3bd02bd3.jpg,level_2/patient_image_000911_3bd02bd3.jpg,roboflow,C:\Pywork\dental\dental\data\detection_hierarchical_zenodo_kaggle_6class_auto_v3\images\train\base_test_base_cx_025332.jpg,base_test_base_cx_025332.jpg,train,existing,dhash,7,exclude
C:\Pywork\dental\dental\data\raw\brar_bone_resorption\extracted\level_2\patient_image_000912_1e375f49.jpg,level_2/patient_image_000912_1e375f49.jpg,roboflow,C:\Pywork\dental\dental\data\detection_hierarchical_zenodo_kaggle_6class_auto_v3\images\train\base_train_base_test_234.png,base_train_base_test_234.png,train,existing,dhash,6,exclude
C:\Pywork\dental\dental\data\raw\brar_bone_resorption\extracted\level_2\patient_image_000914_ad63dc7c.jpg,level_2/patient_image_000914_ad63dc7c.jpg,roboflow,C:\Pywork\dental\dental\data\detection_hierarchical_zenodo_kaggle_6class_auto_v3\images\train\base_train_base_val_9.png,base_train_base_val_9.png,train,existing,dhash,7,exclude
C:\Pywork\dental\dental\data\raw\brar_bone_resorption\extracted\level_2\patient_image_000924_f91b651d.jpg,level_2/patient_image_000924_f91b651d.jpg,roboflow,C:\Pywork\dental\dental\data\detection_hierarchical_zenodo_kaggle_6class_auto_v3\images\val\base_test_base_test_243.png,base_test_base_test_243.png,val,existing,dhash,5,exclude
C:\Pywork\dental\dental\data\raw\brar_bone_resorption\extracted\level_2\patient_image_000928_729777d4.jpg,level_2/patient_image_000928_729777d4.jpg,roboflow,C:\Pywork\dental\dental\data\detection_hierarchical_zenodo_kaggle_6class_auto_v3\images\train\base_train_base_cx_026105.jpg,base_train_base_cx_026105.jpg,train,existing,dhash,6,exclude
C:\Pywork\dental\dental\data\raw\brar_bone_resorption\extracted\level_2\patient_image_000935_3ac31c34.jpg,level_2/patient_image_000935_3ac31c34.jpg,roboflow,C:\Pywork\dental\dental\data\detection_hierarchical_zenodo_kaggle_6class_auto_v3\images\train\base_train_base_test_28.png,base_train_base_test_28.png,train,existing,dhash,8,exclude
C:\Pywork\dental\dental\data\raw\brar_bone_resorption\extracted\level_2\patient_image_000938_93f271fb.jpg,level_2/patient_image_000938_93f271fb.jpg,roboflow,C:\Pywork\dental\dental\data\detection_hierarchical_zenodo_kaggle_6class_auto_v3\images\train\base_test_base_cx_027311.jpg,base_test_base_cx_027311.jpg,train,existing,dhash,8,exclude
C:\Pywork\dental\dental\data\raw\brar_bone_resorption\extracted\level_2\patient_image_000939_16426d51.jpg,level_2/patient_image_000939_16426d51.jpg,roboflow,C:\Pywork\dental\dental\data\detection_hierarchical_zenodo_kaggle_6class_auto_v3\images\train\base_train_base_umfih_1356.jpg,base_train_base_umfih_1356.jpg,train,existing,dhash,5,exclude
C:\Pywork\dental\dental\data\raw\brar_bone_resorption\extracted\level_2\patient_image_000948_a1272c0e.jpg,level_2/patient_image_000948_a1272c0e.jpg,roboflow,C:\Pywork\dental\dental\data\detection_hierarchical_zenodo_kaggle_6class_auto_v3\images\train\base_train_base_test_113.png,base_train_base_test_113.png,train,existing,dhash,6,exclude
C:\Pywork\dental\dental\data\raw\brar_bone_resorption\extracted\level_2\patient_image_000951_4cd21fcb.jpg,level_2/patient_image_000951_4cd21fcb.jpg,roboflow,C:\Pywork\dental\dental\data\detection_hierarchical_zenodo_kaggle_6class_auto_v3\images\train\base_train_base_cx_022513.jpg,base_train_base_cx_022513.jpg,train,existing,dhash,7,exclude
C:\Pywork\dental\dental\data\raw\brar_bone_resorption\extracted\level_2\patient_image_000957_7529424b.jpg,level_2/patient_image_000957_7529424b.jpg,roboflow,C:\Pywork\dental\dental\data\detection_hierarchical_zenodo_kaggle_6class_auto_v3\images\train\base_train_base_test_55.png,base_train_base_test_55.png,train,existing,dhash,7,exclude
C:\Pywork\dental\dental\data\raw\brar_bone_resorption\extracted\level_2\patient_image_000980_e117f479.jpg,level_2/patient_image_000980_e117f479.jpg,roboflow,C:\Pywork\dental\dental\data\detection_hierarchical_zenodo_kaggle_6class_auto_v3\images\train\base_train_base_test_237.png,base_train_base_test_237.png,train,existing,dhash,5,exclude
C:\Pywork\dental\dental\data\raw\brar_bone_resorption\extracted\level_2\patient_image_000982_191afad0.jpg,level_2/patient_image_000982_191afad0.jpg,roboflow,C:\Pywork\dental\dental\data\detection_hierarchical_zenodo_kaggle_6class_auto_v3\images\train\base_test_base_cx_016061.jpg,base_test_base_cx_016061.jpg,train,existing,dhash,8,exclude
C:\Pywork\dental\dental\data\raw\brar_bone_resorption\extracted\level_2\patient_image_000989_b25b9cdb.jpg,level_2/patient_image_000989_b25b9cdb.jpg,roboflow,C:\Pywork\dental\dental\data\detection_hierarchical_zenodo_kaggle_6class_auto_v3\images\test\base_test_base_val_32.png,base_test_base_val_32.png,test,existing,dhash,8,exclude
C:\Pywork\dental\dental\data\raw\brar_bone_resorption\extracted\level_2\patient_image_000990_308204dc.jpg,level_2/patient_image_000990_308204dc.jpg,roboflow,C:\Pywork\dental\dental\data\detection_hierarchical_zenodo_kaggle_6class_auto_v3\images\train\base_test_base_cx_024780.jpg,base_test_base_cx_024780.jpg,train,existing,dhash,7,exclude
C:\Pywork\dental\dental\data\raw\brar_bone_resorption\extracted\level_2\patient_image_000992_57c05974.jpg,level_2/patient_image_000992_57c05974.jpg,roboflow,C:\Pywork\dental\dental\data\detection_hierarchical_zenodo_kaggle_6class_auto_v3\images\train\base_train_base_cx_023770.jpg,base_train_base_cx_023770.jpg,train,existing,dhash,8,exclude
C:\Pywork\dental\dental\data\raw\brar_bone_resorption\extracted\level_2\patient_image_000995_44258a3c.jpg,level_2/patient_image_000995_44258a3c.jpg,roboflow,C:\Pywork\dental\dental\data\detection_hierarchical_zenodo_kaggle_6class_auto_v3\images\train\base_test_base_val_44.png,base_test_base_val_44.png,train,existing,dhash,8,exclude
C:\Pywork\dental\dental\data\raw\brar_bone_resorption\extracted\level_2\patient_image_000999_0f12d6fc.jpg,level_2/patient_image_000999_0f12d6fc.jpg,roboflow,C:\Pywork\dental\dental\data\detection_hierarchical_zenodo_kaggle_6class_auto_v3\images\train\base_test_base_test_71.png,base_test_base_test_71.png,train,existing,dhash,8,exclude
C:\Pywork\dental\dental\data\raw\brar_bone_resorption\extracted\level_2\patient_image_001001_5a3ad0a5.jpg,level_2/patient_image_001001_5a3ad0a5.jpg,roboflow,C:\Pywork\dental\dental\data\detection_hierarchical_zenodo_kaggle_6class_auto_v3\images\test\base_train_base_cx_020949.jpg,base_train_base_cx_020949.jpg,test,existing,dhash,6,exclude
C:\Pywork\dental\dental\data\raw\brar_bone_resorption\extracted\level_2\patient_image_001003_c2ff7e8b.jpg,level_2/patient_image_001003_c2ff7e8b.jpg,roboflow,C:\Pywork\dental\dental\data\detection_hierarchical_zenodo_kaggle_6class_auto_v3\images\train\base_test_base_umfih_v46.jpg,base_test_base_umfih_v46.jpg,train,existing,dhash,8,exclude
C:\Pywork\dental\dental\data\raw\brar_bone_resorption\extracted\level_2\patient_image_001007_78fcccb8.jpg,level_2/patient_image_001007_78fcccb8.jpg,roboflow,C:\Pywork\dental\dental\data\detection_hierarchical_zenodo_kaggle_6class_auto_v3\images\train\base_train_base_cx_022209.jpg,base_train_base_cx_022209.jpg,train,existing,dhash,8,exclude
C:\Pywork\dental\dental\data\raw\brar_bone_resorption\extracted\level_3\patient_image_000003_2b2e7506.jpg,level_3/patient_image_000003_2b2e7506.jpg,roboflow,C:\Pywork\dental\dental\data\detection_hierarchical_zenodo_kaggle_6class_auto_v3\images\train\kaggle_test_kg_test_3740150000-jpg_png_jpg.rf.638343708b20299c200e881f2b362f4d.jpg,kaggle_test_kg_test_3740150000-jpg_png_jpg.rf.638343708b20299c200e881f2b362f4d.jpg,train,existing,dhash,6,exclude
C:\Pywork\dental\dental\data\raw\brar_bone_resorption\extracted\level_3\patient_image_000046_7bb08579.jpg,level_3/patient_image_000046_7bb08579.jpg,roboflow,C:\Pywork\dental\dental\data\detection_hierarchical_zenodo_kaggle_6class_auto_v3\images\test\base_train_base_test_80.png,base_train_base_test_80.png,test,existing,dhash,6,exclude
C:\Pywork\dental\dental\data\raw\brar_bone_resorption\extracted\level_3\patient_image_000050_8035801c.jpg,level_3/patient_image_000050_8035801c.jpg,roboflow,C:\Pywork\dental\dental\data\detection_hierarchical_zenodo_kaggle_6class_auto_v3\images\train\base_test_base_val_44.png,base_test_base_val_44.png,train,existing,dhash,7,exclude
C:\Pywork\dental\dental\data\raw\brar_bone_resorption\extracted\level_3\patient_image_000053_78f8d04f.jpg,level_3/patient_image_000053_78f8d04f.jpg,roboflow,C:\Pywork\dental\dental\data\detection_hierarchical_zenodo_kaggle_6class_auto_v3\images\train\base_train_base_cx_026534.jpg,base_train_base_cx_026534.jpg,train,existing,dhash,5,exclude
C:\Pywork\dental\dental\data\raw\brar_bone_resorption\extracted\level_3\patient_image_000071_7ff3fd0c.jpg,level_3/patient_image_000071_7ff3fd0c.jpg,roboflow,C:\Pywork\dental\dental\data\detection_hierarchical_zenodo_kaggle_6class_auto_v3\images\train\base_test_base_test_108.png,base_test_base_test_108.png,train,existing,dhash,7,exclude
C:\Pywork\dental\dental\data\raw\brar_bone_resorption\extracted\level_3\patient_image_000073_f9f52225.jpg,level_3/patient_image_000073_f9f52225.jpg,roboflow,C:\Pywork\dental\dental\data\detection_hierarchical_zenodo_kaggle_6class_auto_v3\images\val\base_train_base_cx_024894.jpg,base_train_base_cx_024894.jpg,val,existing,dhash,8,exclude
C:\Pywork\dental\dental\data\raw\brar_bone_resorption\extracted\level_3\patient_image_000081_4a2a97ba.jpg,level_3/patient_image_000081_4a2a97ba.jpg,roboflow,C:\Pywork\dental\dental\data\detection_hierarchical_zenodo_kaggle_6class_auto_v3\images\train\base_test_base_umfih_v4.jpg,base_test_base_umfih_v4.jpg,train,existing,dhash,8,exclude
C:\Pywork\dental\dental\data\raw\brar_bone_resorption\extracted\level_3\patient_image_000088_515f171a.jpg,level_3/patient_image_000088_515f171a.jpg,roboflow,C:\Pywork\dental\dental\data\detection_hierarchical_zenodo_kaggle_6class_auto_v3\images\test\base_train_base_cx_008007.jpg,base_train_base_cx_008007.jpg,test,existing,dhash,8,exclude
C:\Pywork\dental\dental\data\raw\brar_bone_resorption\extracted\level_3\patient_image_000092_3c5a3b75.jpg,level_3/patient_image_000092_3c5a3b75.jpg,roboflow,C:\Pywork\dental\dental\data\detection_hierarchical_zenodo_kaggle_6class_auto_v3\images\train\base_train_base_umfih_1149.jpg,base_train_base_umfih_1149.jpg,train,existing,dhash,8,exclude
C:\Pywork\dental\dental\data\raw\brar_bone_resorption\extracted\level_3\patient_image_000101_b9058bd6.jpg,level_3/patient_image_000101_b9058bd6.jpg,roboflow,C:\Pywork\dental\dental\data\detection_hierarchical_zenodo_kaggle_6class_auto_v3\images\train\base_train_base_cx_013108.jpg,base_train_base_cx_013108.jpg,train,existing,dhash,5,exclude
C:\Pywork\dental\dental\data\raw\brar_bone_resorption\extracted\level_3\patient_image_000104_412f98d8.jpg,level_3/patient_image_000104_412f98d8.jpg,roboflow,C:\Pywork\dental\dental\data\detection_hierarchical_zenodo_kaggle_6class_auto_v3\images\train\base_test_base_test_42.png,base_test_base_test_42.png,train,existing,dhash,8,exclude
C:\Pywork\dental\dental\data\raw\brar_bone_resorption\extracted\level_3\patient_image_000113_8dc0b8b0.jpg,level_3/patient_image_000113_8dc0b8b0.jpg,roboflow,C:\Pywork\dental\dental\data\detection_hierarchical_zenodo_kaggle_6class_auto_v3\images\train\base_test_base_cx_002045.jpg,base_test_base_cx_002045.jpg,train,existing,dhash,7,exclude
C:\Pywork\dental\dental\data\raw\brar_bone_resorption\extracted\level_3\patient_image_000115_42f04a2c.jpg,level_3/patient_image_000115_42f04a2c.jpg,roboflow,C:\Pywork\dental\dental\data\detection_hierarchical_zenodo_kaggle_6class_auto_v3\images\train\base_train_base_test_137.png,base_train_base_test_137.png,train,existing,dhash,7,exclude
C:\Pywork\dental\dental\data\raw\brar_bone_resorption\extracted\level_3\patient_image_000123_1ebadac8.jpg,level_3/patient_image_000123_1ebadac8.jpg,roboflow,C:\Pywork\dental\dental\data\detection_hierarchical_zenodo_kaggle_6class_auto_v3\images\val\base_test_base_test_243.png,base_test_base_test_243.png,val,existing,dhash,5,exclude
C:\Pywork\dental\dental\data\raw\brar_bone_resorption\extracted\level_3\patient_image_000131_5174739a.jpg,level_3/patient_image_000131_5174739a.jpg,roboflow,C:\Pywork\dental\dental\data\detection_hierarchical_zenodo_kaggle_6class_auto_v3\images\train\base_train_base_cx_026845.jpg,base_train_base_cx_026845.jpg,train,existing,dhash,8,exclude
C:\Pywork\dental\dental\data\raw\brar_bone_resorption\extracted\level_3\patient_image_000133_8269774b.jpg,level_3/patient_image_000133_8269774b.jpg,roboflow,C:\Pywork\dental\dental\data\detection_hierarchical_zenodo_kaggle_6class_auto_v3\images\train\base_test_base_cx_005740.jpg,base_test_base_cx_005740.jpg,train,existing,dhash,5,exclude
C:\Pywork\dental\dental\data\raw\brar_bone_resorption\extracted\level_3\patient_image_000134_1642341c.jpg,level_3/patient_image_000134_1642341c.jpg,roboflow,C:\Pywork\dental\dental\data\detection_hierarchical_zenodo_kaggle_6class_auto_v3\images\train\base_train_base_cx_026495.jpg,base_train_base_cx_026495.jpg,train,existing,dhash,5,exclude
C:\Pywork\dental\dental\data\raw\brar_bone_resorption\extracted\level_3\patient_image_000144_6fa8e9da.jpg,level_3/patient_image_000144_6fa8e9da.jpg,roboflow,C:\Pywork\dental\dental\data\detection_hierarchical_zenodo_kaggle_6class_auto_v3\images\train\base_test_base_val_44.png,base_test_base_val_44.png,train,existing,dhash,7,exclude
C:\Pywork\dental\dental\data\raw\brar_bone_resorption\extracted\level_3\patient_image_000145_2f22d13c.jpg,level_3/patient_image_000145_2f22d13c.jpg,roboflow,C:\Pywork\dental\dental\data\detection_hierarchical_zenodo_kaggle_6class_auto_v3\images\train\base_train_base_cx_017080.jpg,base_train_base_cx_017080.jpg,train,existing,dhash,8,exclude
C:\Pywork\dental\dental\data\raw\brar_bone_resorption\extracted\level_3\patient_image_000170_8e2eded9.jpg,level_3/patient_image_000170_8e2eded9.jpg,roboflow,C:\Pywork\dental\dental\data\detection_hierarchical_zenodo_kaggle_6class_auto_v3\images\train\base_test_base_cx_028493.jpg,base_test_base_cx_028493.jpg,train,existing,dhash,6,exclude
C:\Pywork\dental\dental\data\raw\brar_bone_resorption\extracted\level_3\patient_image_000183_ed724976.jpg,level_3/patient_image_000183_ed724976.jpg,roboflow,C:\Pywork\dental\dental\data\detection_hierarchical_zenodo_kaggle_6class_auto_v3\images\train\base_train_base_cx_021039.jpg,base_train_base_cx_021039.jpg,train,existing,dhash,5,exclude
C:\Pywork\dental\dental\data\raw\brar_bone_resorption\extracted\level_3\patient_image_000201_68fcfc13.jpg,level_3/patient_image_000201_68fcfc13.jpg,roboflow,C:\Pywork\dental\dental\data\detection_hierarchical_zenodo_kaggle_6class_auto_v3\images\train\base_test_base_cx_020618.jpg,base_test_base_cx_020618.jpg,train,existing,dhash,5,exclude
C:\Pywork\dental\dental\data\raw\brar_bone_resorption\extracted\level_3\patient_image_000205_eadd10df.jpg,level_3/patient_image_000205_eadd10df.jpg,roboflow,C:\Pywork\dental\dental\data\detection_hierarchical_zenodo_kaggle_6class_auto_v3\images\train\base_train_base_umfih_186.jpg,base_train_base_umfih_186.jpg,train,existing,dhash,6,exclude
C:\Pywork\dental\dental\data\raw\brar_bone_resorption\extracted\level_3\patient_image_000241_14c1c28a.jpg,level_3/patient_image_000241_14c1c28a.jpg,roboflow,C:\Pywork\dental\dental\data\detection_hierarchical_zenodo_kaggle_6class_auto_v3\images\train\base_test_base_test_108.png,base_test_base_test_108.png,train,existing,dhash,7,exclude
C:\Pywork\dental\dental\data\raw\brar_bone_resorption\extracted\level_3\patient_image_000244_76e6928c.jpg,level_3/patient_image_000244_76e6928c.jpg,roboflow,C:\Pywork\dental\dental\data\detection_hierarchical_zenodo_kaggle_6class_auto_v3\images\val\base_train_base_val_10.png,base_train_base_val_10.png,val,existing,dhash,6,exclude
C:\Pywork\dental\dental\data\raw\brar_bone_resorption\extracted\level_3\patient_image_000261_4ba3dd44.jpg,level_3/patient_image_000261_4ba3dd44.jpg,roboflow,C:\Pywork\dental\dental\data\detection_hierarchical_zenodo_kaggle_6class_auto_v3\images\train\base_train_base_cx_022105.jpg,base_train_base_cx_022105.jpg,train,existing,dhash,6,exclude
C:\Pywork\dental\dental\data\raw\brar_bone_resorption\extracted\level_3\patient_image_000262_1c2d0dfb.jpg,level_3/patient_image_000262_1c2d0dfb.jpg,roboflow,C:\Pywork\dental\dental\data\detection_hierarchical_zenodo_kaggle_6class_auto_v3\images\train\base_train_base_cx_023929.jpg,base_train_base_cx_023929.jpg,train,existing,dhash,7,exclude
C:\Pywork\dental\dental\data\raw\brar_bone_resorption\extracted\level_3\patient_image_000264_6689da5e.jpg,level_3/patient_image_000264_6689da5e.jpg,roboflow,C:\Pywork\dental\dental\data\detection_hierarchical_zenodo_kaggle_6class_auto_v3\images\train\base_test_base_test_42.png,base_test_base_test_42.png,train,existing,dhash,8,exclude
C:\Pywork\dental\dental\data\raw\brar_bone_resorption\extracted\level_3\patient_image_000278_62c2735f.jpg,level_3/patient_image_000278_62c2735f.jpg,roboflow,C:\Pywork\dental\dental\data\detection_hierarchical_zenodo_kaggle_6class_auto_v3\images\train\base_train_base_cx_021151.jpg,base_train_base_cx_021151.jpg,train,existing,dhash,5,exclude
C:\Pywork\dental\dental\data\raw\brar_bone_resorption\extracted\level_3\patient_image_000284_d7c3117f.jpg,level_3/patient_image_000284_d7c3117f.jpg,roboflow,C:\Pywork\dental\dental\data\detection_hierarchical_zenodo_kaggle_6class_auto_v3\images\test\base_val_base_umfih_1220.jpg,base_val_base_umfih_1220.jpg,test,existing,dhash,6,exclude
C:\Pywork\dental\dental\data\raw\brar_bone_resorption\extracted\level_3\patient_image_000287_f3effd41.jpg,level_3/patient_image_000287_f3effd41.jpg,roboflow,C:\Pywork\dental\dental\data\detection_hierarchical_zenodo_kaggle_6class_auto_v3\images\train\base_train_base_cx_009868.jpg,base_train_base_cx_009868.jpg,train,existing,dhash,6,exclude
C:\Pywork\dental\dental\data\raw\brar_bone_resorption\extracted\level_3\patient_image_000294_1c448f4a.jpg,level_3/patient_image_000294_1c448f4a.jpg,roboflow,C:\Pywork\dental\dental\data\detection_hierarchical_zenodo_kaggle_6class_auto_v3\images\train\base_train_base_cx_027282.jpg,base_train_base_cx_027282.jpg,train,existing,dhash,6,exclude
C:\Pywork\dental\dental\data\raw\brar_bone_resorption\extracted\level_3\patient_image_000300_865c8039.jpg,level_3/patient_image_000300_865c8039.jpg,roboflow,C:\Pywork\dental\dental\data\detection_hierarchical_zenodo_kaggle_6class_auto_v3\images\train\base_test_base_val_49.png,base_test_base_val_49.png,train,existing,dhash,5,exclude
C:\Pywork\dental\dental\data\raw\brar_bone_resorption\extracted\level_3\patient_image_000306_0a26e446.jpg,level_3/patient_image_000306_0a26e446.jpg,roboflow,C:\Pywork\dental\dental\data\detection_hierarchical_zenodo_kaggle_6class_auto_v3\images\train\base_test_base_umfih_v55.jpg,base_test_base_umfih_v55.jpg,train,existing,dhash,7,exclude
C:\Pywork\dental\dental\data\raw\brar_bone_resorption\extracted\level_3\patient_image_000307_9c424853.jpg,level_3/patient_image_000307_9c424853.jpg,roboflow,C:\Pywork\dental\dental\data\detection_hierarchical_zenodo_kaggle_6class_auto_v3\images\train\base_test_base_cx_021107.jpg,base_test_base_cx_021107.jpg,train,existing,dhash,6,exclude
C:\Pywork\dental\dental\data\raw\brar_bone_resorption\extracted\level_3\patient_image_000326_c8a8772c.jpg,level_3/patient_image_000326_c8a8772c.jpg,roboflow,C:\Pywork\dental\dental\data\detection_hierarchical_zenodo_kaggle_6class_auto_v3\images\train\base_val_base_cx_015039.jpg,base_val_base_cx_015039.jpg,train,existing,dhash,5,exclude
C:\Pywork\dental\dental\data\raw\brar_bone_resorption\extracted\level_3\patient_image_000328_8a2d91fc.jpg,level_3/patient_image_000328_8a2d91fc.jpg,roboflow,C:\Pywork\dental\dental\data\detection_hierarchical_zenodo_kaggle_6class_auto_v3\images\train\base_train_base_cx_009579.jpg,base_train_base_cx_009579.jpg,train,existing,dhash,8,exclude
C:\Pywork\dental\dental\data\raw\brar_bone_resorption\extracted\level_3\patient_image_000329_d32c41f2.jpg,level_3/patient_image_000329_d32c41f2.jpg,roboflow,C:\Pywork\dental\dental\data\detection_hierarchical_zenodo_kaggle_6class_auto_v3\images\train\base_test_base_umfih_v16.jpg,base_test_base_umfih_v16.jpg,train,existing,dhash,7,exclude
C:\Pywork\dental\dental\data\raw\brar_bone_resorption\extracted\level_3\patient_image_000330_8bc84559.jpg,level_3/patient_image_000330_8bc84559.jpg,roboflow,C:\Pywork\dental\dental\data\detection_hierarchical_zenodo_kaggle_6class_auto_v3\images\train\base_test_base_cx_002045.jpg,base_test_base_cx_002045.jpg,train,existing,dhash,8,exclude
C:\Pywork\dental\dental\data\raw\brar_bone_resorption\extracted\level_3\patient_image_000337_6249ba0a.jpg,level_3/patient_image_000337_6249ba0a.jpg,roboflow,C:\Pywork\dental\dental\data\detection_hierarchical_zenodo_kaggle_6class_auto_v3\images\train\base_train_base_val_5.png,base_train_base_val_5.png,train,existing,dhash,6,exclude
C:\Pywork\dental\dental\data\raw\brar_bone_resorption\extracted\level_3\patient_image_000348_a440ef40.jpg,level_3/patient_image_000348_a440ef40.jpg,roboflow,C:\Pywork\dental\dental\data\detection_hierarchical_zenodo_kaggle_6class_auto_v3\images\train\base_test_base_test_42.png,base_test_base_test_42.png,train,existing,dhash,7,exclude
C:\Pywork\dental\dental\data\raw\brar_bone_resorption\extracted\level_3\patient_image_000351_eea127ac.jpg,level_3/patient_image_000351_eea127ac.jpg,roboflow,C:\Pywork\dental\dental\data\detection_hierarchical_zenodo_kaggle_6class_auto_v3\images\test\base_train_base_cx_028167.jpg,base_train_base_cx_028167.jpg,test,existing,dhash,7,exclude
C:\Pywork\dental\dental\data\raw\brar_bone_resorption\extracted\level_3\patient_image_000356_02609c16.jpg,level_3/patient_image_000356_02609c16.jpg,roboflow,C:\Pywork\dental\dental\data\detection_hierarchical_zenodo_kaggle_6class_auto_v3\images\test\base_val_base_umfih_1220.jpg,base_val_base_umfih_1220.jpg,test,existing,dhash,6,exclude
C:\Pywork\dental\dental\data\raw\brar_bone_resorption\extracted\level_3\patient_image_000360_e286df23.jpg,level_3/patient_image_000360_e286df23.jpg,roboflow,C:\Pywork\dental\dental\data\detection_hierarchical_zenodo_kaggle_6class_auto_v3\images\train\base_test_base_cx_016496.jpg,base_test_base_cx_016496.jpg,train,existing,dhash,8,exclude
C:\Pywork\dental\dental\data\raw\brar_bone_resorption\extracted\level_3\patient_image_000370_ffbf9936.jpg,level_3/patient_image_000370_ffbf9936.jpg,roboflow,C:\Pywork\dental\dental\data\detection_hierarchical_zenodo_kaggle_6class_auto_v3\images\train\base_train_base_cx_028463.jpg,base_train_base_cx_028463.jpg,train,existing,dhash,7,exclude
C:\Pywork\dental\dental\data\raw\brar_bone_resorption\extracted\level_3\patient_image_000372_5cfc0a21.jpg,level_3/patient_image_000372_5cfc0a21.jpg,roboflow,C:\Pywork\dental\dental\data\detection_hierarchical_zenodo_kaggle_6class_auto_v3\images\test\base_train_base_cx_028167.jpg,base_train_base_cx_028167.jpg,test,existing,dhash,6,exclude
C:\Pywork\dental\dental\data\raw\brar_bone_resorption\extracted\level_3\patient_image_000389_14d151f2.jpg,level_3/patient_image_000389_14d151f2.jpg,roboflow,C:\Pywork\dental\dental\data\detection_hierarchical_zenodo_kaggle_6class_auto_v3\images\train\base_train_base_umfih_1355.jpg,base_train_base_umfih_1355.jpg,train,existing,dhash,8,exclude
C:\Pywork\dental\dental\data\raw\brar_bone_resorption\extracted\level_3\patient_image_000423_e4c6ad66.jpg,level_3/patient_image_000423_e4c6ad66.jpg,roboflow,C:\Pywork\dental\dental\data\detection_hierarchical_zenodo_kaggle_6class_auto_v3\images\train\base_train_base_umfih_1132.jpg,base_train_base_umfih_1132.jpg,train,existing,dhash,5,exclude
C:\Pywork\dental\dental\data\raw\brar_bone_resorption\extracted\level_3\patient_image_000435_86430e90.jpg,level_3/patient_image_000435_86430e90.jpg,roboflow,C:\Pywork\dental\dental\data\detection_hierarchical_zenodo_kaggle_6class_auto_v3\images\train\base_train_base_umfih_186.jpg,base_train_base_umfih_186.jpg,train,existing,dhash,8,exclude
C:\Pywork\dental\dental\data\raw\brar_bone_resorption\extracted\level_3\patient_image_000439_edffeaa6.jpg,level_3/patient_image_000439_edffeaa6.jpg,roboflow,C:\Pywork\dental\dental\data\detection_hierarchical_zenodo_kaggle_6class_auto_v3\images\train\base_train_base_cx_016794.jpg,base_train_base_cx_016794.jpg,train,existing,dhash,6,exclude
C:\Pywork\dental\dental\data\raw\brar_bone_resorption\extracted\level_3\patient_image_000468_61c7af51.jpg,level_3/patient_image_000468_61c7af51.jpg,roboflow,C:\Pywork\dental\dental\data\detection_hierarchical_zenodo_kaggle_6class_auto_v3\images\train\base_train_base_test_22.png,base_train_base_test_22.png,train,existing,dhash,8,exclude
C:\Pywork\dental\dental\data\raw\brar_bone_resorption\extracted\level_3\patient_image_000501_20a9db96.jpg,level_3/patient_image_000501_20a9db96.jpg,roboflow,C:\Pywork\dental\dental\data\detection_hierarchical_zenodo_kaggle_6class_auto_v3\images\train\base_test_base_cx_007086.jpg,base_test_base_cx_007086.jpg,train,existing,dhash,7,exclude
C:\Pywork\dental\dental\data\raw\brar_bone_resorption\extracted\level_3\patient_image_000509_04857e03.jpg,level_3/patient_image_000509_04857e03.jpg,roboflow,C:\Pywork\dental\dental\data\detection_hierarchical_zenodo_kaggle_6class_auto_v3\images\train\base_train_base_umfih_1356.jpg,base_train_base_umfih_1356.jpg,train,existing,dhash,6,exclude
C:\Pywork\dental\dental\data\raw\brar_bone_resorption\extracted\level_3\patient_image_000563_df925935.jpg,level_3/patient_image_000563_df925935.jpg,roboflow,C:\Pywork\dental\dental\data\detection_hierarchical_zenodo_kaggle_6class_auto_v3\images\train\base_train_base_umfih_1213.jpg,base_train_base_umfih_1213.jpg,train,existing,dhash,8,exclude
C:\Pywork\dental\dental\data\raw\brar_bone_resorption\extracted\level_3\patient_image_000574_002b0d0a.jpg,level_3/patient_image_000574_002b0d0a.jpg,roboflow,C:\Pywork\dental\dental\data\detection_hierarchical_zenodo_kaggle_6class_auto_v3\images\test\base_train_base_test_45.png,base_train_base_test_45.png,test,existing,dhash,5,exclude
C:\Pywork\dental\dental\data\raw\brar_bone_resorption\extracted\level_3\patient_image_000579_51b396db.jpg,level_3/patient_image_000579_51b396db.jpg,roboflow,C:\Pywork\dental\dental\data\detection_hierarchical_zenodo_kaggle_6class_auto_v3\images\train\base_train_base_umfih_141.jpg,base_train_base_umfih_141.jpg,train,existing,dhash,6,exclude
C:\Pywork\dental\dental\data\raw\brar_bone_resorption\extracted\level_3\patient_image_000588_11ba2a39.jpg,level_3/patient_image_000588_11ba2a39.jpg,roboflow,C:\Pywork\dental\dental\data\detection_hierarchical_zenodo_kaggle_6class_auto_v3\images\train\base_val_base_test_19.png,base_val_base_test_19.png,train,existing,dhash,8,exclude
C:\Pywork\dental\dental\data\raw\brar_bone_resorption\extracted\level_3\patient_image_000595_83f35693.jpg,level_3/patient_image_000595_83f35693.jpg,roboflow,C:\Pywork\dental\dental\data\detection_hierarchical_zenodo_kaggle_6class_auto_v3\images\train\base_test_base_test_34.png,base_test_base_test_34.png,train,existing,dhash,6,exclude
C:\Pywork\dental\dental\data\raw\brar_bone_resorption\extracted\level_3\patient_image_000596_4eae4178.jpg,level_3/patient_image_000596_4eae4178.jpg,roboflow,C:\Pywork\dental\dental\data\detection_hierarchical_zenodo_kaggle_6class_auto_v3\images\train\base_train_base_test_168.png,base_train_base_test_168.png,train,existing,dhash,5,exclude
C:\Pywork\dental\dental\data\raw\brar_bone_resorption\extracted\level_3\patient_image_000607_35725f57.jpg,level_3/patient_image_000607_35725f57.jpg,roboflow,C:\Pywork\dental\dental\data\detection_hierarchical_zenodo_kaggle_6class_auto_v3\images\train\base_train_base_test_199.png,base_train_base_test_199.png,train,existing,dhash,7,exclude
C:\Pywork\dental\dental\data\raw\brar_bone_resorption\extracted\level_3\patient_image_000609_b45d7ffd.jpg,level_3/patient_image_000609_b45d7ffd.jpg,roboflow,C:\Pywork\dental\dental\data\detection_hierarchical_zenodo_kaggle_6class_auto_v3\images\train\base_train_base_umfih_1356.jpg,base_train_base_umfih_1356.jpg,train,existing,dhash,7,exclude
C:\Pywork\dental\dental\data\raw\brar_bone_resorption\extracted\level_3\patient_image_000625_0adf8250.jpg,level_3/patient_image_000625_0adf8250.jpg,roboflow,C:\Pywork\dental\dental\data\detection_hierarchical_zenodo_kaggle_6class_auto_v3\images\val\base_test_base_test_243.png,base_test_base_test_243.png,val,existing,dhash,6,exclude
C:\Pywork\dental\dental\data\raw\brar_bone_resorption\extracted\level_3\patient_image_000639_1b622c1a.jpg,level_3/patient_image_000639_1b622c1a.jpg,roboflow,C:\Pywork\dental\dental\data\detection_hierarchical_zenodo_kaggle_6class_auto_v3\images\train\base_train_base_cx_010168.jpg,base_train_base_cx_010168.jpg,train,existing,dhash,7,exclude
C:\Pywork\dental\dental\data\raw\brar_bone_resorption\extracted\level_3\patient_image_000642_c3ea74ba.jpg,level_3/patient_image_000642_c3ea74ba.jpg,roboflow,C:\Pywork\dental\dental\data\detection_hierarchical_zenodo_kaggle_6class_auto_v3\images\train\base_train_base_cx_014464.jpg,base_train_base_cx_014464.jpg,train,existing,dhash,7,exclude
C:\Pywork\dental\dental\data\raw\brar_bone_resorption\extracted\level_3\patient_image_000650_ca4dd45d.jpg,level_3/patient_image_000650_ca4dd45d.jpg,roboflow,C:\Pywork\dental\dental\data\detection_hierarchical_zenodo_kaggle_6class_auto_v3\images\train\base_val_base_test_128.png,base_val_base_test_128.png,train,existing,dhash,8,exclude
C:\Pywork\dental\dental\data\raw\brar_bone_resorption\extracted\level_3\patient_image_000655_1f764a63.jpg,level_3/patient_image_000655_1f764a63.jpg,roboflow,C:\Pywork\dental\dental\data\detection_hierarchical_zenodo_kaggle_6class_auto_v3\images\train\base_train_base_umfih_1157.jpg,base_train_base_umfih_1157.jpg,train,existing,dhash,8,exclude
C:\Pywork\dental\dental\data\raw\brar_bone_resorption\extracted\level_3\patient_image_000679_c8b50fad.jpg,level_3/patient_image_000679_c8b50fad.jpg,roboflow,C:\Pywork\dental\dental\data\detection_hierarchical_zenodo_kaggle_6class_auto_v3\images\train\base_train_base_test_37.png,base_train_base_test_37.png,train,existing,dhash,5,exclude
C:\Pywork\dental\dental\data\raw\brar_bone_resorption\extracted\level_3\patient_image_000688_b31e25b2.jpg,level_3/patient_image_000688_b31e25b2.jpg,roboflow,C:\Pywork\dental\dental\data\detection_hierarchical_zenodo_kaggle_6class_auto_v3\images\train\base_train_base_cx_019933.jpg,base_train_base_cx_019933.jpg,train,existing,dhash,7,exclude
C:\Pywork\dental\dental\data\raw\brar_bone_resorption\extracted\level_3\patient_image_000701_56f982f7.jpg,level_3/patient_image_000701_56f982f7.jpg,roboflow,C:\Pywork\dental\dental\data\detection_hierarchical_zenodo_kaggle_6class_auto_v3\images\train\base_test_base_test_34.png,base_test_base_test_34.png,train,existing,dhash,7,exclude
C:\Pywork\dental\dental\data\raw\brar_bone_resorption\extracted\level_3\patient_image_000706_1e9b97f2.jpg,level_3/patient_image_000706_1e9b97f2.jpg,roboflow,C:\Pywork\dental\dental\data\detection_hierarchical_zenodo_kaggle_6class_auto_v3\images\train\base_test_base_test_183.png,base_test_base_test_183.png,train,existing,dhash,5,exclude
C:\Pywork\dental\dental\data\raw\brar_bone_resorption\extracted\level_3\patient_image_000719_5f79abc8.jpg,level_3/patient_image_000719_5f79abc8.jpg,roboflow,C:\Pywork\dental\dental\data\detection_hierarchical_zenodo_kaggle_6class_auto_v3\images\train\base_test_base_test_183.png,base_test_base_test_183.png,train,existing,dhash,8,exclude
C:\Pywork\dental\dental\data\raw\brar_bone_resorption\extracted\level_3\patient_image_000722_09368cb5.jpg,level_3/patient_image_000722_09368cb5.jpg,roboflow,C:\Pywork\dental\dental\data\detection_hierarchical_zenodo_kaggle_6class_auto_v3\images\train\base_train_base_test_46.png,base_train_base_test_46.png,train,existing,dhash,8,exclude
C:\Pywork\dental\dental\data\raw\brar_bone_resorption\extracted\level_3\patient_image_000739_0dd0bdeb.jpg,level_3/patient_image_000739_0dd0bdeb.jpg,roboflow,C:\Pywork\dental\dental\data\detection_hierarchical_zenodo_kaggle_6class_auto_v3\images\train\base_train_base_cx_023503.jpg,base_train_base_cx_023503.jpg,train,existing,dhash,5,exclude
C:\Pywork\dental\dental\data\raw\brar_bone_resorption\extracted\level_3\patient_image_000745_d898a6cb.jpg,level_3/patient_image_000745_d898a6cb.jpg,roboflow,C:\Pywork\dental\dental\data\detection_hierarchical_zenodo_kaggle_6class_auto_v3\images\train\base_train_base_test_144.png,base_train_base_test_144.png,train,existing,dhash,7,exclude
C:\Pywork\dental\dental\data\raw\brar_bone_resorption\extracted\level_3\patient_image_000746_9af78966.jpg,level_3/patient_image_000746_9af78966.jpg,roboflow,C:\Pywork\dental\dental\data\detection_hierarchical_zenodo_kaggle_6class_auto_v3\images\train\base_train_base_cx_024698.jpg,base_train_base_cx_024698.jpg,train,existing,dhash,8,exclude
C:\Pywork\dental\dental\data\raw\brar_bone_resorption\extracted\level_3\patient_image_000750_1ba51eb5.jpg,level_3/patient_image_000750_1ba51eb5.jpg,roboflow,C:\Pywork\dental\dental\data\detection_hierarchical_zenodo_kaggle_6class_auto_v3\images\train\base_train_base_test_144.png,base_train_base_test_144.png,train,existing,dhash,6,exclude
C:\Pywork\dental\dental\data\raw\brar_bone_resorption\extracted\level_3\patient_image_000754_959252bf.jpg,level_3/patient_image_000754_959252bf.jpg,roboflow,C:\Pywork\dental\dental\data\detection_hierarchical_zenodo_kaggle_6class_auto_v3\images\train\base_train_base_umfih_107.jpg,base_train_base_umfih_107.jpg,train,existing,dhash,6,exclude
C:\Pywork\dental\dental\data\raw\brar_bone_resorption\extracted\level_3\patient_image_000756_5c31e47b.jpg,level_3/patient_image_000756_5c31e47b.jpg,roboflow,C:\Pywork\dental\dental\data\detection_hierarchical_zenodo_kaggle_6class_auto_v3\images\train\base_test_base_cx_020277.jpg,base_test_base_cx_020277.jpg,train,existing,dhash,5,exclude
C:\Pywork\dental\dental\data\raw\brar_bone_resorption\extracted\level_3\patient_image_000763_21c07b11.jpg,level_3/patient_image_000763_21c07b11.jpg,roboflow,C:\Pywork\dental\dental\data\detection_hierarchical_zenodo_kaggle_6class_auto_v3\images\train\base_test_base_val_44.png,base_test_base_val_44.png,train,existing,dhash,8,exclude
C:\Pywork\dental\dental\data\raw\brar_bone_resorption\extracted\level_3\patient_image_000782_fe4c6b59.jpg,level_3/patient_image_000782_fe4c6b59.jpg,roboflow,C:\Pywork\dental\dental\data\detection_hierarchical_zenodo_kaggle_6class_auto_v3\images\train\base_train_base_cx_011168.jpg,base_train_base_cx_011168.jpg,train,existing,dhash,8,exclude
C:\Pywork\dental\dental\data\raw\brar_bone_resorption\extracted\level_3\patient_image_000792_da93de87.jpg,level_3/patient_image_000792_da93de87.jpg,roboflow,C:\Pywork\dental\dental\data\detection_hierarchical_zenodo_kaggle_6class_auto_v3\images\train\base_test_base_cx_025895.jpg,base_test_base_cx_025895.jpg,train,existing,dhash,8,exclude
C:\Pywork\dental\dental\data\raw\brar_bone_resorption\extracted\level_3\patient_image_000800_c80d84c5.jpg,level_3/patient_image_000800_c80d84c5.jpg,roboflow,C:\Pywork\dental\dental\data\detection_hierarchical_zenodo_kaggle_6class_auto_v3\images\train\base_train_base_umfih_548.jpg,base_train_base_umfih_548.jpg,train,existing,dhash,7,exclude
C:\Pywork\dental\dental\data\raw\brar_bone_resorption\extracted\level_3\patient_image_000802_babf562c.jpg,level_3/patient_image_000802_babf562c.jpg,roboflow,C:\Pywork\dental\dental\data\detection_hierarchical_zenodo_kaggle_6class_auto_v3\images\train\base_train_base_cx_009579.jpg,base_train_base_cx_009579.jpg,train,existing,dhash,8,exclude
C:\Pywork\dental\dental\data\raw\brar_bone_resorption\extracted\level_3\patient_image_000804_e1a775f6.jpg,level_3/patient_image_000804_e1a775f6.jpg,roboflow,C:\Pywork\dental\dental\data\detection_hierarchical_zenodo_kaggle_6class_auto_v3\images\train\base_val_base_test_19.png,base_val_base_test_19.png,train,existing,dhash,8,exclude
C:\Pywork\dental\dental\data\raw\brar_bone_resorption\extracted\level_3\patient_image_000811_f5895c67.jpg,level_3/patient_image_000811_f5895c67.jpg,roboflow,C:\Pywork\dental\dental\data\detection_hierarchical_zenodo_kaggle_6class_auto_v3\images\train\base_train_base_test_168.png,base_train_base_test_168.png,train,existing,dhash,8,exclude
C:\Pywork\dental\dental\data\raw\brar_bone_resorption\extracted\level_3\patient_image_000816_313b09d7.jpg,level_3/patient_image_000816_313b09d7.jpg,roboflow,C:\Pywork\dental\dental\data\detection_hierarchical_zenodo_kaggle_6class_auto_v3\images\train\base_train_base_umfih_141.jpg,base_train_base_umfih_141.jpg,train,existing,dhash,7,exclude
C:\Pywork\dental\dental\data\raw\brar_bone_resorption\extracted\level_3\patient_image_000841_893fdde5.jpg,level_3/patient_image_000841_893fdde5.jpg,roboflow,C:\Pywork\dental\dental\data\detection_hierarchical_zenodo_kaggle_6class_auto_v3\images\train\base_train_base_test_237.png,base_train_base_test_237.png,train,existing,dhash,7,exclude
C:\Pywork\dental\dental\data\raw\brar_bone_resorption\extracted\level_3\patient_image_000848_8cf56b98.jpg,level_3/patient_image_000848_8cf56b98.jpg,roboflow,C:\Pywork\dental\dental\data\detection_hierarchical_zenodo_kaggle_6class_auto_v3\images\train\base_train_base_cx_025991.jpg,base_train_base_cx_025991.jpg,train,existing,dhash,8,exclude
C:\Pywork\dental\dental\data\raw\brar_bone_resorption\extracted\level_3\patient_image_000858_f3bfe969.jpg,level_3/patient_image_000858_f3bfe969.jpg,roboflow,C:\Pywork\dental\dental\data\detection_hierarchical_zenodo_kaggle_6class_auto_v3\images\train\base_train_base_test_168.png,base_train_base_test_168.png,train,existing,dhash,8,exclude
C:\Pywork\dental\dental\data\raw\brar_bone_resorption\extracted\level_3\patient_image_000862_9baaaf10.jpg,level_3/patient_image_000862_9baaaf10.jpg,roboflow,C:\Pywork\dental\dental\data\detection_hierarchical_zenodo_kaggle_6class_auto_v3\images\train\base_train_base_umfih_1356.jpg,base_train_base_umfih_1356.jpg,train,existing,dhash,8,exclude
C:\Pywork\dental\dental\data\raw\brar_bone_resorption\extracted\level_3\patient_image_000882_b7d0c270.jpg,level_3/patient_image_000882_b7d0c270.jpg,roboflow,C:\Pywork\dental\dental\data\detection_hierarchical_zenodo_kaggle_6class_auto_v3\images\train\base_train_base_cx_009586.jpg,base_train_base_cx_009586.jpg,train,existing,dhash,8,exclude
C:\Pywork\dental\dental\data\raw\brar_bone_resorption\extracted\level_3\patient_image_000883_27fe38a5.jpg,level_3/patient_image_000883_27fe38a5.jpg,roboflow,C:\Pywork\dental\dental\data\detection_hierarchical_zenodo_kaggle_6class_auto_v3\images\train\base_train_base_test_112.png,base_train_base_test_112.png,train,existing,dhash,7,exclude
C:\Pywork\dental\dental\data\raw\brar_bone_resorption\extracted\level_3\patient_image_000887_be059b53.jpg,level_3/patient_image_000887_be059b53.jpg,roboflow,C:\Pywork\dental\dental\data\detection_hierarchical_zenodo_kaggle_6class_auto_v3\images\train\base_train_base_umfih_141.jpg,base_train_base_umfih_141.jpg,train,existing,dhash,7,exclude
C:\Pywork\dental\dental\data\raw\brar_bone_resorption\extracted\level_3\patient_image_000891_45af6884.jpg,level_3/patient_image_000891_45af6884.jpg,roboflow,C:\Pywork\dental\dental\data\detection_hierarchical_zenodo_kaggle_6class_auto_v3\images\train\base_test_base_test_108.png,base_test_base_test_108.png,train,existing,dhash,8,exclude
C:\Pywork\dental\dental\data\raw\brar_bone_resorption\extracted\level_3\patient_image_000903_f7742c28.jpg,level_3/patient_image_000903_f7742c28.jpg,roboflow,C:\Pywork\dental\dental\data\detection_hierarchical_zenodo_kaggle_6class_auto_v3\images\train\base_val_base_test_19.png,base_val_base_test_19.png,train,existing,dhash,6,exclude
C:\Pywork\dental\dental\data\raw\brar_bone_resorption\extracted\level_3\patient_image_000904_89d0531b.jpg,level_3/patient_image_000904_89d0531b.jpg,roboflow,C:\Pywork\dental\dental\data\detection_hierarchical_zenodo_kaggle_6class_auto_v3\images\train\base_train_base_test_25.png,base_train_base_test_25.png,train,existing,dhash,8,exclude
C:\Pywork\dental\dental\data\raw\brar_bone_resorption\extracted\level_3\patient_image_000905_aa2ae462.jpg,level_3/patient_image_000905_aa2ae462.jpg,roboflow,C:\Pywork\dental\dental\data\detection_hierarchical_zenodo_kaggle_6class_auto_v3\images\train\base_test_base_cx_024780.jpg,base_test_base_cx_024780.jpg,train,existing,dhash,8,exclude
C:\Pywork\dental\dental\data\raw\brar_bone_resorption\extracted\level_3\patient_image_000906_05b770d1.jpg,level_3/patient_image_000906_05b770d1.jpg,roboflow,C:\Pywork\dental\dental\data\detection_hierarchical_zenodo_kaggle_6class_auto_v3\images\train\base_val_base_val_37.png,base_val_base_val_37.png,train,existing,dhash,8,exclude
C:\Pywork\dental\dental\data\raw\brar_bone_resorption\extracted\level_3\patient_image_000937_11903f79.jpg,level_3/patient_image_000937_11903f79.jpg,roboflow,C:\Pywork\dental\dental\data\detection_hierarchical_zenodo_kaggle_6class_auto_v3\images\train\base_test_base_cx_025332.jpg,base_test_base_cx_025332.jpg,train,existing,dhash,8,exclude
C:\Pywork\dental\dental\data\raw\brar_bone_resorption\extracted\level_3\patient_image_000943_2b5ab9e7.jpg,level_3/patient_image_000943_2b5ab9e7.jpg,roboflow,C:\Pywork\dental\dental\data\detection_hierarchical_zenodo_kaggle_6class_auto_v3\images\train\base_val_base_test_19.png,base_val_base_test_19.png,train,existing,dhash,5,exclude
C:\Pywork\dental\dental\data\raw\brar_bone_resorption\extracted\level_3\patient_image_000960_c07b9ae8.jpg,level_3/patient_image_000960_c07b9ae8.jpg,roboflow,C:\Pywork\dental\dental\data\detection_hierarchical_zenodo_kaggle_6class_auto_v3\images\train\base_test_base_umfih_v5.jpg,base_test_base_umfih_v5.jpg,train,existing,dhash,8,exclude
C:\Pywork\dental\dental\data\raw\brar_bone_resorption\extracted\level_3\patient_image_000979_83788988.jpg,level_3/patient_image_000979_83788988.jpg,roboflow,C:\Pywork\dental\dental\data\detection_hierarchical_zenodo_kaggle_6class_auto_v3\images\train\base_test_base_cx_027311.jpg,base_test_base_cx_027311.jpg,train,existing,dhash,8,exclude
C:\Pywork\dental\dental\data\raw\brar_bone_resorption\extracted\level_3\patient_image_000984_2be05c0e.jpg,level_3/patient_image_000984_2be05c0e.jpg,roboflow,C:\Pywork\dental\dental\data\detection_hierarchical_zenodo_kaggle_6class_auto_v3\images\train\base_train_base_umfih_1356.jpg,base_train_base_umfih_1356.jpg,train,existing,dhash,8,exclude
C:\Pywork\dental\dental\data\raw\brar_bone_resorption\extracted\level_1\patient_image_000022_4eb9fa52.jpg,level_1/patient_image_000022_4eb9fa52.jpg,roboflow,C:\Pywork\dental\dental\data\raw\brar_bone_resorption\extracted\level_1\patient_image_000006_4aa37c68.jpg,level_1/patient_image_000006_4aa37c68.jpg,roboflow,roboflow,dhash,8,exclude
C:\Pywork\dental\dental\data\raw\brar_bone_resorption\extracted\level_1\patient_image_000043_7dfff7e3.jpg,level_1/patient_image_000043_7dfff7e3.jpg,roboflow,C:\Pywork\dental\dental\data\raw\brar_bone_resorption\extracted\level_1\patient_image_000015_17fab6ee.jpg,level_1/patient_image_000015_17fab6ee.jpg,roboflow,roboflow,dhash,8,exclude
C:\Pywork\dental\dental\data\raw\brar_bone_resorption\extracted\level_1\patient_image_000057_5e79eb68.jpg,level_1/patient_image_000057_5e79eb68.jpg,roboflow,C:\Pywork\dental\dental\data\raw\brar_bone_resorption\extracted\level_1\patient_image_000043_7dfff7e3.jpg,level_1/patient_image_000043_7dfff7e3.jpg,roboflow,roboflow,dhash,6,exclude
C:\Pywork\dental\dental\data\raw\brar_bone_resorption\extracted\level_1\patient_image_000061_2d347679.jpg,level_1/patient_image_000061_2d347679.jpg,roboflow,C:\Pywork\dental\dental\data\raw\brar_bone_resorption\extracted\level_1\patient_image_000001_07f48740.jpg,level_1/patient_image_000001_07f48740.jpg,roboflow,roboflow,dhash,7,exclude
C:\Pywork\dental\dental\data\raw\brar_bone_resorption\extracted\level_1\patient_image_000070_5c483f70.jpg,level_1/patient_image_000070_5c483f70.jpg,roboflow,C:\Pywork\dental\dental\data\raw\brar_bone_resorption\extracted\level_1\patient_image_000042_d3a22881.jpg,level_1/patient_image_000042_d3a22881.jpg,roboflow,roboflow,dhash,8,exclude
C:\Pywork\dental\dental\data\raw\brar_bone_resorption\extracted\level_1\patient_image_000075_3ce079b5.jpg,level_1/patient_image_000075_3ce079b5.jpg,roboflow,C:\Pywork\dental\dental\data\raw\brar_bone_resorption\extracted\level_1\patient_image_000005_89a2810f.jpg,level_1/patient_image_000005_89a2810f.jpg,roboflow,roboflow,dhash,8,exclude
C:\Pywork\dental\dental\data\raw\brar_bone_resorption\extracted\level_1\patient_image_000076_bfd1d96f.jpg,level_1/patient_image_000076_bfd1d96f.jpg,roboflow,C:\Pywork\dental\dental\data\raw\brar_bone_resorption\extracted\level_1\patient_image_000056_f606ecd4.jpg,level_1/patient_image_000056_f606ecd4.jpg,roboflow,roboflow,dhash,7,exclude
C:\Pywork\dental\dental\data\raw\brar_bone_resorption\extracted\level_1\patient_image_000148_f7015263.jpg,level_1/patient_image_000148_f7015263.jpg,roboflow,C:\Pywork\dental\dental\data\raw\brar_bone_resorption\extracted\level_1\patient_image_000042_d3a22881.jpg,level_1/patient_image_000042_d3a22881.jpg,roboflow,roboflow,dhash,7,exclude
C:\Pywork\dental\dental\data\raw\brar_bone_resorption\extracted\level_1\patient_image_000154_72770c6b.jpg,level_1/patient_image_000154_72770c6b.jpg,roboflow,C:\Pywork\dental\dental\data\raw\brar_bone_resorption\extracted\level_1\patient_image_000110_d2b43f3e.jpg,level_1/patient_image_000110_d2b43f3e.jpg,roboflow,roboflow,dhash,7,exclude
C:\Pywork\dental\dental\data\raw\brar_bone_resorption\extracted\level_1\patient_image_000158_1a300db2.jpg,level_1/patient_image_000158_1a300db2.jpg,roboflow,C:\Pywork\dental\dental\data\raw\brar_bone_resorption\extracted\level_1\patient_image_000075_3ce079b5.jpg,level_1/patient_image_000075_3ce079b5.jpg,roboflow,roboflow,dhash,6,exclude
C:\Pywork\dental\dental\data\raw\brar_bone_resorption\extracted\level_1\patient_image_000169_5b675efb.jpg,level_1/patient_image_000169_5b675efb.jpg,roboflow,C:\Pywork\dental\dental\data\raw\brar_bone_resorption\extracted\level_1\patient_image_000148_f7015263.jpg,level_1/patient_image_000148_f7015263.jpg,roboflow,roboflow,dhash,7,exclude
C:\Pywork\dental\dental\data\raw\brar_bone_resorption\extracted\level_1\patient_image_000186_7c3fbae5.jpg,level_1/patient_image_000186_7c3fbae5.jpg,roboflow,C:\Pywork\dental\dental\data\raw\brar_bone_resorption\extracted\level_1\patient_image_000064_5e3832ed.jpg,level_1/patient_image_000064_5e3832ed.jpg,roboflow,roboflow,dhash,5,exclude
C:\Pywork\dental\dental\data\raw\brar_bone_resorption\extracted\level_1\patient_image_000192_ff419a8a.jpg,level_1/patient_image_000192_ff419a8a.jpg,roboflow,C:\Pywork\dental\dental\data\raw\brar_bone_resorption\extracted\level_1\patient_image_000154_72770c6b.jpg,level_1/patient_image_000154_72770c6b.jpg,roboflow,roboflow,dhash,5,exclude
C:\Pywork\dental\dental\data\raw\brar_bone_resorption\extracted\level_1\patient_image_000194_fde52b01.jpg,level_1/patient_image_000194_fde52b01.jpg,roboflow,C:\Pywork\dental\dental\data\raw\brar_bone_resorption\extracted\level_1\patient_image_000158_1a300db2.jpg,level_1/patient_image_000158_1a300db2.jpg,roboflow,roboflow,dhash,5,exclude
C:\Pywork\dental\dental\data\raw\brar_bone_resorption\extracted\level_1\patient_image_000226_e281f557.jpg,level_1/patient_image_000226_e281f557.jpg,roboflow,C:\Pywork\dental\dental\data\raw\brar_bone_resorption\extracted\level_1\patient_image_000192_ff419a8a.jpg,level_1/patient_image_000192_ff419a8a.jpg,roboflow,roboflow,dhash,7,exclude
C:\Pywork\dental\dental\data\raw\brar_bone_resorption\extracted\level_1\patient_image_000505_dc092d23.jpg,level_1/patient_image_000505_dc092d23.jpg,roboflow,C:\Pywork\dental\dental\data\raw\brar_bone_resorption\extracted\level_1\patient_image_000226_e281f557.jpg,level_1/patient_image_000226_e281f557.jpg,roboflow,roboflow,dhash,5,exclude
C:\Pywork\dental\dental\data\raw\brar_bone_resorption\extracted\level_1\patient_image_000511_9eb4c057.jpg,level_1/patient_image_000511_9eb4c057.jpg,roboflow,C:\Pywork\dental\dental\data\raw\brar_bone_resorption\extracted\level_1\patient_image_000507_a221a13c.jpg,level_1/patient_image_000507_a221a13c.jpg,roboflow,roboflow,dhash,5,exclude
C:\Pywork\dental\dental\data\raw\brar_bone_resorption\extracted\level_1\patient_image_000516_912d996b.jpg,level_1/patient_image_000516_912d996b.jpg,roboflow,C:\Pywork\dental\dental\data\raw\brar_bone_resorption\extracted\level_1\patient_image_000444_4592f458.jpg,level_1/patient_image_000444_4592f458.jpg,roboflow,roboflow,dhash,7,exclude
C:\Pywork\dental\dental\data\raw\brar_bone_resorption\extracted\level_1\patient_image_000517_8727624b.jpg,level_1/patient_image_000517_8727624b.jpg,roboflow,C:\Pywork\dental\dental\data\raw\brar_bone_resorption\extracted\level_1\patient_image_000513_5c47cd25.jpg,level_1/patient_image_000513_5c47cd25.jpg,roboflow,roboflow,dhash,8,exclude
C:\Pywork\dental\dental\data\raw\brar_bone_resorption\extracted\level_1\patient_image_000524_16efeae5.jpg,level_1/patient_image_000524_16efeae5.jpg,roboflow,C:\Pywork\dental\dental\data\raw\brar_bone_resorption\extracted\level_1\patient_image_000504_3c7f34ec.jpg,level_1/patient_image_000504_3c7f34ec.jpg,roboflow,roboflow,dhash,5,exclude
C:\Pywork\dental\dental\data\raw\brar_bone_resorption\extracted\level_1\patient_image_000526_401bc35c.jpg,level_1/patient_image_000526_401bc35c.jpg,roboflow,C:\Pywork\dental\dental\data\raw\brar_bone_resorption\extracted\level_1\patient_image_000444_4592f458.jpg,level_1/patient_image_000444_4592f458.jpg,roboflow,roboflow,dhash,7,exclude
C:\Pywork\dental\dental\data\raw\brar_bone_resorption\extracted\level_1\patient_image_000528_55eaf23d.jpg,level_1/patient_image_000528_55eaf23d.jpg,roboflow,C:\Pywork\dental\dental\data\raw\brar_bone_resorption\extracted\level_1\patient_image_000505_dc092d23.jpg,level_1/patient_image_000505_dc092d23.jpg,roboflow,roboflow,dhash,7,exclude
C:\Pywork\dental\dental\data\raw\brar_bone_resorption\extracted\level_1\patient_image_000531_cd6d4f9c.jpg,level_1/patient_image_000531_cd6d4f9c.jpg,roboflow,C:\Pywork\dental\dental\data\raw\brar_bone_resorption\extracted\level_1\patient_image_000513_5c47cd25.jpg,level_1/patient_image_000513_5c47cd25.jpg,roboflow,roboflow,dhash,8,exclude
C:\Pywork\dental\dental\data\raw\brar_bone_resorption\extracted\level_1\patient_image_000532_af62c840.jpg,level_1/patient_image_000532_af62c840.jpg,roboflow,C:\Pywork\dental\dental\data\raw\brar_bone_resorption\extracted\level_1\patient_image_000465_983a2516.jpg,level_1/patient_image_000465_983a2516.jpg,roboflow,roboflow,dhash,8,exclude
C:\Pywork\dental\dental\data\raw\brar_bone_resorption\extracted\level_1\patient_image_000533_91bc5b53.jpg,level_1/patient_image_000533_91bc5b53.jpg,roboflow,C:\Pywork\dental\dental\data\raw\brar_bone_resorption\extracted\level_1\patient_image_000444_4592f458.jpg,level_1/patient_image_000444_4592f458.jpg,roboflow,roboflow,dhash,7,exclude
C:\Pywork\dental\dental\data\raw\brar_bone_resorption\extracted\level_1\patient_image_000535_44b5a8c9.jpg,level_1/patient_image_000535_44b5a8c9.jpg,roboflow,C:\Pywork\dental\dental\data\raw\brar_bone_resorption\extracted\level_1\patient_image_000513_5c47cd25.jpg,level_1/patient_image_000513_5c47cd25.jpg,roboflow,roboflow,dhash,5,exclude
C:\Pywork\dental\dental\data\raw\brar_bone_resorption\extracted\level_1\patient_image_000537_fe1e9818.jpg,level_1/patient_image_000537_fe1e9818.jpg,roboflow,C:\Pywork\dental\dental\data\raw\brar_bone_resorption\extracted\level_1\patient_image_000507_a221a13c.jpg,level_1/patient_image_000507_a221a13c.jpg,roboflow,roboflow,dhash,7,exclude
C:\Pywork\dental\dental\data\raw\brar_bone_resorption\extracted\level_1\patient_image_000540_f3a19119.jpg,level_1/patient_image_000540_f3a19119.jpg,roboflow,C:\Pywork\dental\dental\data\raw\brar_bone_resorption\extracted\level_1\patient_image_000511_9eb4c057.jpg,level_1/patient_image_000511_9eb4c057.jpg,roboflow,roboflow,dhash,7,exclude
C:\Pywork\dental\dental\data\raw\brar_bone_resorption\extracted\level_1\patient_image_000554_de5f4e2a.jpg,level_1/patient_image_000554_de5f4e2a.jpg,roboflow,C:\Pywork\dental\dental\data\raw\brar_bone_resorption\extracted\level_1\patient_image_000535_44b5a8c9.jpg,level_1/patient_image_000535_44b5a8c9.jpg,roboflow,roboflow,dhash,6,exclude
C:\Pywork\dental\dental\data\raw\brar_bone_resorption\extracted\level_1\patient_image_000557_ef03aa7a.jpg,level_1/patient_image_000557_ef03aa7a.jpg,roboflow,C:\Pywork\dental\dental\data\raw\brar_bone_resorption\extracted\level_1\patient_image_000444_4592f458.jpg,level_1/patient_image_000444_4592f458.jpg,roboflow,roboflow,dhash,6,exclude
C:\Pywork\dental\dental\data\raw\brar_bone_resorption\extracted\level_1\patient_image_000559_a0f01261.jpg,level_1/patient_image_000559_a0f01261.jpg,roboflow,C:\Pywork\dental\dental\data\raw\brar_bone_resorption\extracted\level_1\patient_image_000536_f7e8a5a5.jpg,level_1/patient_image_000536_f7e8a5a5.jpg,roboflow,roboflow,dhash,6,exclude
C:\Pywork\dental\dental\data\raw\brar_bone_resorption\extracted\level_1\patient_image_000565_563d2976.jpg,level_1/patient_image_000565_563d2976.jpg,roboflow,C:\Pywork\dental\dental\data\raw\brar_bone_resorption\extracted\level_1\patient_image_000520_7753c29b.jpg,level_1/patient_image_000520_7753c29b.jpg,roboflow,roboflow,dhash,6,exclude
C:\Pywork\dental\dental\data\raw\brar_bone_resorption\extracted\level_1\patient_image_000570_3514f729.jpg,level_1/patient_image_000570_3514f729.jpg,roboflow,C:\Pywork\dental\dental\data\raw\brar_bone_resorption\extracted\level_1\patient_image_000557_ef03aa7a.jpg,level_1/patient_image_000557_ef03aa7a.jpg,roboflow,roboflow,dhash,5,exclude
C:\Pywork\dental\dental\data\raw\brar_bone_resorption\extracted\level_1\patient_image_000571_5c273975.jpg,level_1/patient_image_000571_5c273975.jpg,roboflow,C:\Pywork\dental\dental\data\raw\brar_bone_resorption\extracted\level_1\patient_image_000192_ff419a8a.jpg,level_1/patient_image_000192_ff419a8a.jpg,roboflow,roboflow,dhash,8,exclude
C:\Pywork\dental\dental\data\raw\brar_bone_resorption\extracted\level_1\patient_image_000577_bc5aace6.jpg,level_1/patient_image_000577_bc5aace6.jpg,roboflow,C:\Pywork\dental\dental\data\raw\brar_bone_resorption\extracted\level_1\patient_image_000519_099c1627.jpg,level_1/patient_image_000519_099c1627.jpg,roboflow,roboflow,dhash,8,exclude
C:\Pywork\dental\dental\data\raw\brar_bone_resorption\extracted\level_1\patient_image_000582_492951ef.jpg,level_1/patient_image_000582_492951ef.jpg,roboflow,C:\Pywork\dental\dental\data\raw\brar_bone_resorption\extracted\level_1\patient_image_000022_4eb9fa52.jpg,level_1/patient_image_000022_4eb9fa52.jpg,roboflow,roboflow,dhash,7,exclude
C:\Pywork\dental\dental\data\raw\brar_bone_resorption\extracted\level_1\patient_image_000587_cea1c4ba.jpg,level_1/patient_image_000587_cea1c4ba.jpg,roboflow,C:\Pywork\dental\dental\data\raw\brar_bone_resorption\extracted\level_1\patient_image_000524_16efeae5.jpg,level_1/patient_image_000524_16efeae5.jpg,roboflow,roboflow,dhash,5,exclude
C:\Pywork\dental\dental\data\raw\brar_bone_resorption\extracted\level_1\patient_image_000589_28416cf6.jpg,level_1/patient_image_000589_28416cf6.jpg,roboflow,C:\Pywork\dental\dental\data\raw\brar_bone_resorption\extracted\level_1\patient_image_000537_fe1e9818.jpg,level_1/patient_image_000537_fe1e9818.jpg,roboflow,roboflow,dhash,6,exclude
C:\Pywork\dental\dental\data\raw\brar_bone_resorption\extracted\level_1\patient_image_000593_14b206e2.jpg,level_1/patient_image_000593_14b206e2.jpg,roboflow,C:\Pywork\dental\dental\data\raw\brar_bone_resorption\extracted\level_1\patient_image_000582_492951ef.jpg,level_1/patient_image_000582_492951ef.jpg,roboflow,roboflow,dhash,5,exclude
C:\Pywork\dental\dental\data\raw\brar_bone_resorption\extracted\level_1\patient_image_000600_c839e11e.jpg,level_1/patient_image_000600_c839e11e.jpg,roboflow,C:\Pywork\dental\dental\data\raw\brar_bone_resorption\extracted\level_1\patient_image_000515_62943aaa.jpg,level_1/patient_image_000515_62943aaa.jpg,roboflow,roboflow,dhash,6,exclude
C:\Pywork\dental\dental\data\raw\brar_bone_resorption\extracted\level_1\patient_image_000602_2b495970.jpg,level_1/patient_image_000602_2b495970.jpg,roboflow,C:\Pywork\dental\dental\data\raw\brar_bone_resorption\extracted\level_1\patient_image_000526_401bc35c.jpg,level_1/patient_image_000526_401bc35c.jpg,roboflow,roboflow,dhash,7,exclude
C:\Pywork\dental\dental\data\raw\brar_bone_resorption\extracted\level_1\patient_image_000605_1246abbb.jpg,level_1/patient_image_000605_1246abbb.jpg,roboflow,C:\Pywork\dental\dental\data\raw\brar_bone_resorption\extracted\level_1\patient_image_000602_2b495970.jpg,level_1/patient_image_000602_2b495970.jpg,roboflow,roboflow,dhash,8,exclude
C:\Pywork\dental\dental\data\raw\brar_bone_resorption\extracted\level_1\patient_image_000610_ee46a35a.jpg,level_1/patient_image_000610_ee46a35a.jpg,roboflow,C:\Pywork\dental\dental\data\raw\brar_bone_resorption\extracted\level_1\patient_image_000507_a221a13c.jpg,level_1/patient_image_000507_a221a13c.jpg,roboflow,roboflow,dhash,7,exclude
C:\Pywork\dental\dental\data\raw\brar_bone_resorption\extracted\level_1\patient_image_000614_f2439032.jpg,level_1/patient_image_000614_f2439032.jpg,roboflow,C:\Pywork\dental\dental\data\raw\brar_bone_resorption\extracted\level_1\patient_image_000534_005e53f2.jpg,level_1/patient_image_000534_005e53f2.jpg,roboflow,roboflow,dhash,6,exclude
C:\Pywork\dental\dental\data\raw\brar_bone_resorption\extracted\level_1\patient_image_000615_e0ec9749.jpg,level_1/patient_image_000615_e0ec9749.jpg,roboflow,C:\Pywork\dental\dental\data\raw\brar_bone_resorption\extracted\level_1\patient_image_000537_fe1e9818.jpg,level_1/patient_image_000537_fe1e9818.jpg,roboflow,roboflow,dhash,8,exclude
C:\Pywork\dental\dental\data\raw\brar_bone_resorption\extracted\level_1\patient_image_000617_3cde53b6.jpg,level_1/patient_image_000617_3cde53b6.jpg,roboflow,C:\Pywork\dental\dental\data\raw\brar_bone_resorption\extracted\level_1\patient_image_000226_e281f557.jpg,level_1/patient_image_000226_e281f557.jpg,roboflow,roboflow,dhash,8,exclude
C:\Pywork\dental\dental\data\raw\brar_bone_resorption\extracted\level_1\patient_image_000622_070cc0b5.jpg,level_1/patient_image_000622_070cc0b5.jpg,roboflow,C:\Pywork\dental\dental\data\raw\brar_bone_resorption\extracted\level_1\patient_image_000537_fe1e9818.jpg,level_1/patient_image_000537_fe1e9818.jpg,roboflow,roboflow,dhash,8,exclude
C:\Pywork\dental\dental\data\raw\brar_bone_resorption\extracted\level_1\patient_image_000630_c4a6d96b.jpg,level_1/patient_image_000630_c4a6d96b.jpg,roboflow,C:\Pywork\dental\dental\data\raw\brar_bone_resorption\extracted\level_1\patient_image_000582_492951ef.jpg,level_1/patient_image_000582_492951ef.jpg,roboflow,roboflow,dhash,6,exclude
C:\Pywork\dental\dental\data\raw\brar_bone_resorption\extracted\level_1\patient_image_000632_e4c45dbd.jpg,level_1/patient_image_000632_e4c45dbd.jpg,roboflow,C:\Pywork\dental\dental\data\raw\brar_bone_resorption\extracted\level_1\patient_image_000022_4eb9fa52.jpg,level_1/patient_image_000022_4eb9fa52.jpg,roboflow,roboflow,dhash,8,exclude
C:\Pywork\dental\dental\data\raw\brar_bone_resorption\extracted\level_1\patient_image_000638_8c410f94.jpg,level_1/patient_image_000638_8c410f94.jpg,roboflow,C:\Pywork\dental\dental\data\raw\brar_bone_resorption\extracted\level_1\patient_image_000516_912d996b.jpg,level_1/patient_image_000516_912d996b.jpg,roboflow,roboflow,dhash,8,exclude
C:\Pywork\dental\dental\data\raw\brar_bone_resorption\extracted\level_1\patient_image_000647_262f9013.jpg,level_1/patient_image_000647_262f9013.jpg,roboflow,C:\Pywork\dental\dental\data\raw\brar_bone_resorption\extracted\level_1\patient_image_000550_490d2eea.jpg,level_1/patient_image_000550_490d2eea.jpg,roboflow,roboflow,dhash,8,exclude
C:\Pywork\dental\dental\data\raw\brar_bone_resorption\extracted\level_1\patient_image_000651_4dc31d8d.jpg,level_1/patient_image_000651_4dc31d8d.jpg,roboflow,C:\Pywork\dental\dental\data\raw\brar_bone_resorption\extracted\level_1\patient_image_000526_401bc35c.jpg,level_1/patient_image_000526_401bc35c.jpg,roboflow,roboflow,dhash,8,exclude
C:\Pywork\dental\dental\data\raw\brar_bone_resorption\extracted\level_1\patient_image_000666_675dce47.jpg,level_1/patient_image_000666_675dce47.jpg,roboflow,C:\Pywork\dental\dental\data\raw\brar_bone_resorption\extracted\level_1\patient_image_000513_5c47cd25.jpg,level_1/patient_image_000513_5c47cd25.jpg,roboflow,roboflow,dhash,8,exclude
C:\Pywork\dental\dental\data\raw\brar_bone_resorption\extracted\level_1\patient_image_000676_2be85690.jpg,level_1/patient_image_000676_2be85690.jpg,roboflow,C:\Pywork\dental\dental\data\raw\brar_bone_resorption\extracted\level_1\patient_image_000565_563d2976.jpg,level_1/patient_image_000565_563d2976.jpg,roboflow,roboflow,dhash,7,exclude
C:\Pywork\dental\dental\data\raw\brar_bone_resorption\extracted\level_1\patient_image_000682_2c28be4a.jpg,level_1/patient_image_000682_2c28be4a.jpg,roboflow,C:\Pywork\dental\dental\data\raw\brar_bone_resorption\extracted\level_1\patient_image_000587_cea1c4ba.jpg,level_1/patient_image_000587_cea1c4ba.jpg,roboflow,roboflow,dhash,7,exclude
C:\Pywork\dental\dental\data\raw\brar_bone_resorption\extracted\level_1\patient_image_000686_fd5f5f8e.jpg,level_1/patient_image_000686_fd5f5f8e.jpg,roboflow,C:\Pywork\dental\dental\data\raw\brar_bone_resorption\extracted\level_1\patient_image_000533_91bc5b53.jpg,level_1/patient_image_000533_91bc5b53.jpg,roboflow,roboflow,dhash,6,exclude
C:\Pywork\dental\dental\data\raw\brar_bone_resorption\extracted\level_1\patient_image_000731_0c941f5d.jpg,level_1/patient_image_000731_0c941f5d.jpg,roboflow,C:\Pywork\dental\dental\data\raw\brar_bone_resorption\extracted\level_1\patient_image_000507_a221a13c.jpg,level_1/patient_image_000507_a221a13c.jpg,roboflow,roboflow,dhash,8,exclude
C:\Pywork\dental\dental\data\raw\brar_bone_resorption\extracted\level_1\patient_image_000743_18258df1.jpg,level_1/patient_image_000743_18258df1.jpg,roboflow,C:\Pywork\dental\dental\data\raw\brar_bone_resorption\extracted\level_1\patient_image_000577_bc5aace6.jpg,level_1/patient_image_000577_bc5aace6.jpg,roboflow,roboflow,dhash,8,exclude
C:\Pywork\dental\dental\data\raw\brar_bone_resorption\extracted\level_1\patient_image_000759_e1218872.jpg,level_1/patient_image_000759_e1218872.jpg,roboflow,C:\Pywork\dental\dental\data\raw\brar_bone_resorption\extracted\level_1\patient_image_000699_c177b5d0.jpg,level_1/patient_image_000699_c177b5d0.jpg,roboflow,roboflow,dhash,7,exclude
C:\Pywork\dental\dental\data\raw\brar_bone_resorption\extracted\level_1\patient_image_000778_ddc2800e.jpg,level_1/patient_image_000778_ddc2800e.jpg,roboflow,C:\Pywork\dental\dental\data\raw\brar_bone_resorption\extracted\level_1\patient_image_000533_91bc5b53.jpg,level_1/patient_image_000533_91bc5b53.jpg,roboflow,roboflow,dhash,5,exclude
C:\Pywork\dental\dental\data\raw\brar_bone_resorption\extracted\level_1\patient_image_000779_3e8dcf4c.jpg,level_1/patient_image_000779_3e8dcf4c.jpg,roboflow,C:\Pywork\dental\dental\data\raw\brar_bone_resorption\extracted\level_1\patient_image_000703_b50c05bd.jpg,level_1/patient_image_000703_b50c05bd.jpg,roboflow,roboflow,dhash,7,exclude
C:\Pywork\dental\dental\data\raw\brar_bone_resorption\extracted\level_1\patient_image_000787_cbf5e397.jpg,level_1/patient_image_000787_cbf5e397.jpg,roboflow,C:\Pywork\dental\dental\data\raw\brar_bone_resorption\extracted\level_1\patient_image_000612_dfaa6d06.jpg,level_1/patient_image_000612_dfaa6d06.jpg,roboflow,roboflow,dhash,8,exclude
C:\Pywork\dental\dental\data\raw\brar_bone_resorption\extracted\level_1\patient_image_000789_7be9cfb3.jpg,level_1/patient_image_000789_7be9cfb3.jpg,roboflow,C:\Pywork\dental\dental\data\raw\brar_bone_resorption\extracted\level_1\patient_image_000602_2b495970.jpg,level_1/patient_image_000602_2b495970.jpg,roboflow,roboflow,dhash,8,exclude
C:\Pywork\dental\dental\data\raw\brar_bone_resorption\extracted\level_1\patient_image_000797_d21f4490.jpg,level_1/patient_image_000797_d21f4490.jpg,roboflow,C:\Pywork\dental\dental\data\raw\brar_bone_resorption\extracted\level_1\patient_image_000535_44b5a8c9.jpg,level_1/patient_image_000535_44b5a8c9.jpg,roboflow,roboflow,dhash,8,exclude
C:\Pywork\dental\dental\data\raw\brar_bone_resorption\extracted\level_1\patient_image_000803_09145696.jpg,level_1/patient_image_000803_09145696.jpg,roboflow,C:\Pywork\dental\dental\data\raw\brar_bone_resorption\extracted\level_1\patient_image_000520_7753c29b.jpg,level_1/patient_image_000520_7753c29b.jpg,roboflow,roboflow,dhash,5,exclude
C:\Pywork\dental\dental\data\raw\brar_bone_resorption\extracted\level_1\patient_image_000828_fafe0387.jpg,level_1/patient_image_000828_fafe0387.jpg,roboflow,C:\Pywork\dental\dental\data\raw\brar_bone_resorption\extracted\level_1\patient_image_000759_e1218872.jpg,level_1/patient_image_000759_e1218872.jpg,roboflow,roboflow,dhash,7,exclude
C:\Pywork\dental\dental\data\raw\brar_bone_resorption\extracted\level_1\patient_image_000861_aabc76f1.jpg,level_1/patient_image_000861_aabc76f1.jpg,roboflow,C:\Pywork\dental\dental\data\raw\brar_bone_resorption\extracted\level_1\patient_image_000516_912d996b.jpg,level_1/patient_image_000516_912d996b.jpg,roboflow,roboflow,dhash,6,exclude
C:\Pywork\dental\dental\data\raw\brar_bone_resorption\extracted\level_2\patient_image_000009_ea22106e.jpg,level_2/patient_image_000009_ea22106e.jpg,roboflow,C:\Pywork\dental\dental\data\raw\brar_bone_resorption\extracted\level_1\patient_image_000505_dc092d23.jpg,level_1/patient_image_000505_dc092d23.jpg,roboflow,roboflow,dhash,5,exclude
C:\Pywork\dental\dental\data\raw\brar_bone_resorption\extracted\level_2\patient_image_000012_86f50079.jpg,level_2/patient_image_000012_86f50079.jpg,roboflow,C:\Pywork\dental\dental\data\raw\brar_bone_resorption\extracted\level_1\patient_image_000043_7dfff7e3.jpg,level_1/patient_image_000043_7dfff7e3.jpg,roboflow,roboflow,dhash,5,exclude
C:\Pywork\dental\dental\data\raw\brar_bone_resorption\extracted\level_2\patient_image_000016_ab713879.jpg,level_2/patient_image_000016_ab713879.jpg,roboflow,C:\Pywork\dental\dental\data\raw\brar_bone_resorption\extracted\level_1\patient_image_000524_16efeae5.jpg,level_1/patient_image_000524_16efeae5.jpg,roboflow,roboflow,dhash,6,exclude
C:\Pywork\dental\dental\data\raw\brar_bone_resorption\extracted\level_2\patient_image_000018_38bd4f5d.jpg,level_2/patient_image_000018_38bd4f5d.jpg,roboflow,C:\Pywork\dental\dental\data\raw\brar_bone_resorption\extracted\level_1\patient_image_000569_1acf7257.jpg,level_1/patient_image_000569_1acf7257.jpg,roboflow,roboflow,dhash,6,exclude
C:\Pywork\dental\dental\data\raw\brar_bone_resorption\extracted\level_2\patient_image_000045_0bb8bfd1.jpg,level_2/patient_image_000045_0bb8bfd1.jpg,roboflow,C:\Pywork\dental\dental\data\raw\brar_bone_resorption\extracted\level_1\patient_image_000505_dc092d23.jpg,level_1/patient_image_000505_dc092d23.jpg,roboflow,roboflow,dhash,7,exclude
C:\Pywork\dental\dental\data\raw\brar_bone_resorption\extracted\level_2\patient_image_000048_8f55577f.jpg,level_2/patient_image_000048_8f55577f.jpg,roboflow,C:\Pywork\dental\dental\data\raw\brar_bone_resorption\extracted\level_1\patient_image_000061_2d347679.jpg,level_1/patient_image_000061_2d347679.jpg,roboflow,roboflow,dhash,7,exclude
C:\Pywork\dental\dental\data\raw\brar_bone_resorption\extracted\level_2\patient_image_000051_004f2f5d.jpg,level_2/patient_image_000051_004f2f5d.jpg,roboflow,C:\Pywork\dental\dental\data\raw\brar_bone_resorption\extracted\level_1\patient_image_000105_1b343ea2.jpg,level_1/patient_image_000105_1b343ea2.jpg,roboflow,roboflow,dhash,8,exclude
C:\Pywork\dental\dental\data\raw\brar_bone_resorption\extracted\level_2\patient_image_000052_bb58bec5.jpg,level_2/patient_image_000052_bb58bec5.jpg,roboflow,C:\Pywork\dental\dental\data\raw\brar_bone_resorption\extracted\level_1\patient_image_000577_bc5aace6.jpg,level_1/patient_image_000577_bc5aace6.jpg,roboflow,roboflow,dhash,6,exclude
C:\Pywork\dental\dental\data\raw\brar_bone_resorption\extracted\level_2\patient_image_000058_0d2690d1.jpg,level_2/patient_image_000058_0d2690d1.jpg,roboflow,C:\Pywork\dental\dental\data\raw\brar_bone_resorption\extracted\level_1\patient_image_000110_d2b43f3e.jpg,level_1/patient_image_000110_d2b43f3e.jpg,roboflow,roboflow,dhash,5,exclude
C:\Pywork\dental\dental\data\raw\brar_bone_resorption\extracted\level_2\patient_image_000067_0aab16a7.jpg,level_2/patient_image_000067_0aab16a7.jpg,roboflow,C:\Pywork\dental\dental\data\raw\brar_bone_resorption\extracted\level_1\patient_image_000022_4eb9fa52.jpg,level_1/patient_image_000022_4eb9fa52.jpg,roboflow,roboflow,dhash,6,exclude
C:\Pywork\dental\dental\data\raw\brar_bone_resorption\extracted\level_2\patient_image_000072_24a7ca89.jpg,level_2/patient_image_000072_24a7ca89.jpg,roboflow,C:\Pywork\dental\dental\data\raw\brar_bone_resorption\extracted\level_1\patient_image_000152_2fac999b.jpg,level_1/patient_image_000152_2fac999b.jpg,roboflow,roboflow,dhash,8,exclude
C:\Pywork\dental\dental\data\raw\brar_bone_resorption\extracted\level_2\patient_image_000078_888484a1.jpg,level_2/patient_image_000078_888484a1.jpg,roboflow,C:\Pywork\dental\dental\data\raw\brar_bone_resorption\extracted\level_1\patient_image_000194_fde52b01.jpg,level_1/patient_image_000194_fde52b01.jpg,roboflow,roboflow,dhash,8,exclude
C:\Pywork\dental\dental\data\raw\brar_bone_resorption\extracted\level_2\patient_image_000079_466ed8fb.jpg,level_2/patient_image_000079_466ed8fb.jpg,roboflow,C:\Pywork\dental\dental\data\raw\brar_bone_resorption\extracted\level_1\patient_image_000056_f606ecd4.jpg,level_1/patient_image_000056_f606ecd4.jpg,roboflow,roboflow,dhash,7,exclude
C:\Pywork\dental\dental\data\raw\brar_bone_resorption\extracted\level_2\patient_image_000083_69520d04.jpg,level_2/patient_image_000083_69520d04.jpg,roboflow,C:\Pywork\dental\dental\data\raw\brar_bone_resorption\extracted\level_1\patient_image_000528_55eaf23d.jpg,level_1/patient_image_000528_55eaf23d.jpg,roboflow,roboflow,dhash,7,exclude
C:\Pywork\dental\dental\data\raw\brar_bone_resorption\extracted\level_2\patient_image_000091_402cb864.jpg,level_2/patient_image_000091_402cb864.jpg,roboflow,C:\Pywork\dental\dental\data\raw\brar_bone_resorption\extracted\level_1\patient_image_000532_af62c840.jpg,level_1/patient_image_000532_af62c840.jpg,roboflow,roboflow,dhash,8,exclude
C:\Pywork\dental\dental\data\raw\brar_bone_resorption\extracted\level_2\patient_image_000093_c5658ef3.jpg,level_2/patient_image_000093_c5658ef3.jpg,roboflow,C:\Pywork\dental\dental\data\raw\brar_bone_resorption\extracted\level_2\patient_image_000012_86f50079.jpg,level_2/patient_image_000012_86f50079.jpg,roboflow,roboflow,dhash,7,exclude
C:\Pywork\dental\dental\data\raw\brar_bone_resorption\extracted\level_2\patient_image_000094_7b1f8dd3.jpg,level_2/patient_image_000094_7b1f8dd3.jpg,roboflow,C:\Pywork\dental\dental\data\raw\brar_bone_resorption\extracted\level_2\patient_image_000048_8f55577f.jpg,level_2/patient_image_000048_8f55577f.jpg,roboflow,roboflow,dhash,5,exclude
C:\Pywork\dental\dental\data\raw\brar_bone_resorption\extracted\level_2\patient_image_000097_ca98b862.jpg,level_2/patient_image_000097_ca98b862.jpg,roboflow,C:\Pywork\dental\dental\data\raw\brar_bone_resorption\extracted\level_1\patient_image_000505_dc092d23.jpg,level_1/patient_image_000505_dc092d23.jpg,roboflow,roboflow,dhash,8,exclude
C:\Pywork\dental\dental\data\raw\brar_bone_resorption\extracted\level_2\patient_image_000098_998fc38b.jpg,level_2/patient_image_000098_998fc38b.jpg,roboflow,C:\Pywork\dental\dental\data\raw\brar_bone_resorption\extracted\level_1\patient_image_000022_4eb9fa52.jpg,level_1/patient_image_000022_4eb9fa52.jpg,roboflow,roboflow,dhash,6,exclude
C:\Pywork\dental\dental\data\raw\brar_bone_resorption\extracted\level_2\patient_image_000099_5a285290.jpg,level_2/patient_image_000099_5a285290.jpg,roboflow,C:\Pywork\dental\dental\data\raw\brar_bone_resorption\extracted\level_1\patient_image_000194_fde52b01.jpg,level_1/patient_image_000194_fde52b01.jpg,roboflow,roboflow,dhash,6,exclude
C:\Pywork\dental\dental\data\raw\brar_bone_resorption\extracted\level_2\patient_image_000100_759b168c.jpg,level_2/patient_image_000100_759b168c.jpg,roboflow,C:\Pywork\dental\dental\data\raw\brar_bone_resorption\extracted\level_1\patient_image_000001_07f48740.jpg,level_1/patient_image_000001_07f48740.jpg,roboflow,roboflow,dhash,6,exclude
C:\Pywork\dental\dental\data\raw\brar_bone_resorption\extracted\level_2\patient_image_000102_faca9771.jpg,level_2/patient_image_000102_faca9771.jpg,roboflow,C:\Pywork\dental\dental\data\raw\brar_bone_resorption\extracted\level_1\patient_image_000577_bc5aace6.jpg,level_1/patient_image_000577_bc5aace6.jpg,roboflow,roboflow,dhash,6,exclude
C:\Pywork\dental\dental\data\raw\brar_bone_resorption\extracted\level_2\patient_image_000107_3ad8506d.jpg,level_2/patient_image_000107_3ad8506d.jpg,roboflow,C:\Pywork\dental\dental\data\raw\brar_bone_resorption\extracted\level_1\patient_image_000148_f7015263.jpg,level_1/patient_image_000148_f7015263.jpg,roboflow,roboflow,dhash,8,exclude
C:\Pywork\dental\dental\data\raw\brar_bone_resorption\extracted\level_2\patient_image_000114_531bba93.jpg,level_2/patient_image_000114_531bba93.jpg,roboflow,C:\Pywork\dental\dental\data\raw\brar_bone_resorption\extracted\level_1\patient_image_000043_7dfff7e3.jpg,level_1/patient_image_000043_7dfff7e3.jpg,roboflow,roboflow,dhash,5,exclude
C:\Pywork\dental\dental\data\raw\brar_bone_resorption\extracted\level_2\patient_image_000117_da187e7e.jpg,level_2/patient_image_000117_da187e7e.jpg,roboflow,C:\Pywork\dental\dental\data\raw\brar_bone_resorption\extracted\level_1\patient_image_000569_1acf7257.jpg,level_1/patient_image_000569_1acf7257.jpg,roboflow,roboflow,dhash,8,exclude
C:\Pywork\dental\dental\data\raw\brar_bone_resorption\extracted\level_2\patient_image_000118_dddc8ac1.jpg,level_2/patient_image_000118_dddc8ac1.jpg,roboflow,C:\Pywork\dental\dental\data\raw\brar_bone_resorption\extracted\level_1\patient_image_000014_5e758ad3.jpg,level_1/patient_image_000014_5e758ad3.jpg,roboflow,roboflow,dhash,8,exclude
C:\Pywork\dental\dental\data\raw\brar_bone_resorption\extracted\level_2\patient_image_000120_0070a102.jpg,level_2/patient_image_000120_0070a102.jpg,roboflow,C:\Pywork\dental\dental\data\raw\brar_bone_resorption\extracted\level_1\patient_image_000803_09145696.jpg,level_1/patient_image_000803_09145696.jpg,roboflow,roboflow,dhash,7,exclude
C:\Pywork\dental\dental\data\raw\brar_bone_resorption\extracted\level_2\patient_image_000121_c77f2c83.jpg,level_2/patient_image_000121_c77f2c83.jpg,roboflow,C:\Pywork\dental\dental\data\raw\brar_bone_resorption\extracted\level_1\patient_image_000015_17fab6ee.jpg,level_1/patient_image_000015_17fab6ee.jpg,roboflow,roboflow,dhash,8,exclude
C:\Pywork\dental\dental\data\raw\brar_bone_resorption\extracted\level_2\patient_image_000122_36a9e7b6.jpg,level_2/patient_image_000122_36a9e7b6.jpg,roboflow,C:\Pywork\dental\dental\data\raw\brar_bone_resorption\extracted\level_1\patient_image_000041_3419cc4a.jpg,level_1/patient_image_000041_3419cc4a.jpg,roboflow,roboflow,dhash,5,exclude
C:\Pywork\dental\dental\data\raw\brar_bone_resorption\extracted\level_2\patient_image_000125_179d73b8.jpg,level_2/patient_image_000125_179d73b8.jpg,roboflow,C:\Pywork\dental\dental\data\raw\brar_bone_resorption\extracted\level_1\patient_image_000043_7dfff7e3.jpg,level_1/patient_image_000043_7dfff7e3.jpg,roboflow,roboflow,dhash,6,exclude
C:\Pywork\dental\dental\data\raw\brar_bone_resorption\extracted\level_2\patient_image_000127_924013a0.jpg,level_2/patient_image_000127_924013a0.jpg,roboflow,C:\Pywork\dental\dental\data\raw\brar_bone_resorption\extracted\level_1\patient_image_000010_5ed86d8c.jpg,level_1/patient_image_000010_5ed86d8c.jpg,roboflow,roboflow,dhash,8,exclude
C:\Pywork\dental\dental\data\raw\brar_bone_resorption\extracted\level_2\patient_image_000129_a876f783.jpg,level_2/patient_image_000129_a876f783.jpg,roboflow,C:\Pywork\dental\dental\data\raw\brar_bone_resorption\extracted\level_2\patient_image_000091_402cb864.jpg,level_2/patient_image_000091_402cb864.jpg,roboflow,roboflow,dhash,8,exclude
C:\Pywork\dental\dental\data\raw\brar_bone_resorption\extracted\level_2\patient_image_000130_ac295d3a.jpg,level_2/patient_image_000130_ac295d3a.jpg,roboflow,C:\Pywork\dental\dental\data\raw\brar_bone_resorption\extracted\level_2\patient_image_000094_7b1f8dd3.jpg,level_2/patient_image_000094_7b1f8dd3.jpg,roboflow,roboflow,dhash,7,exclude
C:\Pywork\dental\dental\data\raw\brar_bone_resorption\extracted\level_2\patient_image_000132_5034156b.jpg,level_2/patient_image_000132_5034156b.jpg,roboflow,C:\Pywork\dental\dental\data\raw\brar_bone_resorption\extracted\level_2\patient_image_000009_ea22106e.jpg,level_2/patient_image_000009_ea22106e.jpg,roboflow,roboflow,dhash,5,exclude
C:\Pywork\dental\dental\data\raw\brar_bone_resorption\extracted\level_2\patient_image_000135_32f01435.jpg,level_2/patient_image_000135_32f01435.jpg,roboflow,C:\Pywork\dental\dental\data\raw\brar_bone_resorption\extracted\level_1\patient_image_000055_084cf9be.jpg,level_1/patient_image_000055_084cf9be.jpg,roboflow,roboflow,dhash,6,exclude
C:\Pywork\dental\dental\data\raw\brar_bone_resorption\extracted\level_2\patient_image_000136_13ff14b0.jpg,level_2/patient_image_000136_13ff14b0.jpg,roboflow,C:\Pywork\dental\dental\data\raw\brar_bone_resorption\extracted\level_2\patient_image_000058_0d2690d1.jpg,level_2/patient_image_000058_0d2690d1.jpg,roboflow,roboflow,dhash,5,exclude
C:\Pywork\dental\dental\data\raw\brar_bone_resorption\extracted\level_2\patient_image_000137_4a92164f.jpg,level_2/patient_image_000137_4a92164f.jpg,roboflow,C:\Pywork\dental\dental\data\raw\brar_bone_resorption\extracted\level_1\patient_image_000505_dc092d23.jpg,level_1/patient_image_000505_dc092d23.jpg,roboflow,roboflow,dhash,7,exclude
C:\Pywork\dental\dental\data\raw\brar_bone_resorption\extracted\level_2\patient_image_000139_a575ce99.jpg,level_2/patient_image_000139_a575ce99.jpg,roboflow,C:\Pywork\dental\dental\data\raw\brar_bone_resorption\extracted\level_1\patient_image_000070_5c483f70.jpg,level_1/patient_image_000070_5c483f70.jpg,roboflow,roboflow,dhash,6,exclude
C:\Pywork\dental\dental\data\raw\brar_bone_resorption\extracted\level_2\patient_image_000142_8a91e5a8.jpg,level_2/patient_image_000142_8a91e5a8.jpg,roboflow,C:\Pywork\dental\dental\data\raw\brar_bone_resorption\extracted\level_2\patient_image_000048_8f55577f.jpg,level_2/patient_image_000048_8f55577f.jpg,roboflow,roboflow,dhash,7,exclude
C:\Pywork\dental\dental\data\raw\brar_bone_resorption\extracted\level_2\patient_image_000151_5b6399fb.jpg,level_2/patient_image_000151_5b6399fb.jpg,roboflow,C:\Pywork\dental\dental\data\raw\brar_bone_resorption\extracted\level_1\patient_image_000064_5e3832ed.jpg,level_1/patient_image_000064_5e3832ed.jpg,roboflow,roboflow,dhash,6,exclude
C:\Pywork\dental\dental\data\raw\brar_bone_resorption\extracted\level_2\patient_image_000155_0feacd58.jpg,level_2/patient_image_000155_0feacd58.jpg,roboflow,C:\Pywork\dental\dental\data\raw\brar_bone_resorption\extracted\level_2\patient_image_000100_759b168c.jpg,level_2/patient_image_000100_759b168c.jpg,roboflow,roboflow,dhash,5,exclude
C:\Pywork\dental\dental\data\raw\brar_bone_resorption\extracted\level_2\patient_image_000159_59b14016.jpg,level_2/patient_image_000159_59b14016.jpg,roboflow,C:\Pywork\dental\dental\data\raw\brar_bone_resorption\extracted\level_1\patient_image_000043_7dfff7e3.jpg,level_1/patient_image_000043_7dfff7e3.jpg,roboflow,roboflow,dhash,6,exclude
C:\Pywork\dental\dental\data\raw\brar_bone_resorption\extracted\level_2\patient_image_000161_2c258c0e.jpg,level_2/patient_image_000161_2c258c0e.jpg,roboflow,C:\Pywork\dental\dental\data\raw\brar_bone_resorption\extracted\level_2\patient_image_000137_4a92164f.jpg,level_2/patient_image_000137_4a92164f.jpg,roboflow,roboflow,dhash,7,exclude
C:\Pywork\dental\dental\data\raw\brar_bone_resorption\extracted\level_2\patient_image_000162_e8668d74.jpg,level_2/patient_image_000162_e8668d74.jpg,roboflow,C:\Pywork\dental\dental\data\raw\brar_bone_resorption\extracted\level_1\patient_image_000507_a221a13c.jpg,level_1/patient_image_000507_a221a13c.jpg,roboflow,roboflow,dhash,7,exclude
C:\Pywork\dental\dental\data\raw\brar_bone_resorption\extracted\level_2\patient_image_000168_476709d0.jpg,level_2/patient_image_000168_476709d0.jpg,roboflow,C:\Pywork\dental\dental\data\raw\brar_bone_resorption\extracted\level_2\patient_image_000094_7b1f8dd3.jpg,level_2/patient_image_000094_7b1f8dd3.jpg,roboflow,roboflow,dhash,8,exclude
C:\Pywork\dental\dental\data\raw\brar_bone_resorption\extracted\level_2\patient_image_000172_fed06c65.jpg,level_2/patient_image_000172_fed06c65.jpg,roboflow,C:\Pywork\dental\dental\data\raw\brar_bone_resorption\extracted\level_2\patient_image_000058_0d2690d1.jpg,level_2/patient_image_000058_0d2690d1.jpg,roboflow,roboflow,dhash,8,exclude
C:\Pywork\dental\dental\data\raw\brar_bone_resorption\extracted\level_2\patient_image_000173_bdd537f7.jpg,level_2/patient_image_000173_bdd537f7.jpg,roboflow,C:\Pywork\dental\dental\data\raw\brar_bone_resorption\extracted\level_2\patient_image_000048_8f55577f.jpg,level_2/patient_image_000048_8f55577f.jpg,roboflow,roboflow,dhash,6,exclude
C:\Pywork\dental\dental\data\raw\brar_bone_resorption\extracted\level_2\patient_image_000174_d07c1ecc.jpg,level_2/patient_image_000174_d07c1ecc.jpg,roboflow,C:\Pywork\dental\dental\data\raw\brar_bone_resorption\extracted\level_1\patient_image_000169_5b675efb.jpg,level_1/patient_image_000169_5b675efb.jpg,roboflow,roboflow,dhash,6,exclude
C:\Pywork\dental\dental\data\raw\brar_bone_resorption\extracted\level_2\patient_image_000176_5bd8841b.jpg,level_2/patient_image_000176_5bd8841b.jpg,roboflow,C:\Pywork\dental\dental\data\raw\brar_bone_resorption\extracted\level_1\patient_image_000057_5e79eb68.jpg,level_1/patient_image_000057_5e79eb68.jpg,roboflow,roboflow,dhash,6,exclude
C:\Pywork\dental\dental\data\raw\brar_bone_resorption\extracted\level_2\patient_image_000178_589dfb90.jpg,level_2/patient_image_000178_589dfb90.jpg,roboflow,C:\Pywork\dental\dental\data\raw\brar_bone_resorption\extracted\level_1\patient_image_000148_f7015263.jpg,level_1/patient_image_000148_f7015263.jpg,roboflow,roboflow,dhash,7,exclude
C:\Pywork\dental\dental\data\raw\brar_bone_resorption\extracted\level_2\patient_image_000179_8a1c8c22.jpg,level_2/patient_image_000179_8a1c8c22.jpg,roboflow,C:\Pywork\dental\dental\data\raw\brar_bone_resorption\extracted\level_1\patient_image_000006_4aa37c68.jpg,level_1/patient_image_000006_4aa37c68.jpg,roboflow,roboflow,dhash,7,exclude
C:\Pywork\dental\dental\data\raw\brar_bone_resorption\extracted\level_2\patient_image_000182_c4b93c62.jpg,level_2/patient_image_000182_c4b93c62.jpg,roboflow,C:\Pywork\dental\dental\data\raw\brar_bone_resorption\extracted\level_1\patient_image_000154_72770c6b.jpg,level_1/patient_image_000154_72770c6b.jpg,roboflow,roboflow,dhash,7,exclude
C:\Pywork\dental\dental\data\raw\brar_bone_resorption\extracted\level_2\patient_image_000187_3a99cef5.jpg,level_2/patient_image_000187_3a99cef5.jpg,roboflow,C:\Pywork\dental\dental\data\raw\brar_bone_resorption\extracted\level_1\patient_image_000043_7dfff7e3.jpg,level_1/patient_image_000043_7dfff7e3.jpg,roboflow,roboflow,dhash,6,exclude
C:\Pywork\dental\dental\data\raw\brar_bone_resorption\extracted\level_2\patient_image_000188_a18e833b.jpg,level_2/patient_image_000188_a18e833b.jpg,roboflow,C:\Pywork\dental\dental\data\raw\brar_bone_resorption\extracted\level_2\patient_image_000084_e135816e.jpg,level_2/patient_image_000084_e135816e.jpg,roboflow,roboflow,dhash,8,exclude
C:\Pywork\dental\dental\data\raw\brar_bone_resorption\extracted\level_2\patient_image_000190_371b9288.jpg,level_2/patient_image_000190_371b9288.jpg,roboflow,C:\Pywork\dental\dental\data\raw\brar_bone_resorption\extracted\level_2\patient_image_000051_004f2f5d.jpg,level_2/patient_image_000051_004f2f5d.jpg,roboflow,roboflow,dhash,8,exclude
C:\Pywork\dental\dental\data\raw\brar_bone_resorption\extracted\level_2\patient_image_000197_82c160be.jpg,level_2/patient_image_000197_82c160be.jpg,roboflow,C:\Pywork\dental\dental\data\raw\brar_bone_resorption\extracted\level_1\patient_image_000169_5b675efb.jpg,level_1/patient_image_000169_5b675efb.jpg,roboflow,roboflow,dhash,5,exclude
C:\Pywork\dental\dental\data\raw\brar_bone_resorption\extracted\level_2\patient_image_000198_3ae3120f.jpg,level_2/patient_image_000198_3ae3120f.jpg,roboflow,C:\Pywork\dental\dental\data\raw\brar_bone_resorption\extracted\level_1\patient_image_000105_1b343ea2.jpg,level_1/patient_image_000105_1b343ea2.jpg,roboflow,roboflow,dhash,8,exclude
C:\Pywork\dental\dental\data\raw\brar_bone_resorption\extracted\level_2\patient_image_000203_71f4669d.jpg,level_2/patient_image_000203_71f4669d.jpg,roboflow,C:\Pywork\dental\dental\data\raw\brar_bone_resorption\extracted\level_1\patient_image_000186_7c3fbae5.jpg,level_1/patient_image_000186_7c3fbae5.jpg,roboflow,roboflow,dhash,6,exclude
C:\Pywork\dental\dental\data\raw\brar_bone_resorption\extracted\level_2\patient_image_000209_8863e974.jpg,level_2/patient_image_000209_8863e974.jpg,roboflow,C:\Pywork\dental\dental\data\raw\brar_bone_resorption\extracted\level_1\patient_image_000194_fde52b01.jpg,level_1/patient_image_000194_fde52b01.jpg,roboflow,roboflow,dhash,6,exclude
C:\Pywork\dental\dental\data\raw\brar_bone_resorption\extracted\level_2\patient_image_000217_60a9142d.jpg,level_2/patient_image_000217_60a9142d.jpg,roboflow,C:\Pywork\dental\dental\data\raw\brar_bone_resorption\extracted\level_2\patient_image_000136_13ff14b0.jpg,level_2/patient_image_000136_13ff14b0.jpg,roboflow,roboflow,dhash,8,exclude
C:\Pywork\dental\dental\data\raw\brar_bone_resorption\extracted\level_2\patient_image_000218_9c50babc.jpg,level_2/patient_image_000218_9c50babc.jpg,roboflow,C:\Pywork\dental\dental\data\raw\brar_bone_resorption\extracted\level_1\patient_image_000020_353539ca.jpg,level_1/patient_image_000020_353539ca.jpg,roboflow,roboflow,dhash,5,exclude
C:\Pywork\dental\dental\data\raw\brar_bone_resorption\extracted\level_2\patient_image_000219_9770f2b9.jpg,level_2/patient_image_000219_9770f2b9.jpg,roboflow,C:\Pywork\dental\dental\data\raw\brar_bone_resorption\extracted\level_2\patient_image_000178_589dfb90.jpg,level_2/patient_image_000178_589dfb90.jpg,roboflow,roboflow,dhash,5,exclude
C:\Pywork\dental\dental\data\raw\brar_bone_resorption\extracted\level_2\patient_image_000222_159b7de2.jpg,level_2/patient_image_000222_159b7de2.jpg,roboflow,C:\Pywork\dental\dental\data\raw\brar_bone_resorption\extracted\level_1\patient_image_000154_72770c6b.jpg,level_1/patient_image_000154_72770c6b.jpg,roboflow,roboflow,dhash,6,exclude
C:\Pywork\dental\dental\data\raw\brar_bone_resorption\extracted\level_2\patient_image_000223_4ebeaf32.jpg,level_2/patient_image_000223_4ebeaf32.jpg,roboflow,C:\Pywork\dental\dental\data\raw\brar_bone_resorption\extracted\level_1\patient_image_000505_dc092d23.jpg,level_1/patient_image_000505_dc092d23.jpg,roboflow,roboflow,dhash,6,exclude
C:\Pywork\dental\dental\data\raw\brar_bone_resorption\extracted\level_2\patient_image_000225_f73fd9c3.jpg,level_2/patient_image_000225_f73fd9c3.jpg,roboflow,C:\Pywork\dental\dental\data\raw\brar_bone_resorption\extracted\level_1\patient_image_000049_157393ab.jpg,level_1/patient_image_000049_157393ab.jpg,roboflow,roboflow,dhash,7,exclude
C:\Pywork\dental\dental\data\raw\brar_bone_resorption\extracted\level_2\patient_image_000228_5a0ce58e.jpg,level_2/patient_image_000228_5a0ce58e.jpg,roboflow,C:\Pywork\dental\dental\data\raw\brar_bone_resorption\extracted\level_1\patient_image_000828_fafe0387.jpg,level_1/patient_image_000828_fafe0387.jpg,roboflow,roboflow,dhash,6,exclude
C:\Pywork\dental\dental\data\raw\brar_bone_resorption\extracted\level_2\patient_image_000229_2b0fefdd.jpg,level_2/patient_image_000229_2b0fefdd.jpg,roboflow,C:\Pywork\dental\dental\data\raw\brar_bone_resorption\extracted\level_1\patient_image_000154_72770c6b.jpg,level_1/patient_image_000154_72770c6b.jpg,roboflow,roboflow,dhash,5,exclude
C:\Pywork\dental\dental\data\raw\brar_bone_resorption\extracted\level_2\patient_image_000231_40fdec91.jpg,level_2/patient_image_000231_40fdec91.jpg,roboflow,C:\Pywork\dental\dental\data\raw\brar_bone_resorption\extracted\level_1\patient_image_000803_09145696.jpg,level_1/patient_image_000803_09145696.jpg,roboflow,roboflow,dhash,8,exclude
C:\Pywork\dental\dental\data\raw\brar_bone_resorption\extracted\level_2\patient_image_000233_7ead2232.jpg,level_2/patient_image_000233_7ead2232.jpg,roboflow,C:\Pywork\dental\dental\data\raw\brar_bone_resorption\extracted\level_2\patient_image_000124_33072be7.jpg,level_2/patient_image_000124_33072be7.jpg,roboflow,roboflow,dhash,5,exclude
C:\Pywork\dental\dental\data\raw\brar_bone_resorption\extracted\level_2\patient_image_000234_b8b952f4.jpg,level_2/patient_image_000234_b8b952f4.jpg,roboflow,C:\Pywork\dental\dental\data\raw\brar_bone_resorption\extracted\level_1\patient_image_000551_53b8f0cc.jpg,level_1/patient_image_000551_53b8f0cc.jpg,roboflow,roboflow,dhash,8,exclude
C:\Pywork\dental\dental\data\raw\brar_bone_resorption\extracted\level_2\patient_image_000235_8db22773.jpg,level_2/patient_image_000235_8db22773.jpg,roboflow,C:\Pywork\dental\dental\data\raw\brar_bone_resorption\extracted\level_1\patient_image_000015_17fab6ee.jpg,level_1/patient_image_000015_17fab6ee.jpg,roboflow,roboflow,dhash,8,exclude
C:\Pywork\dental\dental\data\raw\brar_bone_resorption\extracted\level_2\patient_image_000236_7889c27a.jpg,level_2/patient_image_000236_7889c27a.jpg,roboflow,C:\Pywork\dental\dental\data\raw\brar_bone_resorption\extracted\level_2\patient_image_000058_0d2690d1.jpg,level_2/patient_image_000058_0d2690d1.jpg,roboflow,roboflow,dhash,5,exclude
C:\Pywork\dental\dental\data\raw\brar_bone_resorption\extracted\level_2\patient_image_000239_4735ff8e.jpg,level_2/patient_image_000239_4735ff8e.jpg,roboflow,C:\Pywork\dental\dental\data\raw\brar_bone_resorption\extracted\level_1\patient_image_000043_7dfff7e3.jpg,level_1/patient_image_000043_7dfff7e3.jpg,roboflow,roboflow,dhash,5,exclude
C:\Pywork\dental\dental\data\raw\brar_bone_resorption\extracted\level_2\patient_image_000240_a69cb320.jpg,level_2/patient_image_000240_a69cb320.jpg,roboflow,C:\Pywork\dental\dental\data\raw\brar_bone_resorption\extracted\level_2\patient_image_000239_4735ff8e.jpg,level_2/patient_image_000239_4735ff8e.jpg,roboflow,roboflow,dhash,7,exclude
C:\Pywork\dental\dental\data\raw\brar_bone_resorption\extracted\level_2\patient_image_000245_706582cc.jpg,level_2/patient_image_000245_706582cc.jpg,roboflow,C:\Pywork\dental\dental\data\raw\brar_bone_resorption\extracted\level_2\patient_image_000079_466ed8fb.jpg,level_2/patient_image_000079_466ed8fb.jpg,roboflow,roboflow,dhash,8,exclude
C:\Pywork\dental\dental\data\raw\brar_bone_resorption\extracted\level_2\patient_image_000247_f89a6d0e.jpg,level_2/patient_image_000247_f89a6d0e.jpg,roboflow,C:\Pywork\dental\dental\data\raw\brar_bone_resorption\extracted\level_1\patient_image_000640_5666cfc5.jpg,level_1/patient_image_000640_5666cfc5.jpg,roboflow,roboflow,dhash,6,exclude
C:\Pywork\dental\dental\data\raw\brar_bone_resorption\extracted\level_2\patient_image_000248_43ee171f.jpg,level_2/patient_image_000248_43ee171f.jpg,roboflow,C:\Pywork\dental\dental\data\raw\brar_bone_resorption\extracted\level_2\patient_image_000068_ba92024d.jpg,level_2/patient_image_000068_ba92024d.jpg,roboflow,roboflow,dhash,8,exclude
C:\Pywork\dental\dental\data\raw\brar_bone_resorption\extracted\level_2\patient_image_000252_d3ec3446.jpg,level_2/patient_image_000252_d3ec3446.jpg,roboflow,C:\Pywork\dental\dental\data\raw\brar_bone_resorption\extracted\level_2\patient_image_000153_9b3a1259.jpg,level_2/patient_image_000153_9b3a1259.jpg,roboflow,roboflow,dhash,6,exclude
C:\Pywork\dental\dental\data\raw\brar_bone_resorption\extracted\level_2\patient_image_000253_a9b3e1fd.jpg,level_2/patient_image_000253_a9b3e1fd.jpg,roboflow,C:\Pywork\dental\dental\data\raw\brar_bone_resorption\extracted\level_2\patient_image_000136_13ff14b0.jpg,level_2/patient_image_000136_13ff14b0.jpg,roboflow,roboflow,dhash,5,exclude
C:\Pywork\dental\dental\data\raw\brar_bone_resorption\extracted\level_2\patient_image_000259_3ec141ee.jpg,level_2/patient_image_000259_3ec141ee.jpg,roboflow,C:\Pywork\dental\dental\data\raw\brar_bone_resorption\extracted\level_2\patient_image_000099_5a285290.jpg,level_2/patient_image_000099_5a285290.jpg,roboflow,roboflow,dhash,5,exclude
C:\Pywork\dental\dental\data\raw\brar_bone_resorption\extracted\level_2\patient_image_000260_3a2e7767.jpg,level_2/patient_image_000260_3a2e7767.jpg,roboflow,C:\Pywork\dental\dental\data\raw\brar_bone_resorption\extracted\level_1\patient_image_000043_7dfff7e3.jpg,level_1/patient_image_000043_7dfff7e3.jpg,roboflow,roboflow,dhash,5,exclude
C:\Pywork\dental\dental\data\raw\brar_bone_resorption\extracted\level_2\patient_image_000266_095cc35f.jpg,level_2/patient_image_000266_095cc35f.jpg,roboflow,C:\Pywork\dental\dental\data\raw\brar_bone_resorption\extracted\level_2\patient_image_000221_e7d95fd5.jpg,level_2/patient_image_000221_e7d95fd5.jpg,roboflow,roboflow,dhash,7,exclude
C:\Pywork\dental\dental\data\raw\brar_bone_resorption\extracted\level_2\patient_image_000268_1ebfd026.jpg,level_2/patient_image_000268_1ebfd026.jpg,roboflow,C:\Pywork\dental\dental\data\raw\brar_bone_resorption\extracted\level_2\patient_image_000045_0bb8bfd1.jpg,level_2/patient_image_000045_0bb8bfd1.jpg,roboflow,roboflow,dhash,7,exclude
C:\Pywork\dental\dental\data\raw\brar_bone_resorption\extracted\level_2\patient_image_000270_b8e4c66b.jpg,level_2/patient_image_000270_b8e4c66b.jpg,roboflow,C:\Pywork\dental\dental\data\raw\brar_bone_resorption\extracted\level_1\patient_image_000613_020562fc.jpg,level_1/patient_image_000613_020562fc.jpg,roboflow,roboflow,dhash,6,exclude
C:\Pywork\dental\dental\data\raw\brar_bone_resorption\extracted\level_2\patient_image_000272_139c54f3.jpg,level_2/patient_image_000272_139c54f3.jpg,roboflow,C:\Pywork\dental\dental\data\raw\brar_bone_resorption\extracted\level_2\patient_image_000100_759b168c.jpg,level_2/patient_image_000100_759b168c.jpg,roboflow,roboflow,dhash,5,exclude
C:\Pywork\dental\dental\data\raw\brar_bone_resorption\extracted\level_2\patient_image_000274_7e795166.jpg,level_2/patient_image_000274_7e795166.jpg,roboflow,C:\Pywork\dental\dental\data\raw\brar_bone_resorption\extracted\level_1\patient_image_000076_bfd1d96f.jpg,level_1/patient_image_000076_bfd1d96f.jpg,roboflow,roboflow,dhash,5,exclude
C:\Pywork\dental\dental\data\raw\brar_bone_resorption\extracted\level_2\patient_image_000276_1016ea11.jpg,level_2/patient_image_000276_1016ea11.jpg,roboflow,C:\Pywork\dental\dental\data\raw\brar_bone_resorption\extracted\level_2\patient_image_000068_ba92024d.jpg,level_2/patient_image_000068_ba92024d.jpg,roboflow,roboflow,dhash,7,exclude
C:\Pywork\dental\dental\data\raw\brar_bone_resorption\extracted\level_2\patient_image_000277_b34d42a3.jpg,level_2/patient_image_000277_b34d42a3.jpg,roboflow,C:\Pywork\dental\dental\data\raw\brar_bone_resorption\extracted\level_2\patient_image_000239_4735ff8e.jpg,level_2/patient_image_000239_4735ff8e.jpg,roboflow,roboflow,dhash,5,exclude
C:\Pywork\dental\dental\data\raw\brar_bone_resorption\extracted\level_2\patient_image_000279_ba5256ba.jpg,level_2/patient_image_000279_ba5256ba.jpg,roboflow,C:\Pywork\dental\dental\data\raw\brar_bone_resorption\extracted\level_1\patient_image_000192_ff419a8a.jpg,level_1/patient_image_000192_ff419a8a.jpg,roboflow,roboflow,dhash,6,exclude
C:\Pywork\dental\dental\data\raw\brar_bone_resorption\extracted\level_2\patient_image_000280_3bf91b05.jpg,level_2/patient_image_000280_3bf91b05.jpg,roboflow,C:\Pywork\dental\dental\data\raw\brar_bone_resorption\extracted\level_1\patient_image_000020_353539ca.jpg,level_1/patient_image_000020_353539ca.jpg,roboflow,roboflow,dhash,5,exclude
C:\Pywork\dental\dental\data\raw\brar_bone_resorption\extracted\level_2\patient_image_000283_51ed5d16.jpg,level_2/patient_image_000283_51ed5d16.jpg,roboflow,C:\Pywork\dental\dental\data\raw\brar_bone_resorption\extracted\level_1\patient_image_000049_157393ab.jpg,level_1/patient_image_000049_157393ab.jpg,roboflow,roboflow,dhash,6,exclude
C:\Pywork\dental\dental\data\raw\brar_bone_resorption\extracted\level_2\patient_image_000285_5b563bf0.jpg,level_2/patient_image_000285_5b563bf0.jpg,roboflow,C:\Pywork\dental\dental\data\raw\brar_bone_resorption\extracted\level_2\patient_image_000240_a69cb320.jpg,level_2/patient_image_000240_a69cb320.jpg,roboflow,roboflow,dhash,7,exclude
C:\Pywork\dental\dental\data\raw\brar_bone_resorption\extracted\level_2\patient_image_000290_e2c5528b.jpg,level_2/patient_image_000290_e2c5528b.jpg,roboflow,C:\Pywork\dental\dental\data\raw\brar_bone_resorption\extracted\level_2\patient_image_000136_13ff14b0.jpg,level_2/patient_image_000136_13ff14b0.jpg,roboflow,roboflow,dhash,8,exclude
C:\Pywork\dental\dental\data\raw\brar_bone_resorption\extracted\level_2\patient_image_000292_c286f867.jpg,level_2/patient_image_000292_c286f867.jpg,roboflow,C:\Pywork\dental\dental\data\raw\brar_bone_resorption\extracted\level_2\patient_image_000207_83423773.jpg,level_2/patient_image_000207_83423773.jpg,roboflow,roboflow,dhash,7,exclude
C:\Pywork\dental\dental\data\raw\brar_bone_resorption\extracted\level_2\patient_image_000293_c43ad7c2.jpg,level_2/patient_image_000293_c43ad7c2.jpg,roboflow,C:\Pywork\dental\dental\data\raw\brar_bone_resorption\extracted\level_1\patient_image_000226_e281f557.jpg,level_1/patient_image_000226_e281f557.jpg,roboflow,roboflow,dhash,8,exclude
C:\Pywork\dental\dental\data\raw\brar_bone_resorption\extracted\level_2\patient_image_000296_ed406614.jpg,level_2/patient_image_000296_ed406614.jpg,roboflow,C:\Pywork\dental\dental\data\raw\brar_bone_resorption\extracted\level_2\patient_image_000279_ba5256ba.jpg,level_2/patient_image_000279_ba5256ba.jpg,roboflow,roboflow,dhash,8,exclude
C:\Pywork\dental\dental\data\raw\brar_bone_resorption\extracted\level_2\patient_image_000297_b08a4fab.jpg,level_2/patient_image_000297_b08a4fab.jpg,roboflow,C:\Pywork\dental\dental\data\raw\brar_bone_resorption\extracted\level_2\patient_image_000274_7e795166.jpg,level_2/patient_image_000274_7e795166.jpg,roboflow,roboflow,dhash,8,exclude
C:\Pywork\dental\dental\data\raw\brar_bone_resorption\extracted\level_2\patient_image_000298_177b7f04.jpg,level_2/patient_image_000298_177b7f04.jpg,roboflow,C:\Pywork\dental\dental\data\raw\brar_bone_resorption\extracted\level_2\patient_image_000274_7e795166.jpg,level_2/patient_image_000274_7e795166.jpg,roboflow,roboflow,dhash,6,exclude
C:\Pywork\dental\dental\data\raw\brar_bone_resorption\extracted\level_2\patient_image_000299_0081b06c.jpg,level_2/patient_image_000299_0081b06c.jpg,roboflow,C:\Pywork\dental\dental\data\raw\brar_bone_resorption\extracted\level_2\patient_image_000118_dddc8ac1.jpg,level_2/patient_image_000118_dddc8ac1.jpg,roboflow,roboflow,dhash,6,exclude
C:\Pywork\dental\dental\data\raw\brar_bone_resorption\extracted\level_2\patient_image_000301_f014d2ea.jpg,level_2/patient_image_000301_f014d2ea.jpg,roboflow,C:\Pywork\dental\dental\data\raw\brar_bone_resorption\extracted\level_2\patient_image_000299_0081b06c.jpg,level_2/patient_image_000299_0081b06c.jpg,roboflow,roboflow,dhash,6,exclude
C:\Pywork\dental\dental\data\raw\brar_bone_resorption\extracted\level_2\patient_image_000302_b4bb1333.jpg,level_2/patient_image_000302_b4bb1333.jpg,roboflow,C:\Pywork\dental\dental\data\raw\brar_bone_resorption\extracted\level_2\patient_image_000259_3ec141ee.jpg,level_2/patient_image_000259_3ec141ee.jpg,roboflow,roboflow,dhash,8,exclude
C:\Pywork\dental\dental\data\raw\brar_bone_resorption\extracted\level_2\patient_image_000308_7b1e9629.jpg,level_2/patient_image_000308_7b1e9629.jpg,roboflow,C:\Pywork\dental\dental\data\raw\brar_bone_resorption\extracted\level_2\patient_image_000246_944095f6.jpg,level_2/patient_image_000246_944095f6.jpg,roboflow,roboflow,dhash,7,exclude
C:\Pywork\dental\dental\data\raw\brar_bone_resorption\extracted\level_2\patient_image_000309_077fbe7a.jpg,level_2/patient_image_000309_077fbe7a.jpg,roboflow,C:\Pywork\dental\dental\data\raw\brar_bone_resorption\extracted\level_2\patient_image_000128_955b9373.jpg,level_2/patient_image_000128_955b9373.jpg,roboflow,roboflow,dhash,6,exclude
C:\Pywork\dental\dental\data\raw\brar_bone_resorption\extracted\level_2\patient_image_000311_f6e9d930.jpg,level_2/patient_image_000311_f6e9d930.jpg,roboflow,C:\Pywork\dental\dental\data\raw\brar_bone_resorption\extracted\level_2\patient_image_000299_0081b06c.jpg,level_2/patient_image_000299_0081b06c.jpg,roboflow,roboflow,dhash,6,exclude
C:\Pywork\dental\dental\data\raw\brar_bone_resorption\extracted\level_2\patient_image_000312_c2c8c3dc.jpg,level_2/patient_image_000312_c2c8c3dc.jpg,roboflow,C:\Pywork\dental\dental\data\raw\brar_bone_resorption\extracted\level_2\patient_image_000012_86f50079.jpg,level_2/patient_image_000012_86f50079.jpg,roboflow,roboflow,dhash,6,exclude
C:\Pywork\dental\dental\data\raw\brar_bone_resorption\extracted\level_2\patient_image_000313_3503b411.jpg,level_2/patient_image_000313_3503b411.jpg,roboflow,C:\Pywork\dental\dental\data\raw\brar_bone_resorption\extracted\level_1\patient_image_000043_7dfff7e3.jpg,level_1/patient_image_000043_7dfff7e3.jpg,roboflow,roboflow,dhash,5,exclude
C:\Pywork\dental\dental\data\raw\brar_bone_resorption\extracted\level_2\patient_image_000316_e5edcd41.jpg,level_2/patient_image_000316_e5edcd41.jpg,roboflow,C:\Pywork\dental\dental\data\raw\brar_bone_resorption\extracted\level_2\patient_image_000248_43ee171f.jpg,level_2/patient_image_000248_43ee171f.jpg,roboflow,roboflow,dhash,8,exclude
C:\Pywork\dental\dental\data\raw\brar_bone_resorption\extracted\level_2\patient_image_000317_4794d92a.jpg,level_2/patient_image_000317_4794d92a.jpg,roboflow,C:\Pywork\dental\dental\data\raw\brar_bone_resorption\extracted\level_2\patient_image_000198_3ae3120f.jpg,level_2/patient_image_000198_3ae3120f.jpg,roboflow,roboflow,dhash,7,exclude
C:\Pywork\dental\dental\data\raw\brar_bone_resorption\extracted\level_2\patient_image_000320_9f8cb638.jpg,level_2/patient_image_000320_9f8cb638.jpg,roboflow,C:\Pywork\dental\dental\data\raw\brar_bone_resorption\extracted\level_2\patient_image_000319_070a158d.jpg,level_2/patient_image_000319_070a158d.jpg,roboflow,roboflow,dhash,5,exclude
C:\Pywork\dental\dental\data\raw\brar_bone_resorption\extracted\level_2\patient_image_000324_5a573d29.jpg,level_2/patient_image_000324_5a573d29.jpg,roboflow,C:\Pywork\dental\dental\data\raw\brar_bone_resorption\extracted\level_2\patient_image_000220_1fc8f48e.jpg,level_2/patient_image_000220_1fc8f48e.jpg,roboflow,roboflow,dhash,6,exclude
C:\Pywork\dental\dental\data\raw\brar_bone_resorption\extracted\level_2\patient_image_000327_9d2da8d3.jpg,level_2/patient_image_000327_9d2da8d3.jpg,roboflow,C:\Pywork\dental\dental\data\raw\brar_bone_resorption\extracted\level_2\patient_image_000084_e135816e.jpg,level_2/patient_image_000084_e135816e.jpg,roboflow,roboflow,dhash,7,exclude
C:\Pywork\dental\dental\data\raw\brar_bone_resorption\extracted\level_2\patient_image_000331_e16f26da.jpg,level_2/patient_image_000331_e16f26da.jpg,roboflow,C:\Pywork\dental\dental\data\raw\brar_bone_resorption\extracted\level_1\patient_image_000154_72770c6b.jpg,level_1/patient_image_000154_72770c6b.jpg,roboflow,roboflow,dhash,6,exclude
C:\Pywork\dental\dental\data\raw\brar_bone_resorption\extracted\level_2\patient_image_000333_93372893.jpg,level_2/patient_image_000333_93372893.jpg,roboflow,C:\Pywork\dental\dental\data\raw\brar_bone_resorption\extracted\level_1\patient_image_000569_1acf7257.jpg,level_1/patient_image_000569_1acf7257.jpg,roboflow,roboflow,dhash,5,exclude
C:\Pywork\dental\dental\data\raw\brar_bone_resorption\extracted\level_2\patient_image_000335_36dd9d92.jpg,level_2/patient_image_000335_36dd9d92.jpg,roboflow,C:\Pywork\dental\dental\data\raw\brar_bone_resorption\extracted\level_2\patient_image_000117_da187e7e.jpg,level_2/patient_image_000117_da187e7e.jpg,roboflow,roboflow,dhash,7,exclude
C:\Pywork\dental\dental\data\raw\brar_bone_resorption\extracted\level_2\patient_image_000338_936ade8e.jpg,level_2/patient_image_000338_936ade8e.jpg,roboflow,C:\Pywork\dental\dental\data\raw\brar_bone_resorption\extracted\level_2\patient_image_000323_b4b4b90e.jpg,level_2/patient_image_000323_b4b4b90e.jpg,roboflow,roboflow,dhash,5,exclude
C:\Pywork\dental\dental\data\raw\brar_bone_resorption\extracted\level_2\patient_image_000341_47f0ea2d.jpg,level_2/patient_image_000341_47f0ea2d.jpg,roboflow,C:\Pywork\dental\dental\data\raw\brar_bone_resorption\extracted\level_1\patient_image_000194_fde52b01.jpg,level_1/patient_image_000194_fde52b01.jpg,roboflow,roboflow,dhash,7,exclude
C:\Pywork\dental\dental\data\raw\brar_bone_resorption\extracted\level_2\patient_image_000344_be19a86f.jpg,level_2/patient_image_000344_be19a86f.jpg,roboflow,C:\Pywork\dental\dental\data\raw\brar_bone_resorption\extracted\level_1\patient_image_000022_4eb9fa52.jpg,level_1/patient_image_000022_4eb9fa52.jpg,roboflow,roboflow,dhash,7,exclude
C:\Pywork\dental\dental\data\raw\brar_bone_resorption\extracted\level_2\patient_image_000345_dbef47f1.jpg,level_2/patient_image_000345_dbef47f1.jpg,roboflow,C:\Pywork\dental\dental\data\raw\brar_bone_resorption\extracted\level_2\patient_image_000100_759b168c.jpg,level_2/patient_image_000100_759b168c.jpg,roboflow,roboflow,dhash,6,exclude
C:\Pywork\dental\dental\data\raw\brar_bone_resorption\extracted\level_2\patient_image_000347_94090e46.jpg,level_2/patient_image_000347_94090e46.jpg,roboflow,C:\Pywork\dental\dental\data\raw\brar_bone_resorption\extracted\level_2\patient_image_000118_dddc8ac1.jpg,level_2/patient_image_000118_dddc8ac1.jpg,roboflow,roboflow,dhash,6,exclude
C:\Pywork\dental\dental\data\raw\brar_bone_resorption\extracted\level_2\patient_image_000349_3074f911.jpg,level_2/patient_image_000349_3074f911.jpg,roboflow,C:\Pywork\dental\dental\data\raw\brar_bone_resorption\extracted\level_1\patient_image_000022_4eb9fa52.jpg,level_1/patient_image_000022_4eb9fa52.jpg,roboflow,roboflow,dhash,7,exclude
C:\Pywork\dental\dental\data\raw\brar_bone_resorption\extracted\level_2\patient_image_000352_2cb283b7.jpg,level_2/patient_image_000352_2cb283b7.jpg,roboflow,C:\Pywork\dental\dental\data\raw\brar_bone_resorption\extracted\level_1\patient_image_000572_6d137e21.jpg,level_1/patient_image_000572_6d137e21.jpg,roboflow,roboflow,dhash,7,exclude
C:\Pywork\dental\dental\data\raw\brar_bone_resorption\extracted\level_2\patient_image_000353_4f1e829c.jpg,level_2/patient_image_000353_4f1e829c.jpg,roboflow,C:\Pywork\dental\dental\data\raw\brar_bone_resorption\extracted\level_1\patient_image_000154_72770c6b.jpg,level_1/patient_image_000154_72770c6b.jpg,roboflow,roboflow,dhash,6,exclude
C:\Pywork\dental\dental\data\raw\brar_bone_resorption\extracted\level_2\patient_image_000354_dc59da00.jpg,level_2/patient_image_000354_dc59da00.jpg,roboflow,C:\Pywork\dental\dental\data\raw\brar_bone_resorption\extracted\level_2\patient_image_000214_ea26e5ea.jpg,level_2/patient_image_000214_ea26e5ea.jpg,roboflow,roboflow,dhash,7,exclude
C:\Pywork\dental\dental\data\raw\brar_bone_resorption\extracted\level_2\patient_image_000355_0d059ce2.jpg,level_2/patient_image_000355_0d059ce2.jpg,roboflow,C:\Pywork\dental\dental\data\raw\brar_bone_resorption\extracted\level_1\patient_image_000057_5e79eb68.jpg,level_1/patient_image_000057_5e79eb68.jpg,roboflow,roboflow,dhash,5,exclude
C:\Pywork\dental\dental\data\raw\brar_bone_resorption\extracted\level_2\patient_image_000357_dadd1a7f.jpg,level_2/patient_image_000357_dadd1a7f.jpg,roboflow,C:\Pywork\dental\dental\data\raw\brar_bone_resorption\extracted\level_2\patient_image_000052_bb58bec5.jpg,level_2/patient_image_000052_bb58bec5.jpg,roboflow,roboflow,dhash,8,exclude
C:\Pywork\dental\dental\data\raw\brar_bone_resorption\extracted\level_2\patient_image_000359_1df9d941.jpg,level_2/patient_image_000359_1df9d941.jpg,roboflow,C:\Pywork\dental\dental\data\raw\brar_bone_resorption\extracted\level_2\patient_image_000260_3a2e7767.jpg,level_2/patient_image_000260_3a2e7767.jpg,roboflow,roboflow,dhash,5,exclude
C:\Pywork\dental\dental\data\raw\brar_bone_resorption\extracted\level_2\patient_image_000361_06ea70b2.jpg,level_2/patient_image_000361_06ea70b2.jpg,roboflow,C:\Pywork\dental\dental\data\raw\brar_bone_resorption\extracted\level_2\patient_image_000272_139c54f3.jpg,level_2/patient_image_000272_139c54f3.jpg,roboflow,roboflow,dhash,5,exclude
C:\Pywork\dental\dental\data\raw\brar_bone_resorption\extracted\level_2\patient_image_000363_49d557bd.jpg,level_2/patient_image_000363_49d557bd.jpg,roboflow,C:\Pywork\dental\dental\data\raw\brar_bone_resorption\extracted\level_2\patient_image_000058_0d2690d1.jpg,level_2/patient_image_000058_0d2690d1.jpg,roboflow,roboflow,dhash,5,exclude
C:\Pywork\dental\dental\data\raw\brar_bone_resorption\extracted\level_2\patient_image_000364_84b8ea56.jpg,level_2/patient_image_000364_84b8ea56.jpg,roboflow,C:\Pywork\dental\dental\data\raw\brar_bone_resorption\extracted\level_1\patient_image_000577_bc5aace6.jpg,level_1/patient_image_000577_bc5aace6.jpg,roboflow,roboflow,dhash,5,exclude
C:\Pywork\dental\dental\data\raw\brar_bone_resorption\extracted\level_2\patient_image_000365_bb7d18c2.jpg,level_2/patient_image_000365_bb7d18c2.jpg,roboflow,C:\Pywork\dental\dental\data\raw\brar_bone_resorption\extracted\level_2\patient_image_000259_3ec141ee.jpg,level_2/patient_image_000259_3ec141ee.jpg,roboflow,roboflow,dhash,7,exclude
C:\Pywork\dental\dental\data\raw\brar_bone_resorption\extracted\level_2\patient_image_000367_348bf0ed.jpg,level_2/patient_image_000367_348bf0ed.jpg,roboflow,C:\Pywork\dental\dental\data\raw\brar_bone_resorption\extracted\level_1\patient_image_000582_492951ef.jpg,level_1/patient_image_000582_492951ef.jpg,roboflow,roboflow,dhash,6,exclude
C:\Pywork\dental\dental\data\raw\brar_bone_resorption\extracted\level_2\patient_image_000371_e6ac24e9.jpg,level_2/patient_image_000371_e6ac24e9.jpg,roboflow,C:\Pywork\dental\dental\data\raw\brar_bone_resorption\extracted\level_1\patient_image_000042_d3a22881.jpg,level_1/patient_image_000042_d3a22881.jpg,roboflow,roboflow,dhash,6,exclude
C:\Pywork\dental\dental\data\raw\brar_bone_resorption\extracted\level_2\patient_image_000374_771f2f5f.jpg,level_2/patient_image_000374_771f2f5f.jpg,roboflow,C:\Pywork\dental\dental\data\raw\brar_bone_resorption\extracted\level_1\patient_image_000505_dc092d23.jpg,level_1/patient_image_000505_dc092d23.jpg,roboflow,roboflow,dhash,6,exclude
C:\Pywork\dental\dental\data\raw\brar_bone_resorption\extracted\level_2\patient_image_000375_36cfc84e.jpg,level_2/patient_image_000375_36cfc84e.jpg,roboflow,C:\Pywork\dental\dental\data\raw\brar_bone_resorption\extracted\level_2\patient_image_000222_159b7de2.jpg,level_2/patient_image_000222_159b7de2.jpg,roboflow,roboflow,dhash,7,exclude
C:\Pywork\dental\dental\data\raw\brar_bone_resorption\extracted\level_2\patient_image_000376_85573db8.jpg,level_2/patient_image_000376_85573db8.jpg,roboflow,C:\Pywork\dental\dental\data\raw\brar_bone_resorption\extracted\level_1\patient_image_000803_09145696.jpg,level_1/patient_image_000803_09145696.jpg,roboflow,roboflow,dhash,6,exclude
C:\Pywork\dental\dental\data\raw\brar_bone_resorption\extracted\level_2\patient_image_000378_603f4d5f.jpg,level_2/patient_image_000378_603f4d5f.jpg,roboflow,C:\Pywork\dental\dental\data\raw\brar_bone_resorption\extracted\level_2\patient_image_000216_cc3ec1c0.jpg,level_2/patient_image_000216_cc3ec1c0.jpg,roboflow,roboflow,dhash,5,exclude
C:\Pywork\dental\dental\data\raw\brar_bone_resorption\extracted\level_2\patient_image_000381_9c27535d.jpg,level_2/patient_image_000381_9c27535d.jpg,roboflow,C:\Pywork\dental\dental\data\raw\brar_bone_resorption\extracted\level_1\patient_image_000177_95a9a504.jpg,level_1/patient_image_000177_95a9a504.jpg,roboflow,roboflow,dhash,6,exclude
C:\Pywork\dental\dental\data\raw\brar_bone_resorption\extracted\level_2\patient_image_000382_934a0214.jpg,level_2/patient_image_000382_934a0214.jpg,roboflow,C:\Pywork\dental\dental\data\raw\brar_bone_resorption\extracted\level_2\patient_image_000202_4e744692.jpg,level_2/patient_image_000202_4e744692.jpg,roboflow,roboflow,dhash,6,exclude
C:\Pywork\dental\dental\data\raw\brar_bone_resorption\extracted\level_2\patient_image_000386_245dcbc1.jpg,level_2/patient_image_000386_245dcbc1.jpg,roboflow,C:\Pywork\dental\dental\data\raw\brar_bone_resorption\extracted\level_2\patient_image_000309_077fbe7a.jpg,level_2/patient_image_000309_077fbe7a.jpg,roboflow,roboflow,dhash,8,exclude
C:\Pywork\dental\dental\data\raw\brar_bone_resorption\extracted\level_2\patient_image_000387_6615ec0a.jpg,level_2/patient_image_000387_6615ec0a.jpg,roboflow,C:\Pywork\dental\dental\data\raw\brar_bone_resorption\extracted\level_2\patient_image_000100_759b168c.jpg,level_2/patient_image_000100_759b168c.jpg,roboflow,roboflow,dhash,7,exclude
C:\Pywork\dental\dental\data\raw\brar_bone_resorption\extracted\level_2\patient_image_000392_6d723203.jpg,level_2/patient_image_000392_6d723203.jpg,roboflow,C:\Pywork\dental\dental\data\raw\brar_bone_resorption\extracted\level_2\patient_image_000120_0070a102.jpg,level_2/patient_image_000120_0070a102.jpg,roboflow,roboflow,dhash,7,exclude
C:\Pywork\dental\dental\data\raw\brar_bone_resorption\extracted\level_2\patient_image_000395_428e3307.jpg,level_2/patient_image_000395_428e3307.jpg,roboflow,C:\Pywork\dental\dental\data\raw\brar_bone_resorption\extracted\level_2\patient_image_000052_bb58bec5.jpg,level_2/patient_image_000052_bb58bec5.jpg,roboflow,roboflow,dhash,6,exclude
C:\Pywork\dental\dental\data\raw\brar_bone_resorption\extracted\level_2\patient_image_000397_05ddedc7.jpg,level_2/patient_image_000397_05ddedc7.jpg,roboflow,C:\Pywork\dental\dental\data\raw\brar_bone_resorption\extracted\level_1\patient_image_000515_62943aaa.jpg,level_1/patient_image_000515_62943aaa.jpg,roboflow,roboflow,dhash,7,exclude
C:\Pywork\dental\dental\data\raw\brar_bone_resorption\extracted\level_2\patient_image_000398_61f8b447.jpg,level_2/patient_image_000398_61f8b447.jpg,roboflow,C:\Pywork\dental\dental\data\raw\brar_bone_resorption\extracted\level_1\patient_image_000803_09145696.jpg,level_1/patient_image_000803_09145696.jpg,roboflow,roboflow,dhash,8,exclude
C:\Pywork\dental\dental\data\raw\brar_bone_resorption\extracted\level_2\patient_image_000399_05c48a2a.jpg,level_2/patient_image_000399_05c48a2a.jpg,roboflow,C:\Pywork\dental\dental\data\raw\brar_bone_resorption\extracted\level_1\patient_image_000582_492951ef.jpg,level_1/patient_image_000582_492951ef.jpg,roboflow,roboflow,dhash,7,exclude
C:\Pywork\dental\dental\data\raw\brar_bone_resorption\extracted\level_2\patient_image_000400_6eafcc29.jpg,level_2/patient_image_000400_6eafcc29.jpg,roboflow,C:\Pywork\dental\dental\data\raw\brar_bone_resorption\extracted\level_1\patient_image_000056_f606ecd4.jpg,level_1/patient_image_000056_f606ecd4.jpg,roboflow,roboflow,dhash,7,exclude
C:\Pywork\dental\dental\data\raw\brar_bone_resorption\extracted\level_2\patient_image_000401_e90e8248.jpg,level_2/patient_image_000401_e90e8248.jpg,roboflow,C:\Pywork\dental\dental\data\raw\brar_bone_resorption\extracted\level_2\patient_image_000218_9c50babc.jpg,level_2/patient_image_000218_9c50babc.jpg,roboflow,roboflow,dhash,6,exclude
C:\Pywork\dental\dental\data\raw\brar_bone_resorption\extracted\level_2\patient_image_000402_74196900.jpg,level_2/patient_image_000402_74196900.jpg,roboflow,C:\Pywork\dental\dental\data\raw\brar_bone_resorption\extracted\level_1\patient_image_000565_563d2976.jpg,level_1/patient_image_000565_563d2976.jpg,roboflow,roboflow,dhash,8,exclude
C:\Pywork\dental\dental\data\raw\brar_bone_resorption\extracted\level_2\patient_image_000405_2e1fcb72.jpg,level_2/patient_image_000405_2e1fcb72.jpg,roboflow,C:\Pywork\dental\dental\data\raw\brar_bone_resorption\extracted\level_1\patient_image_000515_62943aaa.jpg,level_1/patient_image_000515_62943aaa.jpg,roboflow,roboflow,dhash,7,exclude
C:\Pywork\dental\dental\data\raw\brar_bone_resorption\extracted\level_2\patient_image_000407_5adfb2c1.jpg,level_2/patient_image_000407_5adfb2c1.jpg,roboflow,C:\Pywork\dental\dental\data\raw\brar_bone_resorption\extracted\level_1\patient_image_000582_492951ef.jpg,level_1/patient_image_000582_492951ef.jpg,roboflow,roboflow,dhash,5,exclude
C:\Pywork\dental\dental\data\raw\brar_bone_resorption\extracted\level_2\patient_image_000408_8dc2c8f0.jpg,level_2/patient_image_000408_8dc2c8f0.jpg,roboflow,C:\Pywork\dental\dental\data\raw\brar_bone_resorption\extracted\level_2\patient_image_000221_e7d95fd5.jpg,level_2/patient_image_000221_e7d95fd5.jpg,roboflow,roboflow,dhash,7,exclude
C:\Pywork\dental\dental\data\raw\brar_bone_resorption\extracted\level_2\patient_image_000409_6e6b2725.jpg,level_2/patient_image_000409_6e6b2725.jpg,roboflow,C:\Pywork\dental\dental\data\raw\brar_bone_resorption\extracted\level_1\patient_image_000676_2be85690.jpg,level_1/patient_image_000676_2be85690.jpg,roboflow,roboflow,dhash,6,exclude
C:\Pywork\dental\dental\data\raw\brar_bone_resorption\extracted\level_2\patient_image_000413_d10de40a.jpg,level_2/patient_image_000413_d10de40a.jpg,roboflow,C:\Pywork\dental\dental\data\raw\brar_bone_resorption\extracted\level_2\patient_image_000313_3503b411.jpg,level_2/patient_image_000313_3503b411.jpg,roboflow,roboflow,dhash,6,exclude
C:\Pywork\dental\dental\data\raw\brar_bone_resorption\extracted\level_2\patient_image_000414_ab919b7f.jpg,level_2/patient_image_000414_ab919b7f.jpg,roboflow,C:\Pywork\dental\dental\data\raw\brar_bone_resorption\extracted\level_1\patient_image_000055_084cf9be.jpg,level_1/patient_image_000055_084cf9be.jpg,roboflow,roboflow,dhash,8,exclude
C:\Pywork\dental\dental\data\raw\brar_bone_resorption\extracted\level_2\patient_image_000416_8c0322d5.jpg,level_2/patient_image_000416_8c0322d5.jpg,roboflow,C:\Pywork\dental\dental\data\raw\brar_bone_resorption\extracted\level_2\patient_image_000083_69520d04.jpg,level_2/patient_image_000083_69520d04.jpg,roboflow,roboflow,dhash,8,exclude
C:\Pywork\dental\dental\data\raw\brar_bone_resorption\extracted\level_2\patient_image_000418_112e5c74.jpg,level_2/patient_image_000418_112e5c74.jpg,roboflow,C:\Pywork\dental\dental\data\raw\brar_bone_resorption\extracted\level_2\patient_image_000415_fb82a215.jpg,level_2/patient_image_000415_fb82a215.jpg,roboflow,roboflow,dhash,7,exclude
C:\Pywork\dental\dental\data\raw\brar_bone_resorption\extracted\level_2\patient_image_000419_59039767.jpg,level_2/patient_image_000419_59039767.jpg,roboflow,C:\Pywork\dental\dental\data\raw\brar_bone_resorption\extracted\level_1\patient_image_000534_005e53f2.jpg,level_1/patient_image_000534_005e53f2.jpg,roboflow,roboflow,dhash,8,exclude
C:\Pywork\dental\dental\data\raw\brar_bone_resorption\extracted\level_2\patient_image_000424_072c4aa2.jpg,level_2/patient_image_000424_072c4aa2.jpg,roboflow,C:\Pywork\dental\dental\data\raw\brar_bone_resorption\extracted\level_2\patient_image_000288_0677c108.jpg,level_2/patient_image_000288_0677c108.jpg,roboflow,roboflow,dhash,7,exclude
C:\Pywork\dental\dental\data\raw\brar_bone_resorption\extracted\level_2\patient_image_000426_0fc4fb73.jpg,level_2/patient_image_000426_0fc4fb73.jpg,roboflow,C:\Pywork\dental\dental\data\raw\brar_bone_resorption\extracted\level_1\patient_image_000663_faa17871.jpg,level_1/patient_image_000663_faa17871.jpg,roboflow,roboflow,dhash,5,exclude
C:\Pywork\dental\dental\data\raw\brar_bone_resorption\extracted\level_2\patient_image_000427_03b8de7d.jpg,level_2/patient_image_000427_03b8de7d.jpg,roboflow,C:\Pywork\dental\dental\data\raw\brar_bone_resorption\extracted\level_2\patient_image_000259_3ec141ee.jpg,level_2/patient_image_000259_3ec141ee.jpg,roboflow,roboflow,dhash,6,exclude
C:\Pywork\dental\dental\data\raw\brar_bone_resorption\extracted\level_2\patient_image_000432_08bb0fd2.jpg,level_2/patient_image_000432_08bb0fd2.jpg,roboflow,C:\Pywork\dental\dental\data\raw\brar_bone_resorption\extracted\level_1\patient_image_000010_5ed86d8c.jpg,level_1/patient_image_000010_5ed86d8c.jpg,roboflow,roboflow,dhash,8,exclude
C:\Pywork\dental\dental\data\raw\brar_bone_resorption\extracted\level_2\patient_image_000434_e0719487.jpg,level_2/patient_image_000434_e0719487.jpg,roboflow,C:\Pywork\dental\dental\data\raw\brar_bone_resorption\extracted\level_1\patient_image_000061_2d347679.jpg,level_1/patient_image_000061_2d347679.jpg,roboflow,roboflow,dhash,7,exclude
C:\Pywork\dental\dental\data\raw\brar_bone_resorption\extracted\level_2\patient_image_000442_fa5b3c29.jpg,level_2/patient_image_000442_fa5b3c29.jpg,roboflow,C:\Pywork\dental\dental\data\raw\brar_bone_resorption\extracted\level_2\patient_image_000267_1cfc5a2c.jpg,level_2/patient_image_000267_1cfc5a2c.jpg,roboflow,roboflow,dhash,7,exclude
C:\Pywork\dental\dental\data\raw\brar_bone_resorption\extracted\level_2\patient_image_000443_0a8e215c.jpg,level_2/patient_image_000443_0a8e215c.jpg,roboflow,C:\Pywork\dental\dental\data\raw\brar_bone_resorption\extracted\level_2\patient_image_000386_245dcbc1.jpg,level_2/patient_image_000386_245dcbc1.jpg,roboflow,roboflow,dhash,5,exclude
C:\Pywork\dental\dental\data\raw\brar_bone_resorption\extracted\level_2\patient_image_000446_c227b530.jpg,level_2/patient_image_000446_c227b530.jpg,roboflow,C:\Pywork\dental\dental\data\raw\brar_bone_resorption\extracted\level_2\patient_image_000399_05c48a2a.jpg,level_2/patient_image_000399_05c48a2a.jpg,roboflow,roboflow,dhash,7,exclude
C:\Pywork\dental\dental\data\raw\brar_bone_resorption\extracted\level_2\patient_image_000452_6bae26b1.jpg,level_2/patient_image_000452_6bae26b1.jpg,roboflow,C:\Pywork\dental\dental\data\raw\brar_bone_resorption\extracted\level_2\patient_image_000321_ff9618f9.jpg,level_2/patient_image_000321_ff9618f9.jpg,roboflow,roboflow,dhash,7,exclude
C:\Pywork\dental\dental\data\raw\brar_bone_resorption\extracted\level_2\patient_image_000454_eb31f2c2.jpg,level_2/patient_image_000454_eb31f2c2.jpg,roboflow,C:\Pywork\dental\dental\data\raw\brar_bone_resorption\extracted\level_1\patient_image_000565_563d2976.jpg,level_1/patient_image_000565_563d2976.jpg,roboflow,roboflow,dhash,7,exclude
C:\Pywork\dental\dental\data\raw\brar_bone_resorption\extracted\level_2\patient_image_000457_e8f4aa9a.jpg,level_2/patient_image_000457_e8f4aa9a.jpg,roboflow,C:\Pywork\dental\dental\data\raw\brar_bone_resorption\extracted\level_2\patient_image_000094_7b1f8dd3.jpg,level_2/patient_image_000094_7b1f8dd3.jpg,roboflow,roboflow,dhash,8,exclude
C:\Pywork\dental\dental\data\raw\brar_bone_resorption\extracted\level_2\patient_image_000458_22bdeefa.jpg,level_2/patient_image_000458_22bdeefa.jpg,roboflow,C:\Pywork\dental\dental\data\raw\brar_bone_resorption\extracted\level_1\patient_image_000582_492951ef.jpg,level_1/patient_image_000582_492951ef.jpg,roboflow,roboflow,dhash,8,exclude
C:\Pywork\dental\dental\data\raw\brar_bone_resorption\extracted\level_2\patient_image_000460_02d60eef.jpg,level_2/patient_image_000460_02d60eef.jpg,roboflow,C:\Pywork\dental\dental\data\raw\brar_bone_resorption\extracted\level_2\patient_image_000272_139c54f3.jpg,level_2/patient_image_000272_139c54f3.jpg,roboflow,roboflow,dhash,7,exclude
C:\Pywork\dental\dental\data\raw\brar_bone_resorption\extracted\level_2\patient_image_000470_027102b5.jpg,level_2/patient_image_000470_027102b5.jpg,roboflow,C:\Pywork\dental\dental\data\raw\brar_bone_resorption\extracted\level_2\patient_image_000321_ff9618f9.jpg,level_2/patient_image_000321_ff9618f9.jpg,roboflow,roboflow,dhash,7,exclude
C:\Pywork\dental\dental\data\raw\brar_bone_resorption\extracted\level_2\patient_image_000471_92a5e5d6.jpg,level_2/patient_image_000471_92a5e5d6.jpg,roboflow,C:\Pywork\dental\dental\data\raw\brar_bone_resorption\extracted\level_2\patient_image_000272_139c54f3.jpg,level_2/patient_image_000272_139c54f3.jpg,roboflow,roboflow,dhash,8,exclude
C:\Pywork\dental\dental\data\raw\brar_bone_resorption\extracted\level_2\patient_image_000474_d4b38b87.jpg,level_2/patient_image_000474_d4b38b87.jpg,roboflow,C:\Pywork\dental\dental\data\raw\brar_bone_resorption\extracted\level_2\patient_image_000012_86f50079.jpg,level_2/patient_image_000012_86f50079.jpg,roboflow,roboflow,dhash,5,exclude
C:\Pywork\dental\dental\data\raw\brar_bone_resorption\extracted\level_2\patient_image_000478_59734b1a.jpg,level_2/patient_image_000478_59734b1a.jpg,roboflow,C:\Pywork\dental\dental\data\raw\brar_bone_resorption\extracted\level_1\patient_image_000602_2b495970.jpg,level_1/patient_image_000602_2b495970.jpg,roboflow,roboflow,dhash,8,exclude
C:\Pywork\dental\dental\data\raw\brar_bone_resorption\extracted\level_2\patient_image_000480_cda242fd.jpg,level_2/patient_image_000480_cda242fd.jpg,roboflow,C:\Pywork\dental\dental\data\raw\brar_bone_resorption\extracted\level_2\patient_image_000239_4735ff8e.jpg,level_2/patient_image_000239_4735ff8e.jpg,roboflow,roboflow,dhash,6,exclude
C:\Pywork\dental\dental\data\raw\brar_bone_resorption\extracted\level_2\patient_image_000483_36296dc7.jpg,level_2/patient_image_000483_36296dc7.jpg,roboflow,C:\Pywork\dental\dental\data\raw\brar_bone_resorption\extracted\level_2\patient_image_000309_077fbe7a.jpg,level_2/patient_image_000309_077fbe7a.jpg,roboflow,roboflow,dhash,5,exclude
C:\Pywork\dental\dental\data\raw\brar_bone_resorption\extracted\level_2\patient_image_000486_02dafd6a.jpg,level_2/patient_image_000486_02dafd6a.jpg,roboflow,C:\Pywork\dental\dental\data\raw\brar_bone_resorption\extracted\level_2\patient_image_000125_179d73b8.jpg,level_2/patient_image_000125_179d73b8.jpg,roboflow,roboflow,dhash,6,exclude
C:\Pywork\dental\dental\data\raw\brar_bone_resorption\extracted\level_2\patient_image_000488_48c416a4.jpg,level_2/patient_image_000488_48c416a4.jpg,roboflow,C:\Pywork\dental\dental\data\raw\brar_bone_resorption\extracted\level_2\patient_image_000357_dadd1a7f.jpg,level_2/patient_image_000357_dadd1a7f.jpg,roboflow,roboflow,dhash,8,exclude
C:\Pywork\dental\dental\data\raw\brar_bone_resorption\extracted\level_2\patient_image_000490_e72e1fbc.jpg,level_2/patient_image_000490_e72e1fbc.jpg,roboflow,C:\Pywork\dental\dental\data\raw\brar_bone_resorption\extracted\level_2\patient_image_000321_ff9618f9.jpg,level_2/patient_image_000321_ff9618f9.jpg,roboflow,roboflow,dhash,7,exclude
C:\Pywork\dental\dental\data\raw\brar_bone_resorption\extracted\level_2\patient_image_000495_e3410abd.jpg,level_2/patient_image_000495_e3410abd.jpg,roboflow,C:\Pywork\dental\dental\data\raw\brar_bone_resorption\extracted\level_2\patient_image_000417_1167174f.jpg,level_2/patient_image_000417_1167174f.jpg,roboflow,roboflow,dhash,8,exclude
C:\Pywork\dental\dental\data\raw\brar_bone_resorption\extracted\level_2\patient_image_000503_970b1839.jpg,level_2/patient_image_000503_970b1839.jpg,roboflow,C:\Pywork\dental\dental\data\raw\brar_bone_resorption\extracted\level_2\patient_image_000199_9a8179b4.jpg,level_2/patient_image_000199_9a8179b4.jpg,roboflow,roboflow,dhash,7,exclude
C:\Pywork\dental\dental\data\raw\brar_bone_resorption\extracted\level_2\patient_image_000544_b0afee2d.jpg,level_2/patient_image_000544_b0afee2d.jpg,roboflow,C:\Pywork\dental\dental\data\raw\brar_bone_resorption\extracted\level_1\patient_image_000682_2c28be4a.jpg,level_1/patient_image_000682_2c28be4a.jpg,roboflow,roboflow,dhash,7,exclude
C:\Pywork\dental\dental\data\raw\brar_bone_resorption\extracted\level_2\patient_image_000545_5a44bfb4.jpg,level_2/patient_image_000545_5a44bfb4.jpg,roboflow,C:\Pywork\dental\dental\data\raw\brar_bone_resorption\extracted\level_1\patient_image_000731_0c941f5d.jpg,level_1/patient_image_000731_0c941f5d.jpg,roboflow,roboflow,dhash,6,exclude
C:\Pywork\dental\dental\data\raw\brar_bone_resorption\extracted\level_2\patient_image_000552_c0574f20.jpg,level_2/patient_image_000552_c0574f20.jpg,roboflow,C:\Pywork\dental\dental\data\raw\brar_bone_resorption\extracted\level_1\patient_image_000517_8727624b.jpg,level_1/patient_image_000517_8727624b.jpg,roboflow,roboflow,dhash,6,exclude
C:\Pywork\dental\dental\data\raw\brar_bone_resorption\extracted\level_2\patient_image_000553_f8c87a59.jpg,level_2/patient_image_000553_f8c87a59.jpg,roboflow,C:\Pywork\dental\dental\data\raw\brar_bone_resorption\extracted\level_1\patient_image_000582_492951ef.jpg,level_1/patient_image_000582_492951ef.jpg,roboflow,roboflow,dhash,6,exclude
C:\Pywork\dental\dental\data\raw\brar_bone_resorption\extracted\level_2\patient_image_000556_92578943.jpg,level_2/patient_image_000556_92578943.jpg,roboflow,C:\Pywork\dental\dental\data\raw\brar_bone_resorption\extracted\level_1\patient_image_000507_a221a13c.jpg,level_1/patient_image_000507_a221a13c.jpg,roboflow,roboflow,dhash,6,exclude
C:\Pywork\dental\dental\data\raw\brar_bone_resorption\extracted\level_2\patient_image_000560_adc72499.jpg,level_2/patient_image_000560_adc72499.jpg,roboflow,C:\Pywork\dental\dental\data\raw\brar_bone_resorption\extracted\level_1\patient_image_000787_cbf5e397.jpg,level_1/patient_image_000787_cbf5e397.jpg,roboflow,roboflow,dhash,7,exclude
C:\Pywork\dental\dental\data\raw\brar_bone_resorption\extracted\level_2\patient_image_000561_87f73eef.jpg,level_2/patient_image_000561_87f73eef.jpg,roboflow,C:\Pywork\dental\dental\data\raw\brar_bone_resorption\extracted\level_1\patient_image_000797_d21f4490.jpg,level_1/patient_image_000797_d21f4490.jpg,roboflow,roboflow,dhash,7,exclude
C:\Pywork\dental\dental\data\raw\brar_bone_resorption\extracted\level_2\patient_image_000566_f080062c.jpg,level_2/patient_image_000566_f080062c.jpg,roboflow,C:\Pywork\dental\dental\data\raw\brar_bone_resorption\extracted\level_1\patient_image_000526_401bc35c.jpg,level_1/patient_image_000526_401bc35c.jpg,roboflow,roboflow,dhash,5,exclude
C:\Pywork\dental\dental\data\raw\brar_bone_resorption\extracted\level_2\patient_image_000567_3197d455.jpg,level_2/patient_image_000567_3197d455.jpg,roboflow,C:\Pywork\dental\dental\data\raw\brar_bone_resorption\extracted\level_1\patient_image_000531_cd6d4f9c.jpg,level_1/patient_image_000531_cd6d4f9c.jpg,roboflow,roboflow,dhash,8,exclude
C:\Pywork\dental\dental\data\raw\brar_bone_resorption\extracted\level_2\patient_image_000568_30da5428.jpg,level_2/patient_image_000568_30da5428.jpg,roboflow,C:\Pywork\dental\dental\data\raw\brar_bone_resorption\extracted\level_2\patient_image_000552_c0574f20.jpg,level_2/patient_image_000552_c0574f20.jpg,roboflow,roboflow,dhash,6,exclude
C:\Pywork\dental\dental\data\raw\brar_bone_resorption\extracted\level_2\patient_image_000583_dfceb69f.jpg,level_2/patient_image_000583_dfceb69f.jpg,roboflow,C:\Pywork\dental\dental\data\raw\brar_bone_resorption\extracted\level_2\patient_image_000560_adc72499.jpg,level_2/patient_image_000560_adc72499.jpg,roboflow,roboflow,dhash,5,exclude
C:\Pywork\dental\dental\data\raw\brar_bone_resorption\extracted\level_2\patient_image_000586_3d2038f8.jpg,level_2/patient_image_000586_3d2038f8.jpg,roboflow,C:\Pywork\dental\dental\data\raw\brar_bone_resorption\extracted\level_2\patient_image_000539_b6cf1f5b.jpg,level_2/patient_image_000539_b6cf1f5b.jpg,roboflow,roboflow,dhash,6,exclude
C:\Pywork\dental\dental\data\raw\brar_bone_resorption\extracted\level_2\patient_image_000590_10f9bc33.jpg,level_2/patient_image_000590_10f9bc33.jpg,roboflow,C:\Pywork\dental\dental\data\raw\brar_bone_resorption\extracted\level_1\patient_image_000778_ddc2800e.jpg,level_1/patient_image_000778_ddc2800e.jpg,roboflow,roboflow,dhash,5,exclude
C:\Pywork\dental\dental\data\raw\brar_bone_resorption\extracted\level_2\patient_image_000597_f2544888.jpg,level_2/patient_image_000597_f2544888.jpg,roboflow,C:\Pywork\dental\dental\data\raw\brar_bone_resorption\extracted\level_1\patient_image_000534_005e53f2.jpg,level_1/patient_image_000534_005e53f2.jpg,roboflow,roboflow,dhash,8,exclude
C:\Pywork\dental\dental\data\raw\brar_bone_resorption\extracted\level_2\patient_image_000598_38fac96c.jpg,level_2/patient_image_000598_38fac96c.jpg,roboflow,C:\Pywork\dental\dental\data\raw\brar_bone_resorption\extracted\level_1\patient_image_000520_7753c29b.jpg,level_1/patient_image_000520_7753c29b.jpg,roboflow,roboflow,dhash,6,exclude
C:\Pywork\dental\dental\data\raw\brar_bone_resorption\extracted\level_2\patient_image_000599_f9a4c92e.jpg,level_2/patient_image_000599_f9a4c92e.jpg,roboflow,C:\Pywork\dental\dental\data\raw\brar_bone_resorption\extracted\level_1\patient_image_000582_492951ef.jpg,level_1/patient_image_000582_492951ef.jpg,roboflow,roboflow,dhash,5,exclude
C:\Pywork\dental\dental\data\raw\brar_bone_resorption\extracted\level_2\patient_image_000601_cd1e4b37.jpg,level_2/patient_image_000601_cd1e4b37.jpg,roboflow,C:\Pywork\dental\dental\data\raw\brar_bone_resorption\extracted\level_1\patient_image_000787_cbf5e397.jpg,level_1/patient_image_000787_cbf5e397.jpg,roboflow,roboflow,dhash,8,exclude
C:\Pywork\dental\dental\data\raw\brar_bone_resorption\extracted\level_2\patient_image_000604_85a044c8.jpg,level_2/patient_image_000604_85a044c8.jpg,roboflow,C:\Pywork\dental\dental\data\raw\brar_bone_resorption\extracted\level_2\patient_image_000402_74196900.jpg,level_2/patient_image_000402_74196900.jpg,roboflow,roboflow,dhash,8,exclude
C:\Pywork\dental\dental\data\raw\brar_bone_resorption\extracted\level_2\patient_image_000611_cda27acf.jpg,level_2/patient_image_000611_cda27acf.jpg,roboflow,C:\Pywork\dental\dental\data\raw\brar_bone_resorption\extracted\level_1\patient_image_000551_53b8f0cc.jpg,level_1/patient_image_000551_53b8f0cc.jpg,roboflow,roboflow,dhash,7,exclude
C:\Pywork\dental\dental\data\raw\brar_bone_resorption\extracted\level_2\patient_image_000624_fb2faa84.jpg,level_2/patient_image_000624_fb2faa84.jpg,roboflow,C:\Pywork\dental\dental\data\raw\brar_bone_resorption\extracted\level_1\patient_image_000520_7753c29b.jpg,level_1/patient_image_000520_7753c29b.jpg,roboflow,roboflow,dhash,7,exclude
C:\Pywork\dental\dental\data\raw\brar_bone_resorption\extracted\level_2\patient_image_000627_a087afec.jpg,level_2/patient_image_000627_a087afec.jpg,roboflow,C:\Pywork\dental\dental\data\raw\brar_bone_resorption\extracted\level_2\patient_image_000544_b0afee2d.jpg,level_2/patient_image_000544_b0afee2d.jpg,roboflow,roboflow,dhash,6,exclude
C:\Pywork\dental\dental\data\raw\brar_bone_resorption\extracted\level_2\patient_image_000631_9ca7c541.jpg,level_2/patient_image_000631_9ca7c541.jpg,roboflow,C:\Pywork\dental\dental\data\raw\brar_bone_resorption\extracted\level_1\patient_image_000022_4eb9fa52.jpg,level_1/patient_image_000022_4eb9fa52.jpg,roboflow,roboflow,dhash,6,exclude
C:\Pywork\dental\dental\data\raw\brar_bone_resorption\extracted\level_2\patient_image_000635_d24404f4.jpg,level_2/patient_image_000635_d24404f4.jpg,roboflow,C:\Pywork\dental\dental\data\raw\brar_bone_resorption\extracted\level_2\patient_image_000478_59734b1a.jpg,level_2/patient_image_000478_59734b1a.jpg,roboflow,roboflow,dhash,8,exclude
C:\Pywork\dental\dental\data\raw\brar_bone_resorption\extracted\level_2\patient_image_000636_8d28a642.jpg,level_2/patient_image_000636_8d28a642.jpg,roboflow,C:\Pywork\dental\dental\data\raw\brar_bone_resorption\extracted\level_2\patient_image_000566_f080062c.jpg,level_2/patient_image_000566_f080062c.jpg,roboflow,roboflow,dhash,5,exclude
C:\Pywork\dental\dental\data\raw\brar_bone_resorption\extracted\level_2\patient_image_000649_5669f77d.jpg,level_2/patient_image_000649_5669f77d.jpg,roboflow,C:\Pywork\dental\dental\data\raw\brar_bone_resorption\extracted\level_2\patient_image_000624_fb2faa84.jpg,level_2/patient_image_000624_fb2faa84.jpg,roboflow,roboflow,dhash,7,exclude
C:\Pywork\dental\dental\data\raw\brar_bone_resorption\extracted\level_2\patient_image_000652_d9996c5f.jpg,level_2/patient_image_000652_d9996c5f.jpg,roboflow,C:\Pywork\dental\dental\data\raw\brar_bone_resorption\extracted\level_1\patient_image_000674_59a55935.jpg,level_1/patient_image_000674_59a55935.jpg,roboflow,roboflow,dhash,8,exclude
C:\Pywork\dental\dental\data\raw\brar_bone_resorption\extracted\level_2\patient_image_000653_6030e552.jpg,level_2/patient_image_000653_6030e552.jpg,roboflow,C:\Pywork\dental\dental\data\raw\brar_bone_resorption\extracted\level_1\patient_image_000589_28416cf6.jpg,level_1/patient_image_000589_28416cf6.jpg,roboflow,roboflow,dhash,5,exclude
C:\Pywork\dental\dental\data\raw\brar_bone_resorption\extracted\level_2\patient_image_000661_1feca3dd.jpg,level_2/patient_image_000661_1feca3dd.jpg,roboflow,C:\Pywork\dental\dental\data\raw\brar_bone_resorption\extracted\level_2\patient_image_000627_a087afec.jpg,level_2/patient_image_000627_a087afec.jpg,roboflow,roboflow,dhash,6,exclude
C:\Pywork\dental\dental\data\raw\brar_bone_resorption\extracted\level_2\patient_image_000665_9d6ed479.jpg,level_2/patient_image_000665_9d6ed479.jpg,roboflow,C:\Pywork\dental\dental\data\raw\brar_bone_resorption\extracted\level_1\patient_image_000512_3394ba22.jpg,level_1/patient_image_000512_3394ba22.jpg,roboflow,roboflow,dhash,5,exclude
C:\Pywork\dental\dental\data\raw\brar_bone_resorption\extracted\level_2\patient_image_000669_1a4563d6.jpg,level_2/patient_image_000669_1a4563d6.jpg,roboflow,C:\Pywork\dental\dental\data\raw\brar_bone_resorption\extracted\level_1\patient_image_000516_912d996b.jpg,level_1/patient_image_000516_912d996b.jpg,roboflow,roboflow,dhash,8,exclude
C:\Pywork\dental\dental\data\raw\brar_bone_resorption\extracted\level_2\patient_image_000670_22bd318a.jpg,level_2/patient_image_000670_22bd318a.jpg,roboflow,C:\Pywork\dental\dental\data\raw\brar_bone_resorption\extracted\level_1\patient_image_000580_fb58b578.jpg,level_1/patient_image_000580_fb58b578.jpg,roboflow,roboflow,dhash,8,exclude
C:\Pywork\dental\dental\data\raw\brar_bone_resorption\extracted\level_2\patient_image_000671_a66b5d48.jpg,level_2/patient_image_000671_a66b5d48.jpg,roboflow,C:\Pywork\dental\dental\data\raw\brar_bone_resorption\extracted\level_1\patient_image_000613_020562fc.jpg,level_1/patient_image_000613_020562fc.jpg,roboflow,roboflow,dhash,6,exclude
C:\Pywork\dental\dental\data\raw\brar_bone_resorption\extracted\level_2\patient_image_000675_d0dba229.jpg,level_2/patient_image_000675_d0dba229.jpg,roboflow,C:\Pywork\dental\dental\data\raw\brar_bone_resorption\extracted\level_2\patient_image_000333_93372893.jpg,level_2/patient_image_000333_93372893.jpg,roboflow,roboflow,dhash,6,exclude
C:\Pywork\dental\dental\data\raw\brar_bone_resorption\extracted\level_2\patient_image_000677_e5bbd8df.jpg,level_2/patient_image_000677_e5bbd8df.jpg,roboflow,C:\Pywork\dental\dental\data\raw\brar_bone_resorption\extracted\level_1\patient_image_000055_084cf9be.jpg,level_1/patient_image_000055_084cf9be.jpg,roboflow,roboflow,dhash,6,exclude
C:\Pywork\dental\dental\data\raw\brar_bone_resorption\extracted\level_2\patient_image_000680_d1fc230b.jpg,level_2/patient_image_000680_d1fc230b.jpg,roboflow,C:\Pywork\dental\dental\data\raw\brar_bone_resorption\extracted\level_1\patient_image_000667_dfa0686b.jpg,level_1/patient_image_000667_dfa0686b.jpg,roboflow,roboflow,dhash,6,exclude
C:\Pywork\dental\dental\data\raw\brar_bone_resorption\extracted\level_2\patient_image_000681_92937f51.jpg,level_2/patient_image_000681_92937f51.jpg,roboflow,C:\Pywork\dental\dental\data\raw\brar_bone_resorption\extracted\level_2\patient_image_000252_d3ec3446.jpg,level_2/patient_image_000252_d3ec3446.jpg,roboflow,roboflow,dhash,5,exclude
C:\Pywork\dental\dental\data\raw\brar_bone_resorption\extracted\level_2\patient_image_000683_ab596b35.jpg,level_2/patient_image_000683_ab596b35.jpg,roboflow,C:\Pywork\dental\dental\data\raw\brar_bone_resorption\extracted\level_1\patient_image_000557_ef03aa7a.jpg,level_1/patient_image_000557_ef03aa7a.jpg,roboflow,roboflow,dhash,6,exclude
C:\Pywork\dental\dental\data\raw\brar_bone_resorption\extracted\level_2\patient_image_000687_78a93597.jpg,level_2/patient_image_000687_78a93597.jpg,roboflow,C:\Pywork\dental\dental\data\raw\brar_bone_resorption\extracted\level_1\patient_image_000759_e1218872.jpg,level_1/patient_image_000759_e1218872.jpg,roboflow,roboflow,dhash,8,exclude
C:\Pywork\dental\dental\data\raw\brar_bone_resorption\extracted\level_2\patient_image_000690_a5efc744.jpg,level_2/patient_image_000690_a5efc744.jpg,roboflow,C:\Pywork\dental\dental\data\raw\brar_bone_resorption\extracted\level_1\patient_image_000759_e1218872.jpg,level_1/patient_image_000759_e1218872.jpg,roboflow,roboflow,dhash,5,exclude
C:\Pywork\dental\dental\data\raw\brar_bone_resorption\extracted\level_2\patient_image_000692_7b9f3fd0.jpg,level_2/patient_image_000692_7b9f3fd0.jpg,roboflow,C:\Pywork\dental\dental\data\raw\brar_bone_resorption\extracted\level_1\patient_image_000778_ddc2800e.jpg,level_1/patient_image_000778_ddc2800e.jpg,roboflow,roboflow,dhash,6,exclude
C:\Pywork\dental\dental\data\raw\brar_bone_resorption\extracted\level_2\patient_image_000695_36a72067.jpg,level_2/patient_image_000695_36a72067.jpg,roboflow,C:\Pywork\dental\dental\data\raw\brar_bone_resorption\extracted\level_2\patient_image_000409_6e6b2725.jpg,level_2/patient_image_000409_6e6b2725.jpg,roboflow,roboflow,dhash,6,exclude
C:\Pywork\dental\dental\data\raw\brar_bone_resorption\extracted\level_2\patient_image_000702_93e8265e.jpg,level_2/patient_image_000702_93e8265e.jpg,roboflow,C:\Pywork\dental\dental\data\raw\brar_bone_resorption\extracted\level_2\patient_image_000352_2cb283b7.jpg,level_2/patient_image_000352_2cb283b7.jpg,roboflow,roboflow,dhash,5,exclude
C:\Pywork\dental\dental\data\raw\brar_bone_resorption\extracted\level_2\patient_image_000704_8811aa89.jpg,level_2/patient_image_000704_8811aa89.jpg,roboflow,C:\Pywork\dental\dental\data\raw\brar_bone_resorption\extracted\level_1\patient_image_000589_28416cf6.jpg,level_1/patient_image_000589_28416cf6.jpg,roboflow,roboflow,dhash,7,exclude
C:\Pywork\dental\dental\data\raw\brar_bone_resorption\extracted\level_2\patient_image_000705_2420ddd4.jpg,level_2/patient_image_000705_2420ddd4.jpg,roboflow,C:\Pywork\dental\dental\data\raw\brar_bone_resorption\extracted\level_1\patient_image_000632_e4c45dbd.jpg,level_1/patient_image_000632_e4c45dbd.jpg,roboflow,roboflow,dhash,6,exclude
C:\Pywork\dental\dental\data\raw\brar_bone_resorption\extracted\level_2\patient_image_000711_09ede04a.jpg,level_2/patient_image_000711_09ede04a.jpg,roboflow,C:\Pywork\dental\dental\data\raw\brar_bone_resorption\extracted\level_2\patient_image_000671_a66b5d48.jpg,level_2/patient_image_000671_a66b5d48.jpg,roboflow,roboflow,dhash,6,exclude
C:\Pywork\dental\dental\data\raw\brar_bone_resorption\extracted\level_2\patient_image_000712_f74901b1.jpg,level_2/patient_image_000712_f74901b1.jpg,roboflow,C:\Pywork\dental\dental\data\raw\brar_bone_resorption\extracted\level_1\patient_image_000703_b50c05bd.jpg,level_1/patient_image_000703_b50c05bd.jpg,roboflow,roboflow,dhash,6,exclude
C:\Pywork\dental\dental\data\raw\brar_bone_resorption\extracted\level_2\patient_image_000721_ee5c13d1.jpg,level_2/patient_image_000721_ee5c13d1.jpg,roboflow,C:\Pywork\dental\dental\data\raw\brar_bone_resorption\extracted\level_2\patient_image_000097_ca98b862.jpg,level_2/patient_image_000097_ca98b862.jpg,roboflow,roboflow,dhash,8,exclude
C:\Pywork\dental\dental\data\raw\brar_bone_resorption\extracted\level_2\patient_image_000724_7100cffe.jpg,level_2/patient_image_000724_7100cffe.jpg,roboflow,C:\Pywork\dental\dental\data\raw\brar_bone_resorption\extracted\level_2\patient_image_000391_3111495d.jpg,level_2/patient_image_000391_3111495d.jpg,roboflow,roboflow,dhash,7,exclude
C:\Pywork\dental\dental\data\raw\brar_bone_resorption\extracted\level_2\patient_image_000726_2f3a2acb.jpg,level_2/patient_image_000726_2f3a2acb.jpg,roboflow,C:\Pywork\dental\dental\data\raw\brar_bone_resorption\extracted\level_1\patient_image_000565_563d2976.jpg,level_1/patient_image_000565_563d2976.jpg,roboflow,roboflow,dhash,7,exclude
C:\Pywork\dental\dental\data\raw\brar_bone_resorption\extracted\level_2\patient_image_000733_39457b8c.jpg,level_2/patient_image_000733_39457b8c.jpg,roboflow,C:\Pywork\dental\dental\data\raw\brar_bone_resorption\extracted\level_1\patient_image_000613_020562fc.jpg,level_1/patient_image_000613_020562fc.jpg,roboflow,roboflow,dhash,5,exclude
C:\Pywork\dental\dental\data\raw\brar_bone_resorption\extracted\level_2\patient_image_000735_4c06fd9d.jpg,level_2/patient_image_000735_4c06fd9d.jpg,roboflow,C:\Pywork\dental\dental\data\raw\brar_bone_resorption\extracted\level_2\patient_image_000646_632e9dbf.jpg,level_2/patient_image_000646_632e9dbf.jpg,roboflow,roboflow,dhash,5,exclude
C:\Pywork\dental\dental\data\raw\brar_bone_resorption\extracted\level_2\patient_image_000738_5f7ed924.jpg,level_2/patient_image_000738_5f7ed924.jpg,roboflow,C:\Pywork\dental\dental\data\raw\brar_bone_resorption\extracted\level_2\patient_image_000292_c286f867.jpg,level_2/patient_image_000292_c286f867.jpg,roboflow,roboflow,dhash,8,exclude
C:\Pywork\dental\dental\data\raw\brar_bone_resorption\extracted\level_2\patient_image_000741_c2d8c781.jpg,level_2/patient_image_000741_c2d8c781.jpg,roboflow,C:\Pywork\dental\dental\data\raw\brar_bone_resorption\extracted\level_2\patient_image_000717_d2755dfc.jpg,level_2/patient_image_000717_d2755dfc.jpg,roboflow,roboflow,dhash,5,exclude
C:\Pywork\dental\dental\data\raw\brar_bone_resorption\extracted\level_2\patient_image_000742_673fbbc2.jpg,level_2/patient_image_000742_673fbbc2.jpg,roboflow,C:\Pywork\dental\dental\data\raw\brar_bone_resorption\extracted\level_1\patient_image_000516_912d996b.jpg,level_1/patient_image_000516_912d996b.jpg,roboflow,roboflow,dhash,7,exclude
C:\Pywork\dental\dental\data\raw\brar_bone_resorption\extracted\level_2\patient_image_000744_3d81cbef.jpg,level_2/patient_image_000744_3d81cbef.jpg,roboflow,C:\Pywork\dental\dental\data\raw\brar_bone_resorption\extracted\level_2\patient_image_000299_0081b06c.jpg,level_2/patient_image_000299_0081b06c.jpg,roboflow,roboflow,dhash,7,exclude
C:\Pywork\dental\dental\data\raw\brar_bone_resorption\extracted\level_2\patient_image_000748_ba114015.jpg,level_2/patient_image_000748_ba114015.jpg,roboflow,C:\Pywork\dental\dental\data\raw\brar_bone_resorption\extracted\level_1\patient_image_000526_401bc35c.jpg,level_1/patient_image_000526_401bc35c.jpg,roboflow,roboflow,dhash,7,exclude
C:\Pywork\dental\dental\data\raw\brar_bone_resorption\extracted\level_2\patient_image_000749_10f541bd.jpg,level_2/patient_image_000749_10f541bd.jpg,roboflow,C:\Pywork\dental\dental\data\raw\brar_bone_resorption\extracted\level_1\patient_image_000524_16efeae5.jpg,level_1/patient_image_000524_16efeae5.jpg,roboflow,roboflow,dhash,6,exclude
C:\Pywork\dental\dental\data\raw\brar_bone_resorption\extracted\level_2\patient_image_000752_c1b45b8a.jpg,level_2/patient_image_000752_c1b45b8a.jpg,roboflow,C:\Pywork\dental\dental\data\raw\brar_bone_resorption\extracted\level_2\patient_image_000643_5abd7d83.jpg,level_2/patient_image_000643_5abd7d83.jpg,roboflow,roboflow,dhash,6,exclude
C:\Pywork\dental\dental\data\raw\brar_bone_resorption\extracted\level_2\patient_image_000755_52d07050.jpg,level_2/patient_image_000755_52d07050.jpg,roboflow,C:\Pywork\dental\dental\data\raw\brar_bone_resorption\extracted\level_2\patient_image_000601_cd1e4b37.jpg,level_2/patient_image_000601_cd1e4b37.jpg,roboflow,roboflow,dhash,8,exclude
C:\Pywork\dental\dental\data\raw\brar_bone_resorption\extracted\level_2\patient_image_000761_de5dc0c0.jpg,level_2/patient_image_000761_de5dc0c0.jpg,roboflow,C:\Pywork\dental\dental\data\raw\brar_bone_resorption\extracted\level_2\patient_image_000083_69520d04.jpg,level_2/patient_image_000083_69520d04.jpg,roboflow,roboflow,dhash,6,exclude
C:\Pywork\dental\dental\data\raw\brar_bone_resorption\extracted\level_2\patient_image_000762_98c37c92.jpg,level_2/patient_image_000762_98c37c92.jpg,roboflow,C:\Pywork\dental\dental\data\raw\brar_bone_resorption\extracted\level_2\patient_image_000091_402cb864.jpg,level_2/patient_image_000091_402cb864.jpg,roboflow,roboflow,dhash,5,exclude
C:\Pywork\dental\dental\data\raw\brar_bone_resorption\extracted\level_2\patient_image_000766_4738d8ec.jpg,level_2/patient_image_000766_4738d8ec.jpg,roboflow,C:\Pywork\dental\dental\data\raw\brar_bone_resorption\extracted\level_2\patient_image_000415_fb82a215.jpg,level_2/patient_image_000415_fb82a215.jpg,roboflow,roboflow,dhash,5,exclude
C:\Pywork\dental\dental\data\raw\brar_bone_resorption\extracted\level_2\patient_image_000767_585542a6.jpg,level_2/patient_image_000767_585542a6.jpg,roboflow,C:\Pywork\dental\dental\data\raw\brar_bone_resorption\extracted\level_1\patient_image_000778_ddc2800e.jpg,level_1/patient_image_000778_ddc2800e.jpg,roboflow,roboflow,dhash,8,exclude
C:\Pywork\dental\dental\data\raw\brar_bone_resorption\extracted\level_2\patient_image_000769_a862a9c7.jpg,level_2/patient_image_000769_a862a9c7.jpg,roboflow,C:\Pywork\dental\dental\data\raw\brar_bone_resorption\extracted\level_1\patient_image_000505_dc092d23.jpg,level_1/patient_image_000505_dc092d23.jpg,roboflow,roboflow,dhash,7,exclude
C:\Pywork\dental\dental\data\raw\brar_bone_resorption\extracted\level_2\patient_image_000771_f666f8d9.jpg,level_2/patient_image_000771_f666f8d9.jpg,roboflow,C:\Pywork\dental\dental\data\raw\brar_bone_resorption\extracted\level_2\patient_image_000097_ca98b862.jpg,level_2/patient_image_000097_ca98b862.jpg,roboflow,roboflow,dhash,7,exclude
C:\Pywork\dental\dental\data\raw\brar_bone_resorption\extracted\level_2\patient_image_000772_babbfc8b.jpg,level_2/patient_image_000772_babbfc8b.jpg,roboflow,C:\Pywork\dental\dental\data\raw\brar_bone_resorption\extracted\level_2\patient_image_000367_348bf0ed.jpg,level_2/patient_image_000367_348bf0ed.jpg,roboflow,roboflow,dhash,6,exclude
C:\Pywork\dental\dental\data\raw\brar_bone_resorption\extracted\level_2\patient_image_000773_638b0558.jpg,level_2/patient_image_000773_638b0558.jpg,roboflow,C:\Pywork\dental\dental\data\raw\brar_bone_resorption\extracted\level_1\patient_image_000565_563d2976.jpg,level_1/patient_image_000565_563d2976.jpg,roboflow,roboflow,dhash,6,exclude
C:\Pywork\dental\dental\data\raw\brar_bone_resorption\extracted\level_2\patient_image_000774_e26d228d.jpg,level_2/patient_image_000774_e26d228d.jpg,roboflow,C:\Pywork\dental\dental\data\raw\brar_bone_resorption\extracted\level_1\patient_image_000900_1f174f64.jpg,level_1/patient_image_000900_1f174f64.jpg,roboflow,roboflow,dhash,6,exclude
C:\Pywork\dental\dental\data\raw\brar_bone_resorption\extracted\level_2\patient_image_000776_bb326787.jpg,level_2/patient_image_000776_bb326787.jpg,roboflow,C:\Pywork\dental\dental\data\raw\brar_bone_resorption\extracted\level_1\patient_image_000022_4eb9fa52.jpg,level_1/patient_image_000022_4eb9fa52.jpg,roboflow,roboflow,dhash,6,exclude
C:\Pywork\dental\dental\data\raw\brar_bone_resorption\extracted\level_2\patient_image_000777_9462e536.jpg,level_2/patient_image_000777_9462e536.jpg,roboflow,C:\Pywork\dental\dental\data\raw\brar_bone_resorption\extracted\level_1\patient_image_000580_fb58b578.jpg,level_1/patient_image_000580_fb58b578.jpg,roboflow,roboflow,dhash,6,exclude
C:\Pywork\dental\dental\data\raw\brar_bone_resorption\extracted\level_2\patient_image_000780_7404e85c.jpg,level_2/patient_image_000780_7404e85c.jpg,roboflow,C:\Pywork\dental\dental\data\raw\brar_bone_resorption\extracted\level_2\patient_image_000382_934a0214.jpg,level_2/patient_image_000382_934a0214.jpg,roboflow,roboflow,dhash,8,exclude
C:\Pywork\dental\dental\data\raw\brar_bone_resorption\extracted\level_2\patient_image_000784_b669de59.jpg,level_2/patient_image_000784_b669de59.jpg,roboflow,C:\Pywork\dental\dental\data\raw\brar_bone_resorption\extracted\level_2\patient_image_000659_01848364.jpg,level_2/patient_image_000659_01848364.jpg,roboflow,roboflow,dhash,5,exclude
C:\Pywork\dental\dental\data\raw\brar_bone_resorption\extracted\level_2\patient_image_000785_ae6c1f79.jpg,level_2/patient_image_000785_ae6c1f79.jpg,roboflow,C:\Pywork\dental\dental\data\raw\brar_bone_resorption\extracted\level_1\patient_image_000682_2c28be4a.jpg,level_1/patient_image_000682_2c28be4a.jpg,roboflow,roboflow,dhash,6,exclude
C:\Pywork\dental\dental\data\raw\brar_bone_resorption\extracted\level_2\patient_image_000788_ec38f839.jpg,level_2/patient_image_000788_ec38f839.jpg,roboflow,C:\Pywork\dental\dental\data\raw\brar_bone_resorption\extracted\level_1\patient_image_000803_09145696.jpg,level_1/patient_image_000803_09145696.jpg,roboflow,roboflow,dhash,8,exclude
C:\Pywork\dental\dental\data\raw\brar_bone_resorption\extracted\level_2\patient_image_000790_dc67a190.jpg,level_2/patient_image_000790_dc67a190.jpg,roboflow,C:\Pywork\dental\dental\data\raw\brar_bone_resorption\extracted\level_2\patient_image_000318_9ff0fd8a.jpg,level_2/patient_image_000318_9ff0fd8a.jpg,roboflow,roboflow,dhash,7,exclude
C:\Pywork\dental\dental\data\raw\brar_bone_resorption\extracted\level_2\patient_image_000793_39966297.jpg,level_2/patient_image_000793_39966297.jpg,roboflow,C:\Pywork\dental\dental\data\raw\brar_bone_resorption\extracted\level_1\patient_image_000613_020562fc.jpg,level_1/patient_image_000613_020562fc.jpg,roboflow,roboflow,dhash,5,exclude
C:\Pywork\dental\dental\data\raw\brar_bone_resorption\extracted\level_2\patient_image_000795_b452d6f6.jpg,level_2/patient_image_000795_b452d6f6.jpg,roboflow,C:\Pywork\dental\dental\data\raw\brar_bone_resorption\extracted\level_1\patient_image_000778_ddc2800e.jpg,level_1/patient_image_000778_ddc2800e.jpg,roboflow,roboflow,dhash,6,exclude
C:\Pywork\dental\dental\data\raw\brar_bone_resorption\extracted\level_2\patient_image_000798_1636fbe6.jpg,level_2/patient_image_000798_1636fbe6.jpg,roboflow,C:\Pywork\dental\dental\data\raw\brar_bone_resorption\extracted\level_2\patient_image_000717_d2755dfc.jpg,level_2/patient_image_000717_d2755dfc.jpg,roboflow,roboflow,dhash,5,exclude
C:\Pywork\dental\dental\data\raw\brar_bone_resorption\extracted\level_2\patient_image_000799_806467b4.jpg,level_2/patient_image_000799_806467b4.jpg,roboflow,C:\Pywork\dental\dental\data\raw\brar_bone_resorption\extracted\level_2\patient_image_000717_d2755dfc.jpg,level_2/patient_image_000717_d2755dfc.jpg,roboflow,roboflow,dhash,6,exclude
C:\Pywork\dental\dental\data\raw\brar_bone_resorption\extracted\level_2\patient_image_000801_701e7a57.jpg,level_2/patient_image_000801_701e7a57.jpg,roboflow,C:\Pywork\dental\dental\data\raw\brar_bone_resorption\extracted\level_2\patient_image_000601_cd1e4b37.jpg,level_2/patient_image_000601_cd1e4b37.jpg,roboflow,roboflow,dhash,7,exclude
C:\Pywork\dental\dental\data\raw\brar_bone_resorption\extracted\level_2\patient_image_000805_a6285cd0.jpg,level_2/patient_image_000805_a6285cd0.jpg,roboflow,C:\Pywork\dental\dental\data\raw\brar_bone_resorption\extracted\level_2\patient_image_000717_d2755dfc.jpg,level_2/patient_image_000717_d2755dfc.jpg,roboflow,roboflow,dhash,5,exclude
C:\Pywork\dental\dental\data\raw\brar_bone_resorption\extracted\level_2\patient_image_000808_fe172a13.jpg,level_2/patient_image_000808_fe172a13.jpg,roboflow,C:\Pywork\dental\dental\data\raw\brar_bone_resorption\extracted\level_2\patient_image_000321_ff9618f9.jpg,level_2/patient_image_000321_ff9618f9.jpg,roboflow,roboflow,dhash,7,exclude
C:\Pywork\dental\dental\data\raw\brar_bone_resorption\extracted\level_2\patient_image_000815_f279cd7d.jpg,level_2/patient_image_000815_f279cd7d.jpg,roboflow,C:\Pywork\dental\dental\data\raw\brar_bone_resorption\extracted\level_2\patient_image_000279_ba5256ba.jpg,level_2/patient_image_000279_ba5256ba.jpg,roboflow,roboflow,dhash,6,exclude
C:\Pywork\dental\dental\data\raw\brar_bone_resorption\extracted\level_2\patient_image_000817_09e72457.jpg,level_2/patient_image_000817_09e72457.jpg,roboflow,C:\Pywork\dental\dental\data\raw\brar_bone_resorption\extracted\level_2\patient_image_000648_fc0e7a10.jpg,level_2/patient_image_000648_fc0e7a10.jpg,roboflow,roboflow,dhash,7,exclude
C:\Pywork\dental\dental\data\raw\brar_bone_resorption\extracted\level_2\patient_image_000818_165888a3.jpg,level_2/patient_image_000818_165888a3.jpg,roboflow,C:\Pywork\dental\dental\data\raw\brar_bone_resorption\extracted\level_2\patient_image_000415_fb82a215.jpg,level_2/patient_image_000415_fb82a215.jpg,roboflow,roboflow,dhash,8,exclude
C:\Pywork\dental\dental\data\raw\brar_bone_resorption\extracted\level_2\patient_image_000820_982b50b1.jpg,level_2/patient_image_000820_982b50b1.jpg,roboflow,C:\Pywork\dental\dental\data\raw\brar_bone_resorption\extracted\level_2\patient_image_000349_3074f911.jpg,level_2/patient_image_000349_3074f911.jpg,roboflow,roboflow,dhash,7,exclude
C:\Pywork\dental\dental\data\raw\brar_bone_resorption\extracted\level_2\patient_image_000823_2a992066.jpg,level_2/patient_image_000823_2a992066.jpg,roboflow,C:\Pywork\dental\dental\data\raw\brar_bone_resorption\extracted\level_2\patient_image_000390_7959b203.jpg,level_2/patient_image_000390_7959b203.jpg,roboflow,roboflow,dhash,7,exclude
C:\Pywork\dental\dental\data\raw\brar_bone_resorption\extracted\level_2\patient_image_000825_5ac921b0.jpg,level_2/patient_image_000825_5ac921b0.jpg,roboflow,C:\Pywork\dental\dental\data\raw\brar_bone_resorption\extracted\level_2\patient_image_000704_8811aa89.jpg,level_2/patient_image_000704_8811aa89.jpg,roboflow,roboflow,dhash,7,exclude
C:\Pywork\dental\dental\data\raw\brar_bone_resorption\extracted\level_2\patient_image_000826_d4f2e623.jpg,level_2/patient_image_000826_d4f2e623.jpg,roboflow,C:\Pywork\dental\dental\data\raw\brar_bone_resorption\extracted\level_2\patient_image_000729_fe499a1a.jpg,level_2/patient_image_000729_fe499a1a.jpg,roboflow,roboflow,dhash,6,exclude
C:\Pywork\dental\dental\data\raw\brar_bone_resorption\extracted\level_2\patient_image_000827_b540e187.jpg,level_2/patient_image_000827_b540e187.jpg,roboflow,C:\Pywork\dental\dental\data\raw\brar_bone_resorption\extracted\level_1\patient_image_000559_a0f01261.jpg,level_1/patient_image_000559_a0f01261.jpg,roboflow,roboflow,dhash,5,exclude
C:\Pywork\dental\dental\data\raw\brar_bone_resorption\extracted\level_2\patient_image_000829_8ad07052.jpg,level_2/patient_image_000829_8ad07052.jpg,roboflow,C:\Pywork\dental\dental\data\raw\brar_bone_resorption\extracted\level_1\patient_image_000526_401bc35c.jpg,level_1/patient_image_000526_401bc35c.jpg,roboflow,roboflow,dhash,6,exclude
C:\Pywork\dental\dental\data\raw\brar_bone_resorption\extracted\level_2\patient_image_000830_6e3bc5bc.jpg,level_2/patient_image_000830_6e3bc5bc.jpg,roboflow,C:\Pywork\dental\dental\data\raw\brar_bone_resorption\extracted\level_2\patient_image_000653_6030e552.jpg,level_2/patient_image_000653_6030e552.jpg,roboflow,roboflow,dhash,7,exclude
C:\Pywork\dental\dental\data\raw\brar_bone_resorption\extracted\level_2\patient_image_000831_da537e9a.jpg,level_2/patient_image_000831_da537e9a.jpg,roboflow,C:\Pywork\dental\dental\data\raw\brar_bone_resorption\extracted\level_1\patient_image_000731_0c941f5d.jpg,level_1/patient_image_000731_0c941f5d.jpg,roboflow,roboflow,dhash,5,exclude
C:\Pywork\dental\dental\data\raw\brar_bone_resorption\extracted\level_2\patient_image_000832_ba3025d2.jpg,level_2/patient_image_000832_ba3025d2.jpg,roboflow,C:\Pywork\dental\dental\data\raw\brar_bone_resorption\extracted\level_1\patient_image_000577_bc5aace6.jpg,level_1/patient_image_000577_bc5aace6.jpg,roboflow,roboflow,dhash,5,exclude
C:\Pywork\dental\dental\data\raw\brar_bone_resorption\extracted\level_2\patient_image_000833_c50b941e.jpg,level_2/patient_image_000833_c50b941e.jpg,roboflow,C:\Pywork\dental\dental\data\raw\brar_bone_resorption\extracted\level_1\patient_image_000511_9eb4c057.jpg,level_1/patient_image_000511_9eb4c057.jpg,roboflow,roboflow,dhash,8,exclude
C:\Pywork\dental\dental\data\raw\brar_bone_resorption\extracted\level_2\patient_image_000839_90e477c1.jpg,level_2/patient_image_000839_90e477c1.jpg,roboflow,C:\Pywork\dental\dental\data\raw\brar_bone_resorption\extracted\level_2\patient_image_000611_cda27acf.jpg,level_2/patient_image_000611_cda27acf.jpg,roboflow,roboflow,dhash,7,exclude
C:\Pywork\dental\dental\data\raw\brar_bone_resorption\extracted\level_2\patient_image_000842_f001cd9e.jpg,level_2/patient_image_000842_f001cd9e.jpg,roboflow,C:\Pywork\dental\dental\data\raw\brar_bone_resorption\extracted\level_1\patient_image_000686_fd5f5f8e.jpg,level_1/patient_image_000686_fd5f5f8e.jpg,roboflow,roboflow,dhash,8,exclude
C:\Pywork\dental\dental\data\raw\brar_bone_resorption\extracted\level_2\patient_image_000843_db317bc4.jpg,level_2/patient_image_000843_db317bc4.jpg,roboflow,C:\Pywork\dental\dental\data\raw\brar_bone_resorption\extracted\level_2\patient_image_000390_7959b203.jpg,level_2/patient_image_000390_7959b203.jpg,roboflow,roboflow,dhash,5,exclude
C:\Pywork\dental\dental\data\raw\brar_bone_resorption\extracted\level_2\patient_image_000844_da3a8385.jpg,level_2/patient_image_000844_da3a8385.jpg,roboflow,C:\Pywork\dental\dental\data\raw\brar_bone_resorption\extracted\level_1\patient_image_000551_53b8f0cc.jpg,level_1/patient_image_000551_53b8f0cc.jpg,roboflow,roboflow,dhash,7,exclude
C:\Pywork\dental\dental\data\raw\brar_bone_resorption\extracted\level_2\patient_image_000847_0de63e7a.jpg,level_2/patient_image_000847_0de63e7a.jpg,roboflow,C:\Pywork\dental\dental\data\raw\brar_bone_resorption\extracted\level_1\patient_image_000516_912d996b.jpg,level_1/patient_image_000516_912d996b.jpg,roboflow,roboflow,dhash,7,exclude
C:\Pywork\dental\dental\data\raw\brar_bone_resorption\extracted\level_2\patient_image_000849_25f88a65.jpg,level_2/patient_image_000849_25f88a65.jpg,roboflow,C:\Pywork\dental\dental\data\raw\brar_bone_resorption\extracted\level_1\patient_image_000564_9f752e56.jpg,level_1/patient_image_000564_9f752e56.jpg,roboflow,roboflow,dhash,7,exclude
C:\Pywork\dental\dental\data\raw\brar_bone_resorption\extracted\level_2\patient_image_000850_4194fb35.jpg,level_2/patient_image_000850_4194fb35.jpg,roboflow,C:\Pywork\dental\dental\data\raw\brar_bone_resorption\extracted\level_2\patient_image_000831_da537e9a.jpg,level_2/patient_image_000831_da537e9a.jpg,roboflow,roboflow,dhash,7,exclude
C:\Pywork\dental\dental\data\raw\brar_bone_resorption\extracted\level_2\patient_image_000853_4a999514.jpg,level_2/patient_image_000853_4a999514.jpg,roboflow,C:\Pywork\dental\dental\data\raw\brar_bone_resorption\extracted\level_2\patient_image_000749_10f541bd.jpg,level_2/patient_image_000749_10f541bd.jpg,roboflow,roboflow,dhash,8,exclude
C:\Pywork\dental\dental\data\raw\brar_bone_resorption\extracted\level_2\patient_image_000854_3a1d5798.jpg,level_2/patient_image_000854_3a1d5798.jpg,roboflow,C:\Pywork\dental\dental\data\raw\brar_bone_resorption\extracted\level_2\patient_image_000207_83423773.jpg,level_2/patient_image_000207_83423773.jpg,roboflow,roboflow,dhash,6,exclude
C:\Pywork\dental\dental\data\raw\brar_bone_resorption\extracted\level_2\patient_image_000856_d5957e5e.jpg,level_2/patient_image_000856_d5957e5e.jpg,roboflow,C:\Pywork\dental\dental\data\raw\brar_bone_resorption\extracted\level_1\patient_image_000504_3c7f34ec.jpg,level_1/patient_image_000504_3c7f34ec.jpg,roboflow,roboflow,dhash,7,exclude
C:\Pywork\dental\dental\data\raw\brar_bone_resorption\extracted\level_2\patient_image_000860_8e2c267e.jpg,level_2/patient_image_000860_8e2c267e.jpg,roboflow,C:\Pywork\dental\dental\data\raw\brar_bone_resorption\extracted\level_2\patient_image_000553_f8c87a59.jpg,level_2/patient_image_000553_f8c87a59.jpg,roboflow,roboflow,dhash,5,exclude
C:\Pywork\dental\dental\data\raw\brar_bone_resorption\extracted\level_2\patient_image_000863_5ae729c9.jpg,level_2/patient_image_000863_5ae729c9.jpg,roboflow,C:\Pywork\dental\dental\data\raw\brar_bone_resorption\extracted\level_2\patient_image_000120_0070a102.jpg,level_2/patient_image_000120_0070a102.jpg,roboflow,roboflow,dhash,7,exclude
C:\Pywork\dental\dental\data\raw\brar_bone_resorption\extracted\level_2\patient_image_000865_4b0dc78d.jpg,level_2/patient_image_000865_4b0dc78d.jpg,roboflow,C:\Pywork\dental\dental\data\raw\brar_bone_resorption\extracted\level_1\patient_image_000582_492951ef.jpg,level_1/patient_image_000582_492951ef.jpg,roboflow,roboflow,dhash,8,exclude
C:\Pywork\dental\dental\data\raw\brar_bone_resorption\extracted\level_2\patient_image_000867_8b9e11bb.jpg,level_2/patient_image_000867_8b9e11bb.jpg,roboflow,C:\Pywork\dental\dental\data\raw\brar_bone_resorption\extracted\level_1\patient_image_000505_dc092d23.jpg,level_1/patient_image_000505_dc092d23.jpg,roboflow,roboflow,dhash,8,exclude
C:\Pywork\dental\dental\data\raw\brar_bone_resorption\extracted\level_2\patient_image_000869_b1fe361e.jpg,level_2/patient_image_000869_b1fe361e.jpg,roboflow,C:\Pywork\dental\dental\data\raw\brar_bone_resorption\extracted\level_2\patient_image_000825_5ac921b0.jpg,level_2/patient_image_000825_5ac921b0.jpg,roboflow,roboflow,dhash,6,exclude
C:\Pywork\dental\dental\data\raw\brar_bone_resorption\extracted\level_2\patient_image_000870_642f835a.jpg,level_2/patient_image_000870_642f835a.jpg,roboflow,C:\Pywork\dental\dental\data\raw\brar_bone_resorption\extracted\level_1\patient_image_000526_401bc35c.jpg,level_1/patient_image_000526_401bc35c.jpg,roboflow,roboflow,dhash,6,exclude
C:\Pywork\dental\dental\data\raw\brar_bone_resorption\extracted\level_2\patient_image_000871_f381b0ff.jpg,level_2/patient_image_000871_f381b0ff.jpg,roboflow,C:\Pywork\dental\dental\data\raw\brar_bone_resorption\extracted\level_1\patient_image_000571_5c273975.jpg,level_1/patient_image_000571_5c273975.jpg,roboflow,roboflow,dhash,6,exclude
C:\Pywork\dental\dental\data\raw\brar_bone_resorption\extracted\level_2\patient_image_000873_d1d7765c.jpg,level_2/patient_image_000873_d1d7765c.jpg,roboflow,C:\Pywork\dental\dental\data\raw\brar_bone_resorption\extracted\level_1\patient_image_000577_bc5aace6.jpg,level_1/patient_image_000577_bc5aace6.jpg,roboflow,roboflow,dhash,5,exclude
C:\Pywork\dental\dental\data\raw\brar_bone_resorption\extracted\level_2\patient_image_000874_5284b7ef.jpg,level_2/patient_image_000874_5284b7ef.jpg,roboflow,C:\Pywork\dental\dental\data\raw\brar_bone_resorption\extracted\level_2\patient_image_000561_87f73eef.jpg,level_2/patient_image_000561_87f73eef.jpg,roboflow,roboflow,dhash,7,exclude
C:\Pywork\dental\dental\data\raw\brar_bone_resorption\extracted\level_2\patient_image_000878_875e2e77.jpg,level_2/patient_image_000878_875e2e77.jpg,roboflow,C:\Pywork\dental\dental\data\raw\brar_bone_resorption\extracted\level_2\patient_image_000784_b669de59.jpg,level_2/patient_image_000784_b669de59.jpg,roboflow,roboflow,dhash,8,exclude
C:\Pywork\dental\dental\data\raw\brar_bone_resorption\extracted\level_2\patient_image_000881_146cdfad.jpg,level_2/patient_image_000881_146cdfad.jpg,roboflow,C:\Pywork\dental\dental\data\raw\brar_bone_resorption\extracted\level_1\patient_image_000505_dc092d23.jpg,level_1/patient_image_000505_dc092d23.jpg,roboflow,roboflow,dhash,6,exclude
C:\Pywork\dental\dental\data\raw\brar_bone_resorption\extracted\level_2\patient_image_000888_b8bb68c6.jpg,level_2/patient_image_000888_b8bb68c6.jpg,roboflow,C:\Pywork\dental\dental\data\raw\brar_bone_resorption\extracted\level_2\patient_image_000426_0fc4fb73.jpg,level_2/patient_image_000426_0fc4fb73.jpg,roboflow,roboflow,dhash,8,exclude
C:\Pywork\dental\dental\data\raw\brar_bone_resorption\extracted\level_2\patient_image_000889_874fa821.jpg,level_2/patient_image_000889_874fa821.jpg,roboflow,C:\Pywork\dental\dental\data\raw\brar_bone_resorption\extracted\level_1\patient_image_000515_62943aaa.jpg,level_1/patient_image_000515_62943aaa.jpg,roboflow,roboflow,dhash,6,exclude
C:\Pywork\dental\dental\data\raw\brar_bone_resorption\extracted\level_2\patient_image_000894_c6d2f032.jpg,level_2/patient_image_000894_c6d2f032.jpg,roboflow,C:\Pywork\dental\dental\data\raw\brar_bone_resorption\extracted\level_1\patient_image_000505_dc092d23.jpg,level_1/patient_image_000505_dc092d23.jpg,roboflow,roboflow,dhash,7,exclude
C:\Pywork\dental\dental\data\raw\brar_bone_resorption\extracted\level_2\patient_image_000896_324b8843.jpg,level_2/patient_image_000896_324b8843.jpg,roboflow,C:\Pywork\dental\dental\data\raw\brar_bone_resorption\extracted\level_2\patient_image_000728_d17a54c4.jpg,level_2/patient_image_000728_d17a54c4.jpg,roboflow,roboflow,dhash,7,exclude
C:\Pywork\dental\dental\data\raw\brar_bone_resorption\extracted\level_2\patient_image_000897_546c2ab0.jpg,level_2/patient_image_000897_546c2ab0.jpg,roboflow,C:\Pywork\dental\dental\data\raw\brar_bone_resorption\extracted\level_2\patient_image_000876_8bff4438.jpg,level_2/patient_image_000876_8bff4438.jpg,roboflow,roboflow,dhash,8,exclude
C:\Pywork\dental\dental\data\raw\brar_bone_resorption\extracted\level_2\patient_image_000901_858abd3d.jpg,level_2/patient_image_000901_858abd3d.jpg,roboflow,C:\Pywork\dental\dental\data\raw\brar_bone_resorption\extracted\level_2\patient_image_000135_32f01435.jpg,level_2/patient_image_000135_32f01435.jpg,roboflow,roboflow,dhash,7,exclude
C:\Pywork\dental\dental\data\raw\brar_bone_resorption\extracted\level_2\patient_image_000909_a765f5e9.jpg,level_2/patient_image_000909_a765f5e9.jpg,roboflow,C:\Pywork\dental\dental\data\raw\brar_bone_resorption\extracted\level_2\patient_image_000399_05c48a2a.jpg,level_2/patient_image_000399_05c48a2a.jpg,roboflow,roboflow,dhash,7,exclude
C:\Pywork\dental\dental\data\raw\brar_bone_resorption\extracted\level_2\patient_image_000910_204d5bd8.jpg,level_2/patient_image_000910_204d5bd8.jpg,roboflow,C:\Pywork\dental\dental\data\raw\brar_bone_resorption\extracted\level_2\patient_image_000788_ec38f839.jpg,level_2/patient_image_000788_ec38f839.jpg,roboflow,roboflow,dhash,8,exclude
C:\Pywork\dental\dental\data\raw\brar_bone_resorption\extracted\level_2\patient_image_000911_3bd02bd3.jpg,level_2/patient_image_000911_3bd02bd3.jpg,roboflow,C:\Pywork\dental\dental\data\raw\brar_bone_resorption\extracted\level_2\patient_image_000795_b452d6f6.jpg,level_2/patient_image_000795_b452d6f6.jpg,roboflow,roboflow,dhash,7,exclude
C:\Pywork\dental\dental\data\raw\brar_bone_resorption\extracted\level_2\patient_image_000912_1e375f49.jpg,level_2/patient_image_000912_1e375f49.jpg,roboflow,C:\Pywork\dental\dental\data\raw\brar_bone_resorption\extracted\level_1\patient_image_000513_5c47cd25.jpg,level_1/patient_image_000513_5c47cd25.jpg,roboflow,roboflow,dhash,6,exclude
C:\Pywork\dental\dental\data\raw\brar_bone_resorption\extracted\level_2\patient_image_000914_ad63dc7c.jpg,level_2/patient_image_000914_ad63dc7c.jpg,roboflow,C:\Pywork\dental\dental\data\raw\brar_bone_resorption\extracted\level_2\patient_image_000443_0a8e215c.jpg,level_2/patient_image_000443_0a8e215c.jpg,roboflow,roboflow,dhash,7,exclude
C:\Pywork\dental\dental\data\raw\brar_bone_resorption\extracted\level_2\patient_image_000916_30aa6d22.jpg,level_2/patient_image_000916_30aa6d22.jpg,roboflow,C:\Pywork\dental\dental\data\raw\brar_bone_resorption\extracted\level_1\patient_image_000828_fafe0387.jpg,level_1/patient_image_000828_fafe0387.jpg,roboflow,roboflow,dhash,8,exclude
C:\Pywork\dental\dental\data\raw\brar_bone_resorption\extracted\level_2\patient_image_000917_b23de782.jpg,level_2/patient_image_000917_b23de782.jpg,roboflow,C:\Pywork\dental\dental\data\raw\brar_bone_resorption\extracted\level_2\patient_image_000665_9d6ed479.jpg,level_2/patient_image_000665_9d6ed479.jpg,roboflow,roboflow,dhash,6,exclude
C:\Pywork\dental\dental\data\raw\brar_bone_resorption\extracted\level_2\patient_image_000928_729777d4.jpg,level_2/patient_image_000928_729777d4.jpg,roboflow,C:\Pywork\dental\dental\data\raw\brar_bone_resorption\extracted\level_1\patient_image_000613_020562fc.jpg,level_1/patient_image_000613_020562fc.jpg,roboflow,roboflow,dhash,7,exclude
C:\Pywork\dental\dental\data\raw\brar_bone_resorption\extracted\level_2\patient_image_000931_01bf68c2.jpg,level_2/patient_image_000931_01bf68c2.jpg,roboflow,C:\Pywork\dental\dental\data\raw\brar_bone_resorption\extracted\level_2\patient_image_000818_165888a3.jpg,level_2/patient_image_000818_165888a3.jpg,roboflow,roboflow,dhash,8,exclude
C:\Pywork\dental\dental\data\raw\brar_bone_resorption\extracted\level_2\patient_image_000935_3ac31c34.jpg,level_2/patient_image_000935_3ac31c34.jpg,roboflow,C:\Pywork\dental\dental\data\raw\brar_bone_resorption\extracted\level_2\patient_image_000849_25f88a65.jpg,level_2/patient_image_000849_25f88a65.jpg,roboflow,roboflow,dhash,7,exclude
C:\Pywork\dental\dental\data\raw\brar_bone_resorption\extracted\level_2\patient_image_000938_93f271fb.jpg,level_2/patient_image_000938_93f271fb.jpg,roboflow,C:\Pywork\dental\dental\data\raw\brar_bone_resorption\extracted\level_2\patient_image_000561_87f73eef.jpg,level_2/patient_image_000561_87f73eef.jpg,roboflow,roboflow,dhash,7,exclude
C:\Pywork\dental\dental\data\raw\brar_bone_resorption\extracted\level_2\patient_image_000941_d3154c55.jpg,level_2/patient_image_000941_d3154c55.jpg,roboflow,C:\Pywork\dental\dental\data\raw\brar_bone_resorption\extracted\level_1\patient_image_000582_492951ef.jpg,level_1/patient_image_000582_492951ef.jpg,roboflow,roboflow,dhash,7,exclude
C:\Pywork\dental\dental\data\raw\brar_bone_resorption\extracted\level_2\patient_image_000948_a1272c0e.jpg,level_2/patient_image_000948_a1272c0e.jpg,roboflow,C:\Pywork\dental\dental\data\raw\brar_bone_resorption\extracted\level_2\patient_image_000441_6a673d62.jpg,level_2/patient_image_000441_6a673d62.jpg,roboflow,roboflow,dhash,6,exclude
C:\Pywork\dental\dental\data\raw\brar_bone_resorption\extracted\level_2\patient_image_000949_33548461.jpg,level_2/patient_image_000949_33548461.jpg,roboflow,C:\Pywork\dental\dental\data\raw\brar_bone_resorption\extracted\level_1\patient_image_000657_e471eef1.jpg,level_1/patient_image_000657_e471eef1.jpg,roboflow,roboflow,dhash,6,exclude
C:\Pywork\dental\dental\data\raw\brar_bone_resorption\extracted\level_2\patient_image_000951_4cd21fcb.jpg,level_2/patient_image_000951_4cd21fcb.jpg,roboflow,C:\Pywork\dental\dental\data\raw\brar_bone_resorption\extracted\level_1\patient_image_000676_2be85690.jpg,level_1/patient_image_000676_2be85690.jpg,roboflow,roboflow,dhash,6,exclude
C:\Pywork\dental\dental\data\raw\brar_bone_resorption\extracted\level_2\patient_image_000952_2540af2c.jpg,level_2/patient_image_000952_2540af2c.jpg,roboflow,C:\Pywork\dental\dental\data\raw\brar_bone_resorption\extracted\level_2\patient_image_000769_a862a9c7.jpg,level_2/patient_image_000769_a862a9c7.jpg,roboflow,roboflow,dhash,8,exclude
C:\Pywork\dental\dental\data\raw\brar_bone_resorption\extracted\level_2\patient_image_000955_5537ffe3.jpg,level_2/patient_image_000955_5537ffe3.jpg,roboflow,C:\Pywork\dental\dental\data\raw\brar_bone_resorption\extracted\level_2\patient_image_000478_59734b1a.jpg,level_2/patient_image_000478_59734b1a.jpg,roboflow,roboflow,dhash,6,exclude
C:\Pywork\dental\dental\data\raw\brar_bone_resorption\extracted\level_2\patient_image_000980_e117f479.jpg,level_2/patient_image_000980_e117f479.jpg,roboflow,C:\Pywork\dental\dental\data\raw\brar_bone_resorption\extracted\level_1\patient_image_000006_4aa37c68.jpg,level_1/patient_image_000006_4aa37c68.jpg,roboflow,roboflow,dhash,5,exclude
C:\Pywork\dental\dental\data\raw\brar_bone_resorption\extracted\level_2\patient_image_000982_191afad0.jpg,level_2/patient_image_000982_191afad0.jpg,roboflow,C:\Pywork\dental\dental\data\raw\brar_bone_resorption\extracted\level_2\patient_image_000653_6030e552.jpg,level_2/patient_image_000653_6030e552.jpg,roboflow,roboflow,dhash,6,exclude
C:\Pywork\dental\dental\data\raw\brar_bone_resorption\extracted\level_2\patient_image_000990_308204dc.jpg,level_2/patient_image_000990_308204dc.jpg,roboflow,C:\Pywork\dental\dental\data\raw\brar_bone_resorption\extracted\level_1\patient_image_000600_c839e11e.jpg,level_1/patient_image_000600_c839e11e.jpg,roboflow,roboflow,dhash,8,exclude
C:\Pywork\dental\dental\data\raw\brar_bone_resorption\extracted\level_2\patient_image_000992_57c05974.jpg,level_2/patient_image_000992_57c05974.jpg,roboflow,C:\Pywork\dental\dental\data\raw\brar_bone_resorption\extracted\level_2\patient_image_000843_db317bc4.jpg,level_2/patient_image_000843_db317bc4.jpg,roboflow,roboflow,dhash,7,exclude
C:\Pywork\dental\dental\data\raw\brar_bone_resorption\extracted\level_2\patient_image_000993_da7460f6.jpg,level_2/patient_image_000993_da7460f6.jpg,roboflow,C:\Pywork\dental\dental\data\raw\brar_bone_resorption\extracted\level_1\patient_image_000651_4dc31d8d.jpg,level_1/patient_image_000651_4dc31d8d.jpg,roboflow,roboflow,dhash,8,exclude
C:\Pywork\dental\dental\data\raw\brar_bone_resorption\extracted\level_2\patient_image_000999_0f12d6fc.jpg,level_2/patient_image_000999_0f12d6fc.jpg,roboflow,C:\Pywork\dental\dental\data\raw\brar_bone_resorption\extracted\level_2\patient_image_000641_a2ba316a.jpg,level_2/patient_image_000641_a2ba316a.jpg,roboflow,roboflow,dhash,5,exclude
C:\Pywork\dental\dental\data\raw\brar_bone_resorption\extracted\level_2\patient_image_001001_5a3ad0a5.jpg,level_2/patient_image_001001_5a3ad0a5.jpg,roboflow,C:\Pywork\dental\dental\data\raw\brar_bone_resorption\extracted\level_2\patient_image_000231_40fdec91.jpg,level_2/patient_image_000231_40fdec91.jpg,roboflow,roboflow,dhash,8,exclude
C:\Pywork\dental\dental\data\raw\brar_bone_resorption\extracted\level_2\patient_image_001003_c2ff7e8b.jpg,level_2/patient_image_001003_c2ff7e8b.jpg,roboflow,C:\Pywork\dental\dental\data\raw\brar_bone_resorption\extracted\level_1\patient_image_000548_ee055987.jpg,level_1/patient_image_000548_ee055987.jpg,roboflow,roboflow,dhash,8,exclude
C:\Pywork\dental\dental\data\raw\brar_bone_resorption\extracted\level_2\patient_image_001005_8a2d932c.jpg,level_2/patient_image_001005_8a2d932c.jpg,roboflow,C:\Pywork\dental\dental\data\raw\brar_bone_resorption\extracted\level_2\patient_image_000415_fb82a215.jpg,level_2/patient_image_000415_fb82a215.jpg,roboflow,roboflow,dhash,8,exclude
C:\Pywork\dental\dental\data\raw\brar_bone_resorption\extracted\level_2\patient_image_001007_78fcccb8.jpg,level_2/patient_image_001007_78fcccb8.jpg,roboflow,C:\Pywork\dental\dental\data\raw\brar_bone_resorption\extracted\level_2\patient_image_000091_402cb864.jpg,level_2/patient_image_000091_402cb864.jpg,roboflow,roboflow,dhash,8,exclude
C:\Pywork\dental\dental\data\raw\brar_bone_resorption\extracted\level_3\patient_image_000002_4bb31c71.jpg,level_3/patient_image_000002_4bb31c71.jpg,roboflow,C:\Pywork\dental\dental\data\raw\brar_bone_resorption\extracted\level_2\patient_image_000881_146cdfad.jpg,level_2/patient_image_000881_146cdfad.jpg,roboflow,roboflow,dhash,5,exclude
C:\Pywork\dental\dental\data\raw\brar_bone_resorption\extracted\level_3\patient_image_000003_2b2e7506.jpg,level_3/patient_image_000003_2b2e7506.jpg,roboflow,C:\Pywork\dental\dental\data\raw\brar_bone_resorption\extracted\level_2\patient_image_000149_330df8e6.jpg,level_2/patient_image_000149_330df8e6.jpg,roboflow,roboflow,dhash,7,exclude
C:\Pywork\dental\dental\data\raw\brar_bone_resorption\extracted\level_3\patient_image_000007_833861b5.jpg,level_3/patient_image_000007_833861b5.jpg,roboflow,C:\Pywork\dental\dental\data\raw\brar_bone_resorption\extracted\level_2\patient_image_000132_5034156b.jpg,level_2/patient_image_000132_5034156b.jpg,roboflow,roboflow,dhash,7,exclude
C:\Pywork\dental\dental\data\raw\brar_bone_resorption\extracted\level_3\patient_image_000013_306b0a74.jpg,level_3/patient_image_000013_306b0a74.jpg,roboflow,C:\Pywork\dental\dental\data\raw\brar_bone_resorption\extracted\level_2\patient_image_000093_c5658ef3.jpg,level_2/patient_image_000093_c5658ef3.jpg,roboflow,roboflow,dhash,6,exclude
C:\Pywork\dental\dental\data\raw\brar_bone_resorption\extracted\level_3\patient_image_000019_23caeef3.jpg,level_3/patient_image_000019_23caeef3.jpg,roboflow,C:\Pywork\dental\dental\data\raw\brar_bone_resorption\extracted\level_2\patient_image_000323_b4b4b90e.jpg,level_2/patient_image_000323_b4b4b90e.jpg,roboflow,roboflow,dhash,5,exclude
C:\Pywork\dental\dental\data\raw\brar_bone_resorption\extracted\level_3\patient_image_000021_1f767ab9.jpg,level_3/patient_image_000021_1f767ab9.jpg,roboflow,C:\Pywork\dental\dental\data\raw\brar_bone_resorption\extracted\level_2\patient_image_000197_82c160be.jpg,level_2/patient_image_000197_82c160be.jpg,roboflow,roboflow,dhash,5,exclude
C:\Pywork\dental\dental\data\raw\brar_bone_resorption\extracted\level_3\patient_image_000044_069a1491.jpg,level_3/patient_image_000044_069a1491.jpg,roboflow,C:\Pywork\dental\dental\data\raw\brar_bone_resorption\extracted\level_1\patient_image_000175_ee6df398.jpg,level_1/patient_image_000175_ee6df398.jpg,roboflow,roboflow,dhash,6,exclude
C:\Pywork\dental\dental\data\raw\brar_bone_resorption\extracted\level_3\patient_image_000050_8035801c.jpg,level_3/patient_image_000050_8035801c.jpg,roboflow,C:\Pywork\dental\dental\data\raw\brar_bone_resorption\extracted\level_1\patient_image_000515_62943aaa.jpg,level_1/patient_image_000515_62943aaa.jpg,roboflow,roboflow,dhash,6,exclude
C:\Pywork\dental\dental\data\raw\brar_bone_resorption\extracted\level_3\patient_image_000053_78f8d04f.jpg,level_3/patient_image_000053_78f8d04f.jpg,roboflow,C:\Pywork\dental\dental\data\raw\brar_bone_resorption\extracted\level_2\patient_image_000353_4f1e829c.jpg,level_2/patient_image_000353_4f1e829c.jpg,roboflow,roboflow,dhash,6,exclude
C:\Pywork\dental\dental\data\raw\brar_bone_resorption\extracted\level_3\patient_image_000060_4c42195d.jpg,level_3/patient_image_000060_4c42195d.jpg,roboflow,C:\Pywork\dental\dental\data\raw\brar_bone_resorption\extracted\level_1\patient_image_000014_5e758ad3.jpg,level_1/patient_image_000014_5e758ad3.jpg,roboflow,roboflow,dhash,7,exclude
C:\Pywork\dental\dental\data\raw\brar_bone_resorption\extracted\level_3\patient_image_000062_dd049995.jpg,level_3/patient_image_000062_dd049995.jpg,roboflow,C:\Pywork\dental\dental\data\raw\brar_bone_resorption\extracted\level_3\patient_image_000047_689da8a4.jpg,level_3/patient_image_000047_689da8a4.jpg,roboflow,roboflow,dhash,5,exclude
C:\Pywork\dental\dental\data\raw\brar_bone_resorption\extracted\level_3\patient_image_000063_d9146af9.jpg,level_3/patient_image_000063_d9146af9.jpg,roboflow,C:\Pywork\dental\dental\data\raw\brar_bone_resorption\extracted\level_2\patient_image_000214_ea26e5ea.jpg,level_2/patient_image_000214_ea26e5ea.jpg,roboflow,roboflow,dhash,5,exclude
C:\Pywork\dental\dental\data\raw\brar_bone_resorption\extracted\level_3\patient_image_000069_03441373.jpg,level_3/patient_image_000069_03441373.jpg,roboflow,C:\Pywork\dental\dental\data\raw\brar_bone_resorption\extracted\level_2\patient_image_000247_f89a6d0e.jpg,level_2/patient_image_000247_f89a6d0e.jpg,roboflow,roboflow,dhash,5,exclude
C:\Pywork\dental\dental\data\raw\brar_bone_resorption\extracted\level_3\patient_image_000071_7ff3fd0c.jpg,level_3/patient_image_000071_7ff3fd0c.jpg,roboflow,C:\Pywork\dental\dental\data\raw\brar_bone_resorption\extracted\level_1\patient_image_000116_83ae40ec.jpg,level_1/patient_image_000116_83ae40ec.jpg,roboflow,roboflow,dhash,8,exclude
C:\Pywork\dental\dental\data\raw\brar_bone_resorption\extracted\level_3\patient_image_000073_f9f52225.jpg,level_3/patient_image_000073_f9f52225.jpg,roboflow,C:\Pywork\dental\dental\data\raw\brar_bone_resorption\extracted\level_1\patient_image_000065_f269e0d0.jpg,level_1/patient_image_000065_f269e0d0.jpg,roboflow,roboflow,dhash,7,exclude
C:\Pywork\dental\dental\data\raw\brar_bone_resorption\extracted\level_3\patient_image_000074_0c02a5f3.jpg,level_3/patient_image_000074_0c02a5f3.jpg,roboflow,C:\Pywork\dental\dental\data\raw\brar_bone_resorption\extracted\level_2\patient_image_000267_1cfc5a2c.jpg,level_2/patient_image_000267_1cfc5a2c.jpg,roboflow,roboflow,dhash,5,exclude
C:\Pywork\dental\dental\data\raw\brar_bone_resorption\extracted\level_3\patient_image_000077_b5ed5649.jpg,level_3/patient_image_000077_b5ed5649.jpg,roboflow,C:\Pywork\dental\dental\data\raw\brar_bone_resorption\extracted\level_2\patient_image_000297_b08a4fab.jpg,level_2/patient_image_000297_b08a4fab.jpg,roboflow,roboflow,dhash,8,exclude
C:\Pywork\dental\dental\data\raw\brar_bone_resorption\extracted\level_3\patient_image_000082_1573cc84.jpg,level_3/patient_image_000082_1573cc84.jpg,roboflow,C:\Pywork\dental\dental\data\raw\brar_bone_resorption\extracted\level_2\patient_image_000048_8f55577f.jpg,level_2/patient_image_000048_8f55577f.jpg,roboflow,roboflow,dhash,5,exclude
C:\Pywork\dental\dental\data\raw\brar_bone_resorption\extracted\level_3\patient_image_000088_515f171a.jpg,level_3/patient_image_000088_515f171a.jpg,roboflow,C:\Pywork\dental\dental\data\raw\brar_bone_resorption\extracted\level_2\patient_image_000914_ad63dc7c.jpg,level_2/patient_image_000914_ad63dc7c.jpg,roboflow,roboflow,dhash,8,exclude
C:\Pywork\dental\dental\data\raw\brar_bone_resorption\extracted\level_3\patient_image_000089_cb76aaf2.jpg,level_3/patient_image_000089_cb76aaf2.jpg,roboflow,C:\Pywork\dental\dental\data\raw\brar_bone_resorption\extracted\level_2\patient_image_000012_86f50079.jpg,level_2/patient_image_000012_86f50079.jpg,roboflow,roboflow,dhash,6,exclude
C:\Pywork\dental\dental\data\raw\brar_bone_resorption\extracted\level_3\patient_image_000092_3c5a3b75.jpg,level_3/patient_image_000092_3c5a3b75.jpg,roboflow,C:\Pywork\dental\dental\data\raw\brar_bone_resorption\extracted\level_2\patient_image_000321_ff9618f9.jpg,level_2/patient_image_000321_ff9618f9.jpg,roboflow,roboflow,dhash,8,exclude
C:\Pywork\dental\dental\data\raw\brar_bone_resorption\extracted\level_3\patient_image_000101_b9058bd6.jpg,level_3/patient_image_000101_b9058bd6.jpg,roboflow,C:\Pywork\dental\dental\data\raw\brar_bone_resorption\extracted\level_2\patient_image_000216_cc3ec1c0.jpg,level_2/patient_image_000216_cc3ec1c0.jpg,roboflow,roboflow,dhash,5,exclude
C:\Pywork\dental\dental\data\raw\brar_bone_resorption\extracted\level_3\patient_image_000113_8dc0b8b0.jpg,level_3/patient_image_000113_8dc0b8b0.jpg,roboflow,C:\Pywork\dental\dental\data\raw\brar_bone_resorption\extracted\level_1\patient_image_000110_d2b43f3e.jpg,level_1/patient_image_000110_d2b43f3e.jpg,roboflow,roboflow,dhash,6,exclude
C:\Pywork\dental\dental\data\raw\brar_bone_resorption\extracted\level_3\patient_image_000119_d5a73178.jpg,level_3/patient_image_000119_d5a73178.jpg,roboflow,C:\Pywork\dental\dental\data\raw\brar_bone_resorption\extracted\level_3\patient_image_000062_dd049995.jpg,level_3/patient_image_000062_dd049995.jpg,roboflow,roboflow,dhash,6,exclude
C:\Pywork\dental\dental\data\raw\brar_bone_resorption\extracted\level_3\patient_image_000131_5174739a.jpg,level_3/patient_image_000131_5174739a.jpg,roboflow,C:\Pywork\dental\dental\data\raw\brar_bone_resorption\extracted\level_1\patient_image_000528_55eaf23d.jpg,level_1/patient_image_000528_55eaf23d.jpg,roboflow,roboflow,dhash,8,exclude
C:\Pywork\dental\dental\data\raw\brar_bone_resorption\extracted\level_3\patient_image_000133_8269774b.jpg,level_3/patient_image_000133_8269774b.jpg,roboflow,C:\Pywork\dental\dental\data\raw\brar_bone_resorption\extracted\level_2\patient_image_000502_3f2d3d1c.jpg,level_2/patient_image_000502_3f2d3d1c.jpg,roboflow,roboflow,dhash,5,exclude
C:\Pywork\dental\dental\data\raw\brar_bone_resorption\extracted\level_3\patient_image_000134_1642341c.jpg,level_3/patient_image_000134_1642341c.jpg,roboflow,C:\Pywork\dental\dental\data\raw\brar_bone_resorption\extracted\level_2\patient_image_000260_3a2e7767.jpg,level_2/patient_image_000260_3a2e7767.jpg,roboflow,roboflow,dhash,6,exclude
C:\Pywork\dental\dental\data\raw\brar_bone_resorption\extracted\level_3\patient_image_000138_41b8c01e.jpg,level_3/patient_image_000138_41b8c01e.jpg,roboflow,C:\Pywork\dental\dental\data\raw\brar_bone_resorption\extracted\level_1\patient_image_000015_17fab6ee.jpg,level_1/patient_image_000015_17fab6ee.jpg,roboflow,roboflow,dhash,6,exclude
C:\Pywork\dental\dental\data\raw\brar_bone_resorption\extracted\level_3\patient_image_000144_6fa8e9da.jpg,level_3/patient_image_000144_6fa8e9da.jpg,roboflow,C:\Pywork\dental\dental\data\raw\brar_bone_resorption\extracted\level_2\patient_image_000733_39457b8c.jpg,level_2/patient_image_000733_39457b8c.jpg,roboflow,roboflow,dhash,5,exclude
C:\Pywork\dental\dental\data\raw\brar_bone_resorption\extracted\level_3\patient_image_000145_2f22d13c.jpg,level_3/patient_image_000145_2f22d13c.jpg,roboflow,C:\Pywork\dental\dental\data\raw\brar_bone_resorption\extracted\level_2\patient_image_000738_5f7ed924.jpg,level_2/patient_image_000738_5f7ed924.jpg,roboflow,roboflow,dhash,8,exclude
C:\Pywork\dental\dental\data\raw\brar_bone_resorption\extracted\level_3\patient_image_000147_0f29426c.jpg,level_3/patient_image_000147_0f29426c.jpg,roboflow,C:\Pywork\dental\dental\data\raw\brar_bone_resorption\extracted\level_3\patient_image_000013_306b0a74.jpg,level_3/patient_image_000013_306b0a74.jpg,roboflow,roboflow,dhash,6,exclude
C:\Pywork\dental\dental\data\raw\brar_bone_resorption\extracted\level_3\patient_image_000156_f850dcfc.jpg,level_3/patient_image_000156_f850dcfc.jpg,roboflow,C:\Pywork\dental\dental\data\raw\brar_bone_resorption\extracted\level_2\patient_image_000180_37c4646e.jpg,level_2/patient_image_000180_37c4646e.jpg,roboflow,roboflow,dhash,5,exclude
C:\Pywork\dental\dental\data\raw\brar_bone_resorption\extracted\level_3\patient_image_000163_a7b2d449.jpg,level_3/patient_image_000163_a7b2d449.jpg,roboflow,C:\Pywork\dental\dental\data\raw\brar_bone_resorption\extracted\level_1\patient_image_000600_c839e11e.jpg,level_1/patient_image_000600_c839e11e.jpg,roboflow,roboflow,dhash,5,exclude
C:\Pywork\dental\dental\data\raw\brar_bone_resorption\extracted\level_3\patient_image_000170_8e2eded9.jpg,level_3/patient_image_000170_8e2eded9.jpg,roboflow,C:\Pywork\dental\dental\data\raw\brar_bone_resorption\extracted\level_3\patient_image_000063_d9146af9.jpg,level_3/patient_image_000063_d9146af9.jpg,roboflow,roboflow,dhash,5,exclude
C:\Pywork\dental\dental\data\raw\brar_bone_resorption\extracted\level_3\patient_image_000183_ed724976.jpg,level_3/patient_image_000183_ed724976.jpg,roboflow,C:\Pywork\dental\dental\data\raw\brar_bone_resorption\extracted\level_2\patient_image_000098_998fc38b.jpg,level_2/patient_image_000098_998fc38b.jpg,roboflow,roboflow,dhash,7,exclude
C:\Pywork\dental\dental\data\raw\brar_bone_resorption\extracted\level_3\patient_image_000184_8ce19f36.jpg,level_3/patient_image_000184_8ce19f36.jpg,roboflow,C:\Pywork\dental\dental\data\raw\brar_bone_resorption\extracted\level_2\patient_image_000199_9a8179b4.jpg,level_2/patient_image_000199_9a8179b4.jpg,roboflow,roboflow,dhash,8,exclude
C:\Pywork\dental\dental\data\raw\brar_bone_resorption\extracted\level_3\patient_image_000189_2b1f297a.jpg,level_3/patient_image_000189_2b1f297a.jpg,roboflow,C:\Pywork\dental\dental\data\raw\brar_bone_resorption\extracted\level_2\patient_image_000677_e5bbd8df.jpg,level_2/patient_image_000677_e5bbd8df.jpg,roboflow,roboflow,dhash,7,exclude
C:\Pywork\dental\dental\data\raw\brar_bone_resorption\extracted\level_3\patient_image_000200_c9ae0753.jpg,level_3/patient_image_000200_c9ae0753.jpg,roboflow,C:\Pywork\dental\dental\data\raw\brar_bone_resorption\extracted\level_2\patient_image_000058_0d2690d1.jpg,level_2/patient_image_000058_0d2690d1.jpg,roboflow,roboflow,dhash,5,exclude
C:\Pywork\dental\dental\data\raw\brar_bone_resorption\extracted\level_3\patient_image_000224_654a73ca.jpg,level_3/patient_image_000224_654a73ca.jpg,roboflow,C:\Pywork\dental\dental\data\raw\brar_bone_resorption\extracted\level_2\patient_image_000318_9ff0fd8a.jpg,level_2/patient_image_000318_9ff0fd8a.jpg,roboflow,roboflow,dhash,8,exclude
C:\Pywork\dental\dental\data\raw\brar_bone_resorption\extracted\level_3\patient_image_000232_72ef87ca.jpg,level_3/patient_image_000232_72ef87ca.jpg,roboflow,C:\Pywork\dental\dental\data\raw\brar_bone_resorption\extracted\level_3\patient_image_000062_dd049995.jpg,level_3/patient_image_000062_dd049995.jpg,roboflow,roboflow,dhash,5,exclude
C:\Pywork\dental\dental\data\raw\brar_bone_resorption\extracted\level_3\patient_image_000237_fd5a157f.jpg,level_3/patient_image_000237_fd5a157f.jpg,roboflow,C:\Pywork\dental\dental\data\raw\brar_bone_resorption\extracted\level_2\patient_image_000382_934a0214.jpg,level_2/patient_image_000382_934a0214.jpg,roboflow,roboflow,dhash,6,exclude
C:\Pywork\dental\dental\data\raw\brar_bone_resorption\extracted\level_3\patient_image_000241_14c1c28a.jpg,level_3/patient_image_000241_14c1c28a.jpg,roboflow,C:\Pywork\dental\dental\data\raw\brar_bone_resorption\extracted\level_2\patient_image_000179_8a1c8c22.jpg,level_2/patient_image_000179_8a1c8c22.jpg,roboflow,roboflow,dhash,6,exclude
C:\Pywork\dental\dental\data\raw\brar_bone_resorption\extracted\level_3\patient_image_000244_76e6928c.jpg,level_3/patient_image_000244_76e6928c.jpg,roboflow,C:\Pywork\dental\dental\data\raw\brar_bone_resorption\extracted\level_2\patient_image_000135_32f01435.jpg,level_2/patient_image_000135_32f01435.jpg,roboflow,roboflow,dhash,5,exclude
C:\Pywork\dental\dental\data\raw\brar_bone_resorption\extracted\level_3\patient_image_000257_752a3001.jpg,level_3/patient_image_000257_752a3001.jpg,roboflow,C:\Pywork\dental\dental\data\raw\brar_bone_resorption\extracted\level_2\patient_image_000100_759b168c.jpg,level_2/patient_image_000100_759b168c.jpg,roboflow,roboflow,dhash,5,exclude
C:\Pywork\dental\dental\data\raw\brar_bone_resorption\extracted\level_3\patient_image_000262_1c2d0dfb.jpg,level_3/patient_image_000262_1c2d0dfb.jpg,roboflow,C:\Pywork\dental\dental\data\raw\brar_bone_resorption\extracted\level_2\patient_image_000128_955b9373.jpg,level_2/patient_image_000128_955b9373.jpg,roboflow,roboflow,dhash,7,exclude
C:\Pywork\dental\dental\data\raw\brar_bone_resorption\extracted\level_3\patient_image_000263_6173bb33.jpg,level_3/patient_image_000263_6173bb33.jpg,roboflow,C:\Pywork\dental\dental\data\raw\brar_bone_resorption\extracted\level_1\patient_image_000154_72770c6b.jpg,level_1/patient_image_000154_72770c6b.jpg,roboflow,roboflow,dhash,7,exclude
C:\Pywork\dental\dental\data\raw\brar_bone_resorption\extracted\level_3\patient_image_000265_e3791f4c.jpg,level_3/patient_image_000265_e3791f4c.jpg,roboflow,C:\Pywork\dental\dental\data\raw\brar_bone_resorption\extracted\level_2\patient_image_000083_69520d04.jpg,level_2/patient_image_000083_69520d04.jpg,roboflow,roboflow,dhash,7,exclude
C:\Pywork\dental\dental\data\raw\brar_bone_resorption\extracted\level_3\patient_image_000281_51c027da.jpg,level_3/patient_image_000281_51c027da.jpg,roboflow,C:\Pywork\dental\dental\data\raw\brar_bone_resorption\extracted\level_2\patient_image_000941_d3154c55.jpg,level_2/patient_image_000941_d3154c55.jpg,roboflow,roboflow,dhash,6,exclude
C:\Pywork\dental\dental\data\raw\brar_bone_resorption\extracted\level_3\patient_image_000284_d7c3117f.jpg,level_3/patient_image_000284_d7c3117f.jpg,roboflow,C:\Pywork\dental\dental\data\raw\brar_bone_resorption\extracted\level_2\patient_image_000018_38bd4f5d.jpg,level_2/patient_image_000018_38bd4f5d.jpg,roboflow,roboflow,dhash,8,exclude
C:\Pywork\dental\dental\data\raw\brar_bone_resorption\extracted\level_3\patient_image_000287_f3effd41.jpg,level_3/patient_image_000287_f3effd41.jpg,roboflow,C:\Pywork\dental\dental\data\raw\brar_bone_resorption\extracted\level_1\patient_image_000186_7c3fbae5.jpg,level_1/patient_image_000186_7c3fbae5.jpg,roboflow,roboflow,dhash,6,exclude
C:\Pywork\dental\dental\data\raw\brar_bone_resorption\extracted\level_3\patient_image_000294_1c448f4a.jpg,level_3/patient_image_000294_1c448f4a.jpg,roboflow,C:\Pywork\dental\dental\data\raw\brar_bone_resorption\extracted\level_2\patient_image_000836_e3727918.jpg,level_2/patient_image_000836_e3727918.jpg,roboflow,roboflow,dhash,7,exclude
C:\Pywork\dental\dental\data\raw\brar_bone_resorption\extracted\level_3\patient_image_000300_865c8039.jpg,level_3/patient_image_000300_865c8039.jpg,roboflow,C:\Pywork\dental\dental\data\raw\brar_bone_resorption\extracted\level_2\patient_image_000179_8a1c8c22.jpg,level_2/patient_image_000179_8a1c8c22.jpg,roboflow,roboflow,dhash,6,exclude
C:\Pywork\dental\dental\data\raw\brar_bone_resorption\extracted\level_3\patient_image_000305_ef876e53.jpg,level_3/patient_image_000305_ef876e53.jpg,roboflow,C:\Pywork\dental\dental\data\raw\brar_bone_resorption\extracted\level_2\patient_image_000274_7e795166.jpg,level_2/patient_image_000274_7e795166.jpg,roboflow,roboflow,dhash,8,exclude
C:\Pywork\dental\dental\data\raw\brar_bone_resorption\extracted\level_3\patient_image_000306_0a26e446.jpg,level_3/patient_image_000306_0a26e446.jpg,roboflow,C:\Pywork\dental\dental\data\raw\brar_bone_resorption\extracted\level_3\patient_image_000060_4c42195d.jpg,level_3/patient_image_000060_4c42195d.jpg,roboflow,roboflow,dhash,6,exclude
C:\Pywork\dental\dental\data\raw\brar_bone_resorption\extracted\level_3\patient_image_000307_9c424853.jpg,level_3/patient_image_000307_9c424853.jpg,roboflow,C:\Pywork\dental\dental\data\raw\brar_bone_resorption\extracted\level_1\patient_image_000169_5b675efb.jpg,level_1/patient_image_000169_5b675efb.jpg,roboflow,roboflow,dhash,7,exclude
C:\Pywork\dental\dental\data\raw\brar_bone_resorption\extracted\level_3\patient_image_000326_c8a8772c.jpg,level_3/patient_image_000326_c8a8772c.jpg,roboflow,C:\Pywork\dental\dental\data\raw\brar_bone_resorption\extracted\level_2\patient_image_000345_dbef47f1.jpg,level_2/patient_image_000345_dbef47f1.jpg,roboflow,roboflow,dhash,6,exclude
C:\Pywork\dental\dental\data\raw\brar_bone_resorption\extracted\level_3\patient_image_000328_8a2d91fc.jpg,level_3/patient_image_000328_8a2d91fc.jpg,roboflow,C:\Pywork\dental\dental\data\raw\brar_bone_resorption\extracted\level_2\patient_image_000353_4f1e829c.jpg,level_2/patient_image_000353_4f1e829c.jpg,roboflow,roboflow,dhash,8,exclude
C:\Pywork\dental\dental\data\raw\brar_bone_resorption\extracted\level_3\patient_image_000329_d32c41f2.jpg,level_3/patient_image_000329_d32c41f2.jpg,roboflow,C:\Pywork\dental\dental\data\raw\brar_bone_resorption\extracted\level_1\patient_image_000061_2d347679.jpg,level_1/patient_image_000061_2d347679.jpg,roboflow,roboflow,dhash,7,exclude
C:\Pywork\dental\dental\data\raw\brar_bone_resorption\extracted\level_3\patient_image_000330_8bc84559.jpg,level_3/patient_image_000330_8bc84559.jpg,roboflow,C:\Pywork\dental\dental\data\raw\brar_bone_resorption\extracted\level_1\patient_image_000015_17fab6ee.jpg,level_1/patient_image_000015_17fab6ee.jpg,roboflow,roboflow,dhash,8,exclude
C:\Pywork\dental\dental\data\raw\brar_bone_resorption\extracted\level_3\patient_image_000337_6249ba0a.jpg,level_3/patient_image_000337_6249ba0a.jpg,roboflow,C:\Pywork\dental\dental\data\raw\brar_bone_resorption\extracted\level_2\patient_image_000909_a765f5e9.jpg,level_2/patient_image_000909_a765f5e9.jpg,roboflow,roboflow,dhash,7,exclude
C:\Pywork\dental\dental\data\raw\brar_bone_resorption\extracted\level_3\patient_image_000340_f7dd06e5.jpg,level_3/patient_image_000340_f7dd06e5.jpg,roboflow,C:\Pywork\dental\dental\data\raw\brar_bone_resorption\extracted\level_1\patient_image_000154_72770c6b.jpg,level_1/patient_image_000154_72770c6b.jpg,roboflow,roboflow,dhash,6,exclude
C:\Pywork\dental\dental\data\raw\brar_bone_resorption\extracted\level_3\patient_image_000348_a440ef40.jpg,level_3/patient_image_000348_a440ef40.jpg,roboflow,C:\Pywork\dental\dental\data\raw\brar_bone_resorption\extracted\level_2\patient_image_000135_32f01435.jpg,level_2/patient_image_000135_32f01435.jpg,roboflow,roboflow,dhash,6,exclude
C:\Pywork\dental\dental\data\raw\brar_bone_resorption\extracted\level_3\patient_image_000356_02609c16.jpg,level_3/patient_image_000356_02609c16.jpg,roboflow,C:\Pywork\dental\dental\data\raw\brar_bone_resorption\extracted\level_2\patient_image_000292_c286f867.jpg,level_2/patient_image_000292_c286f867.jpg,roboflow,roboflow,dhash,7,exclude
C:\Pywork\dental\dental\data\raw\brar_bone_resorption\extracted\level_3\patient_image_000360_e286df23.jpg,level_3/patient_image_000360_e286df23.jpg,roboflow,C:\Pywork\dental\dental\data\raw\brar_bone_resorption\extracted\level_1\patient_image_000676_2be85690.jpg,level_1/patient_image_000676_2be85690.jpg,roboflow,roboflow,dhash,7,exclude
C:\Pywork\dental\dental\data\raw\brar_bone_resorption\extracted\level_3\patient_image_000370_ffbf9936.jpg,level_3/patient_image_000370_ffbf9936.jpg,roboflow,C:\Pywork\dental\dental\data\raw\brar_bone_resorption\extracted\level_2\patient_image_000118_dddc8ac1.jpg,level_2/patient_image_000118_dddc8ac1.jpg,roboflow,roboflow,dhash,6,exclude
C:\Pywork\dental\dental\data\raw\brar_bone_resorption\extracted\level_3\patient_image_000423_e4c6ad66.jpg,level_3/patient_image_000423_e4c6ad66.jpg,roboflow,C:\Pywork\dental\dental\data\raw\brar_bone_resorption\extracted\level_1\patient_image_000516_912d996b.jpg,level_1/patient_image_000516_912d996b.jpg,roboflow,roboflow,dhash,7,exclude
C:\Pywork\dental\dental\data\raw\brar_bone_resorption\extracted\level_3\patient_image_000435_86430e90.jpg,level_3/patient_image_000435_86430e90.jpg,roboflow,C:\Pywork\dental\dental\data\raw\brar_bone_resorption\extracted\level_2\patient_image_000901_858abd3d.jpg,level_2/patient_image_000901_858abd3d.jpg,roboflow,roboflow,dhash,6,exclude
C:\Pywork\dental\dental\data\raw\brar_bone_resorption\extracted\level_3\patient_image_000438_21354760.jpg,level_3/patient_image_000438_21354760.jpg,roboflow,C:\Pywork\dental\dental\data\raw\brar_bone_resorption\extracted\level_2\patient_image_000199_9a8179b4.jpg,level_2/patient_image_000199_9a8179b4.jpg,roboflow,roboflow,dhash,7,exclude
C:\Pywork\dental\dental\data\raw\brar_bone_resorption\extracted\level_3\patient_image_000439_edffeaa6.jpg,level_3/patient_image_000439_edffeaa6.jpg,roboflow,C:\Pywork\dental\dental\data\raw\brar_bone_resorption\extracted\level_2\patient_image_000359_1df9d941.jpg,level_2/patient_image_000359_1df9d941.jpg,roboflow,roboflow,dhash,5,exclude
C:\Pywork\dental\dental\data\raw\brar_bone_resorption\extracted\level_3\patient_image_000440_10521983.jpg,level_3/patient_image_000440_10521983.jpg,roboflow,C:\Pywork\dental\dental\data\raw\brar_bone_resorption\extracted\level_2\patient_image_000399_05c48a2a.jpg,level_2/patient_image_000399_05c48a2a.jpg,roboflow,roboflow,dhash,8,exclude
C:\Pywork\dental\dental\data\raw\brar_bone_resorption\extracted\level_3\patient_image_000453_b3b406ed.jpg,level_3/patient_image_000453_b3b406ed.jpg,roboflow,C:\Pywork\dental\dental\data\raw\brar_bone_resorption\extracted\level_3\patient_image_000156_f850dcfc.jpg,level_3/patient_image_000156_f850dcfc.jpg,roboflow,roboflow,dhash,8,exclude
C:\Pywork\dental\dental\data\raw\brar_bone_resorption\extracted\level_3\patient_image_000463_869cd086.jpg,level_3/patient_image_000463_869cd086.jpg,roboflow,C:\Pywork\dental\dental\data\raw\brar_bone_resorption\extracted\level_3\patient_image_000269_36d706fb.jpg,level_3/patient_image_000269_36d706fb.jpg,roboflow,roboflow,dhash,5,exclude
C:\Pywork\dental\dental\data\raw\brar_bone_resorption\extracted\level_3\patient_image_000468_61c7af51.jpg,level_3/patient_image_000468_61c7af51.jpg,roboflow,C:\Pywork\dental\dental\data\raw\brar_bone_resorption\extracted\level_1\patient_image_000022_4eb9fa52.jpg,level_1/patient_image_000022_4eb9fa52.jpg,roboflow,roboflow,dhash,6,exclude
C:\Pywork\dental\dental\data\raw\brar_bone_resorption\extracted\level_3\patient_image_000497_5ef9d338.jpg,level_3/patient_image_000497_5ef9d338.jpg,roboflow,C:\Pywork\dental\dental\data\raw\brar_bone_resorption\extracted\level_2\patient_image_000199_9a8179b4.jpg,level_2/patient_image_000199_9a8179b4.jpg,roboflow,roboflow,dhash,7,exclude
C:\Pywork\dental\dental\data\raw\brar_bone_resorption\extracted\level_3\patient_image_000501_20a9db96.jpg,level_3/patient_image_000501_20a9db96.jpg,roboflow,C:\Pywork\dental\dental\data\raw\brar_bone_resorption\extracted\level_2\patient_image_000447_b27cf611.jpg,level_2/patient_image_000447_b27cf611.jpg,roboflow,roboflow,dhash,7,exclude
C:\Pywork\dental\dental\data\raw\brar_bone_resorption\extracted\level_3\patient_image_000543_652f86bc.jpg,level_3/patient_image_000543_652f86bc.jpg,roboflow,C:\Pywork\dental\dental\data\raw\brar_bone_resorption\extracted\level_2\patient_image_000844_da3a8385.jpg,level_2/patient_image_000844_da3a8385.jpg,roboflow,roboflow,dhash,6,exclude
C:\Pywork\dental\dental\data\raw\brar_bone_resorption\extracted\level_3\patient_image_000547_d171b028.jpg,level_3/patient_image_000547_d171b028.jpg,roboflow,C:\Pywork\dental\dental\data\raw\brar_bone_resorption\extracted\level_2\patient_image_000749_10f541bd.jpg,level_2/patient_image_000749_10f541bd.jpg,roboflow,roboflow,dhash,7,exclude
C:\Pywork\dental\dental\data\raw\brar_bone_resorption\extracted\level_3\patient_image_000563_df925935.jpg,level_3/patient_image_000563_df925935.jpg,roboflow,C:\Pywork\dental\dental\data\raw\brar_bone_resorption\extracted\level_1\patient_image_000536_f7e8a5a5.jpg,level_1/patient_image_000536_f7e8a5a5.jpg,roboflow,roboflow,dhash,7,exclude
C:\Pywork\dental\dental\data\raw\brar_bone_resorption\extracted\level_3\patient_image_000584_388e239a.jpg,level_3/patient_image_000584_388e239a.jpg,roboflow,C:\Pywork\dental\dental\data\raw\brar_bone_resorption\extracted\level_2\patient_image_000796_c6a24843.jpg,level_2/patient_image_000796_c6a24843.jpg,roboflow,roboflow,dhash,8,exclude
C:\Pywork\dental\dental\data\raw\brar_bone_resorption\extracted\level_3\patient_image_000595_83f35693.jpg,level_3/patient_image_000595_83f35693.jpg,roboflow,C:\Pywork\dental\dental\data\raw\brar_bone_resorption\extracted\level_2\patient_image_000383_d609c8e7.jpg,level_2/patient_image_000383_d609c8e7.jpg,roboflow,roboflow,dhash,7,exclude
C:\Pywork\dental\dental\data\raw\brar_bone_resorption\extracted\level_3\patient_image_000619_6ea1b33e.jpg,level_3/patient_image_000619_6ea1b33e.jpg,roboflow,C:\Pywork\dental\dental\data\raw\brar_bone_resorption\extracted\level_2\patient_image_000924_f91b651d.jpg,level_2/patient_image_000924_f91b651d.jpg,roboflow,roboflow,dhash,8,exclude
C:\Pywork\dental\dental\data\raw\brar_bone_resorption\extracted\level_3\patient_image_000621_f3897caa.jpg,level_3/patient_image_000621_f3897caa.jpg,roboflow,C:\Pywork\dental\dental\data\raw\brar_bone_resorption\extracted\level_1\patient_image_000647_262f9013.jpg,level_1/patient_image_000647_262f9013.jpg,roboflow,roboflow,dhash,8,exclude
C:\Pywork\dental\dental\data\raw\brar_bone_resorption\extracted\level_3\patient_image_000639_1b622c1a.jpg,level_3/patient_image_000639_1b622c1a.jpg,roboflow,C:\Pywork\dental\dental\data\raw\brar_bone_resorption\extracted\level_2\patient_image_000221_e7d95fd5.jpg,level_2/patient_image_000221_e7d95fd5.jpg,roboflow,roboflow,dhash,7,exclude
C:\Pywork\dental\dental\data\raw\brar_bone_resorption\extracted\level_3\patient_image_000642_c3ea74ba.jpg,level_3/patient_image_000642_c3ea74ba.jpg,roboflow,C:\Pywork\dental\dental\data\raw\brar_bone_resorption\extracted\level_2\patient_image_000781_4658f1b9.jpg,level_2/patient_image_000781_4658f1b9.jpg,roboflow,roboflow,dhash,7,exclude
C:\Pywork\dental\dental\data\raw\brar_bone_resorption\extracted\level_3\patient_image_000655_1f764a63.jpg,level_3/patient_image_000655_1f764a63.jpg,roboflow,C:\Pywork\dental\dental\data\raw\brar_bone_resorption\extracted\level_2\patient_image_000659_01848364.jpg,level_2/patient_image_000659_01848364.jpg,roboflow,roboflow,dhash,6,exclude
C:\Pywork\dental\dental\data\raw\brar_bone_resorption\extracted\level_3\patient_image_000656_2ab2ef4e.jpg,level_3/patient_image_000656_2ab2ef4e.jpg,roboflow,C:\Pywork\dental\dental\data\raw\brar_bone_resorption\extracted\level_1\patient_image_000006_4aa37c68.jpg,level_1/patient_image_000006_4aa37c68.jpg,roboflow,roboflow,dhash,5,exclude
C:\Pywork\dental\dental\data\raw\brar_bone_resorption\extracted\level_3\patient_image_000660_d4b75c89.jpg,level_3/patient_image_000660_d4b75c89.jpg,roboflow,C:\Pywork\dental\dental\data\raw\brar_bone_resorption\extracted\level_2\patient_image_000091_402cb864.jpg,level_2/patient_image_000091_402cb864.jpg,roboflow,roboflow,dhash,6,exclude
C:\Pywork\dental\dental\data\raw\brar_bone_resorption\extracted\level_3\patient_image_000679_c8b50fad.jpg,level_3/patient_image_000679_c8b50fad.jpg,roboflow,C:\Pywork\dental\dental\data\raw\brar_bone_resorption\extracted\level_1\patient_image_000528_55eaf23d.jpg,level_1/patient_image_000528_55eaf23d.jpg,roboflow,roboflow,dhash,5,exclude
C:\Pywork\dental\dental\data\raw\brar_bone_resorption\extracted\level_3\patient_image_000688_b31e25b2.jpg,level_3/patient_image_000688_b31e25b2.jpg,roboflow,C:\Pywork\dental\dental\data\raw\brar_bone_resorption\extracted\level_1\patient_image_000699_c177b5d0.jpg,level_1/patient_image_000699_c177b5d0.jpg,roboflow,roboflow,dhash,8,exclude
C:\Pywork\dental\dental\data\raw\brar_bone_resorption\extracted\level_3\patient_image_000691_ed307561.jpg,level_3/patient_image_000691_ed307561.jpg,roboflow,C:\Pywork\dental\dental\data\raw\brar_bone_resorption\extracted\level_2\patient_image_000406_20b82889.jpg,level_2/patient_image_000406_20b82889.jpg,roboflow,roboflow,dhash,8,exclude
C:\Pywork\dental\dental\data\raw\brar_bone_resorption\extracted\level_3\patient_image_000696_e1a9ed11.jpg,level_3/patient_image_000696_e1a9ed11.jpg,roboflow,C:\Pywork\dental\dental\data\raw\brar_bone_resorption\extracted\level_2\patient_image_000801_701e7a57.jpg,level_2/patient_image_000801_701e7a57.jpg,roboflow,roboflow,dhash,5,exclude
C:\Pywork\dental\dental\data\raw\brar_bone_resorption\extracted\level_3\patient_image_000698_b617e21d.jpg,level_3/patient_image_000698_b617e21d.jpg,roboflow,C:\Pywork\dental\dental\data\raw\brar_bone_resorption\extracted\level_2\patient_image_000320_9f8cb638.jpg,level_2/patient_image_000320_9f8cb638.jpg,roboflow,roboflow,dhash,8,exclude
C:\Pywork\dental\dental\data\raw\brar_bone_resorption\extracted\level_3\patient_image_000701_56f982f7.jpg,level_3/patient_image_000701_56f982f7.jpg,roboflow,C:\Pywork\dental\dental\data\raw\brar_bone_resorption\extracted\level_3\patient_image_000388_198d0e64.jpg,level_3/patient_image_000388_198d0e64.jpg,roboflow,roboflow,dhash,6,exclude
C:\Pywork\dental\dental\data\raw\brar_bone_resorption\extracted\level_3\patient_image_000714_2a0bebba.jpg,level_3/patient_image_000714_2a0bebba.jpg,roboflow,C:\Pywork\dental\dental\data\raw\brar_bone_resorption\extracted\level_1\patient_image_000444_4592f458.jpg,level_1/patient_image_000444_4592f458.jpg,roboflow,roboflow,dhash,6,exclude
C:\Pywork\dental\dental\data\raw\brar_bone_resorption\extracted\level_3\patient_image_000715_04dfe2d5.jpg,level_3/patient_image_000715_04dfe2d5.jpg,roboflow,C:\Pywork\dental\dental\data\raw\brar_bone_resorption\extracted\level_2\patient_image_000293_c43ad7c2.jpg,level_2/patient_image_000293_c43ad7c2.jpg,roboflow,roboflow,dhash,7,exclude
C:\Pywork\dental\dental\data\raw\brar_bone_resorption\extracted\level_3\patient_image_000722_09368cb5.jpg,level_3/patient_image_000722_09368cb5.jpg,roboflow,C:\Pywork\dental\dental\data\raw\brar_bone_resorption\extracted\level_1\patient_image_000516_912d996b.jpg,level_1/patient_image_000516_912d996b.jpg,roboflow,roboflow,dhash,5,exclude
C:\Pywork\dental\dental\data\raw\brar_bone_resorption\extracted\level_3\patient_image_000725_859e2484.jpg,level_3/patient_image_000725_859e2484.jpg,roboflow,C:\Pywork\dental\dental\data\raw\brar_bone_resorption\extracted\level_1\patient_image_000618_96b0588c.jpg,level_1/patient_image_000618_96b0588c.jpg,roboflow,roboflow,dhash,7,exclude
C:\Pywork\dental\dental\data\raw\brar_bone_resorption\extracted\level_3\patient_image_000732_4e661c5a.jpg,level_3/patient_image_000732_4e661c5a.jpg,roboflow,C:\Pywork\dental\dental\data\raw\brar_bone_resorption\extracted\level_2\patient_image_000825_5ac921b0.jpg,level_2/patient_image_000825_5ac921b0.jpg,roboflow,roboflow,dhash,8,exclude
C:\Pywork\dental\dental\data\raw\brar_bone_resorption\extracted\level_3\patient_image_000739_0dd0bdeb.jpg,level_3/patient_image_000739_0dd0bdeb.jpg,roboflow,C:\Pywork\dental\dental\data\raw\brar_bone_resorption\extracted\level_1\patient_image_000444_4592f458.jpg,level_1/patient_image_000444_4592f458.jpg,roboflow,roboflow,dhash,6,exclude
C:\Pywork\dental\dental\data\raw\brar_bone_resorption\extracted\level_3\patient_image_000745_d898a6cb.jpg,level_3/patient_image_000745_d898a6cb.jpg,roboflow,C:\Pywork\dental\dental\data\raw\brar_bone_resorption\extracted\level_1\patient_image_000520_7753c29b.jpg,level_1/patient_image_000520_7753c29b.jpg,roboflow,roboflow,dhash,6,exclude
C:\Pywork\dental\dental\data\raw\brar_bone_resorption\extracted\level_3\patient_image_000746_9af78966.jpg,level_3/patient_image_000746_9af78966.jpg,roboflow,C:\Pywork\dental\dental\data\raw\brar_bone_resorption\extracted\level_2\patient_image_000424_072c4aa2.jpg,level_2/patient_image_000424_072c4aa2.jpg,roboflow,roboflow,dhash,7,exclude
C:\Pywork\dental\dental\data\raw\brar_bone_resorption\extracted\level_3\patient_image_000753_af43a7c5.jpg,level_3/patient_image_000753_af43a7c5.jpg,roboflow,C:\Pywork\dental\dental\data\raw\brar_bone_resorption\extracted\level_3\patient_image_000348_a440ef40.jpg,level_3/patient_image_000348_a440ef40.jpg,roboflow,roboflow,dhash,8,exclude
C:\Pywork\dental\dental\data\raw\brar_bone_resorption\extracted\level_3\patient_image_000754_959252bf.jpg,level_3/patient_image_000754_959252bf.jpg,roboflow,C:\Pywork\dental\dental\data\raw\brar_bone_resorption\extracted\level_2\patient_image_000755_52d07050.jpg,level_2/patient_image_000755_52d07050.jpg,roboflow,roboflow,dhash,8,exclude
C:\Pywork\dental\dental\data\raw\brar_bone_resorption\extracted\level_3\patient_image_000756_5c31e47b.jpg,level_3/patient_image_000756_5c31e47b.jpg,roboflow,C:\Pywork\dental\dental\data\raw\brar_bone_resorption\extracted\level_2\patient_image_000742_673fbbc2.jpg,level_2/patient_image_000742_673fbbc2.jpg,roboflow,roboflow,dhash,6,exclude
C:\Pywork\dental\dental\data\raw\brar_bone_resorption\extracted\level_3\patient_image_000763_21c07b11.jpg,level_3/patient_image_000763_21c07b11.jpg,roboflow,C:\Pywork\dental\dental\data\raw\brar_bone_resorption\extracted\level_3\patient_image_000706_1e9b97f2.jpg,level_3/patient_image_000706_1e9b97f2.jpg,roboflow,roboflow,dhash,5,exclude
C:\Pywork\dental\dental\data\raw\brar_bone_resorption\extracted\level_3\patient_image_000782_fe4c6b59.jpg,level_3/patient_image_000782_fe4c6b59.jpg,roboflow,C:\Pywork\dental\dental\data\raw\brar_bone_resorption\extracted\level_2\patient_image_000425_0ee856b5.jpg,level_2/patient_image_000425_0ee856b5.jpg,roboflow,roboflow,dhash,8,exclude
C:\Pywork\dental\dental\data\raw\brar_bone_resorption\extracted\level_3\patient_image_000783_c6b9df72.jpg,level_3/patient_image_000783_c6b9df72.jpg,roboflow,C:\Pywork\dental\dental\data\raw\brar_bone_resorption\extracted\level_2\patient_image_000400_6eafcc29.jpg,level_2/patient_image_000400_6eafcc29.jpg,roboflow,roboflow,dhash,7,exclude
C:\Pywork\dental\dental\data\raw\brar_bone_resorption\extracted\level_3\patient_image_000786_2d07f4a7.jpg,level_3/patient_image_000786_2d07f4a7.jpg,roboflow,C:\Pywork\dental\dental\data\raw\brar_bone_resorption\extracted\level_2\patient_image_000917_b23de782.jpg,level_2/patient_image_000917_b23de782.jpg,roboflow,roboflow,dhash,6,exclude
C:\Pywork\dental\dental\data\raw\brar_bone_resorption\extracted\level_3\patient_image_000792_da93de87.jpg,level_3/patient_image_000792_da93de87.jpg,roboflow,C:\Pywork\dental\dental\data\raw\brar_bone_resorption\extracted\level_2\patient_image_000221_e7d95fd5.jpg,level_2/patient_image_000221_e7d95fd5.jpg,roboflow,roboflow,dhash,7,exclude
C:\Pywork\dental\dental\data\raw\brar_bone_resorption\extracted\level_3\patient_image_000800_c80d84c5.jpg,level_3/patient_image_000800_c80d84c5.jpg,roboflow,C:\Pywork\dental\dental\data\raw\brar_bone_resorption\extracted\level_2\patient_image_000677_e5bbd8df.jpg,level_2/patient_image_000677_e5bbd8df.jpg,roboflow,roboflow,dhash,6,exclude
C:\Pywork\dental\dental\data\raw\brar_bone_resorption\extracted\level_3\patient_image_000802_babf562c.jpg,level_3/patient_image_000802_babf562c.jpg,roboflow,C:\Pywork\dental\dental\data\raw\brar_bone_resorption\extracted\level_2\patient_image_000648_fc0e7a10.jpg,level_2/patient_image_000648_fc0e7a10.jpg,roboflow,roboflow,dhash,6,exclude
C:\Pywork\dental\dental\data\raw\brar_bone_resorption\extracted\level_3\patient_image_000804_e1a775f6.jpg,level_3/patient_image_000804_e1a775f6.jpg,roboflow,C:\Pywork\dental\dental\data\raw\brar_bone_resorption\extracted\level_1\patient_image_000526_401bc35c.jpg,level_1/patient_image_000526_401bc35c.jpg,roboflow,roboflow,dhash,6,exclude
C:\Pywork\dental\dental\data\raw\brar_bone_resorption\extracted\level_3\patient_image_000811_f5895c67.jpg,level_3/patient_image_000811_f5895c67.jpg,roboflow,C:\Pywork\dental\dental\data\raw\brar_bone_resorption\extracted\level_1\patient_image_000520_7753c29b.jpg,level_1/patient_image_000520_7753c29b.jpg,roboflow,roboflow,dhash,6,exclude
C:\Pywork\dental\dental\data\raw\brar_bone_resorption\extracted\level_3\patient_image_000813_ad646fe1.jpg,level_3/patient_image_000813_ad646fe1.jpg,roboflow,C:\Pywork\dental\dental\data\raw\brar_bone_resorption\extracted\level_1\patient_image_000520_7753c29b.jpg,level_1/patient_image_000520_7753c29b.jpg,roboflow,roboflow,dhash,5,exclude
C:\Pywork\dental\dental\data\raw\brar_bone_resorption\extracted\level_3\patient_image_000821_2b12cd2f.jpg,level_3/patient_image_000821_2b12cd2f.jpg,roboflow,C:\Pywork\dental\dental\data\raw\brar_bone_resorption\extracted\level_1\patient_image_000523_b1f5b10f.jpg,level_1/patient_image_000523_b1f5b10f.jpg,roboflow,roboflow,dhash,5,exclude
C:\Pywork\dental\dental\data\raw\brar_bone_resorption\extracted\level_3\patient_image_000841_893fdde5.jpg,level_3/patient_image_000841_893fdde5.jpg,roboflow,C:\Pywork\dental\dental\data\raw\brar_bone_resorption\extracted\level_2\patient_image_000223_4ebeaf32.jpg,level_2/patient_image_000223_4ebeaf32.jpg,roboflow,roboflow,dhash,8,exclude
C:\Pywork\dental\dental\data\raw\brar_bone_resorption\extracted\level_3\patient_image_000848_8cf56b98.jpg,level_3/patient_image_000848_8cf56b98.jpg,roboflow,C:\Pywork\dental\dental\data\raw\brar_bone_resorption\extracted\level_2\patient_image_000296_ed406614.jpg,level_2/patient_image_000296_ed406614.jpg,roboflow,roboflow,dhash,6,exclude
C:\Pywork\dental\dental\data\raw\brar_bone_resorption\extracted\level_3\patient_image_000852_74a5a273.jpg,level_3/patient_image_000852_74a5a273.jpg,roboflow,C:\Pywork\dental\dental\data\raw\brar_bone_resorption\extracted\level_2\patient_image_000935_3ac31c34.jpg,level_2/patient_image_000935_3ac31c34.jpg,roboflow,roboflow,dhash,7,exclude
C:\Pywork\dental\dental\data\raw\brar_bone_resorption\extracted\level_3\patient_image_000858_f3bfe969.jpg,level_3/patient_image_000858_f3bfe969.jpg,roboflow,C:\Pywork\dental\dental\data\raw\brar_bone_resorption\extracted\level_2\patient_image_000695_36a72067.jpg,level_2/patient_image_000695_36a72067.jpg,roboflow,roboflow,dhash,7,exclude
C:\Pywork\dental\dental\data\raw\brar_bone_resorption\extracted\level_3\patient_image_000868_0dc83ef9.jpg,level_3/patient_image_000868_0dc83ef9.jpg,roboflow,C:\Pywork\dental\dental\data\raw\brar_bone_resorption\extracted\level_2\patient_image_000774_e26d228d.jpg,level_2/patient_image_000774_e26d228d.jpg,roboflow,roboflow,dhash,8,exclude
C:\Pywork\dental\dental\data\raw\brar_bone_resorption\extracted\level_3\patient_image_000872_e7b5ae4d.jpg,level_3/patient_image_000872_e7b5ae4d.jpg,roboflow,C:\Pywork\dental\dental\data\raw\brar_bone_resorption\extracted\level_1\patient_image_000515_62943aaa.jpg,level_1/patient_image_000515_62943aaa.jpg,roboflow,roboflow,dhash,5,exclude
C:\Pywork\dental\dental\data\raw\brar_bone_resorption\extracted\level_3\patient_image_000875_2bb035cf.jpg,level_3/patient_image_000875_2bb035cf.jpg,roboflow,C:\Pywork\dental\dental\data\raw\brar_bone_resorption\extracted\level_2\patient_image_000560_adc72499.jpg,level_2/patient_image_000560_adc72499.jpg,roboflow,roboflow,dhash,6,exclude
C:\Pywork\dental\dental\data\raw\brar_bone_resorption\extracted\level_3\patient_image_000877_b1ceecdc.jpg,level_3/patient_image_000877_b1ceecdc.jpg,roboflow,C:\Pywork\dental\dental\data\raw\brar_bone_resorption\extracted\level_2\patient_image_000207_83423773.jpg,level_2/patient_image_000207_83423773.jpg,roboflow,roboflow,dhash,7,exclude
C:\Pywork\dental\dental\data\raw\brar_bone_resorption\extracted\level_3\patient_image_000882_b7d0c270.jpg,level_3/patient_image_000882_b7d0c270.jpg,roboflow,C:\Pywork\dental\dental\data\raw\brar_bone_resorption\extracted\level_2\patient_image_000228_5a0ce58e.jpg,level_2/patient_image_000228_5a0ce58e.jpg,roboflow,roboflow,dhash,7,exclude
C:\Pywork\dental\dental\data\raw\brar_bone_resorption\extracted\level_3\patient_image_000883_27fe38a5.jpg,level_3/patient_image_000883_27fe38a5.jpg,roboflow,C:\Pywork\dental\dental\data\raw\brar_bone_resorption\extracted\level_2\patient_image_000318_9ff0fd8a.jpg,level_2/patient_image_000318_9ff0fd8a.jpg,roboflow,roboflow,dhash,8,exclude
C:\Pywork\dental\dental\data\raw\brar_bone_resorption\extracted\level_3\patient_image_000887_be059b53.jpg,level_3/patient_image_000887_be059b53.jpg,roboflow,C:\Pywork\dental\dental\data\raw\brar_bone_resorption\extracted\level_3\patient_image_000579_51b396db.jpg,level_3/patient_image_000579_51b396db.jpg,roboflow,roboflow,dhash,5,exclude
C:\Pywork\dental\dental\data\raw\brar_bone_resorption\extracted\level_3\patient_image_000891_45af6884.jpg,level_3/patient_image_000891_45af6884.jpg,roboflow,C:\Pywork\dental\dental\data\raw\brar_bone_resorption\extracted\level_2\patient_image_000083_69520d04.jpg,level_2/patient_image_000083_69520d04.jpg,roboflow,roboflow,dhash,5,exclude
C:\Pywork\dental\dental\data\raw\brar_bone_resorption\extracted\level_3\patient_image_000893_ccf31a18.jpg,level_3/patient_image_000893_ccf31a18.jpg,roboflow,C:\Pywork\dental\dental\data\raw\brar_bone_resorption\extracted\level_2\patient_image_000793_39966297.jpg,level_2/patient_image_000793_39966297.jpg,roboflow,roboflow,dhash,7,exclude
C:\Pywork\dental\dental\data\raw\brar_bone_resorption\extracted\level_3\patient_image_000899_4252589f.jpg,level_3/patient_image_000899_4252589f.jpg,roboflow,C:\Pywork\dental\dental\data\raw\brar_bone_resorption\extracted\level_2\patient_image_000221_e7d95fd5.jpg,level_2/patient_image_000221_e7d95fd5.jpg,roboflow,roboflow,dhash,8,exclude
C:\Pywork\dental\dental\data\raw\brar_bone_resorption\extracted\level_3\patient_image_000902_8fe039b3.jpg,level_3/patient_image_000902_8fe039b3.jpg,roboflow,C:\Pywork\dental\dental\data\raw\brar_bone_resorption\extracted\level_3\patient_image_000284_d7c3117f.jpg,level_3/patient_image_000284_d7c3117f.jpg,roboflow,roboflow,dhash,8,exclude
C:\Pywork\dental\dental\data\raw\brar_bone_resorption\extracted\level_3\patient_image_000903_f7742c28.jpg,level_3/patient_image_000903_f7742c28.jpg,roboflow,C:\Pywork\dental\dental\data\raw\brar_bone_resorption\extracted\level_1\patient_image_000517_8727624b.jpg,level_1/patient_image_000517_8727624b.jpg,roboflow,roboflow,dhash,7,exclude
C:\Pywork\dental\dental\data\raw\brar_bone_resorption\extracted\level_3\patient_image_000904_89d0531b.jpg,level_3/patient_image_000904_89d0531b.jpg,roboflow,C:\Pywork\dental\dental\data\raw\brar_bone_resorption\extracted\level_1\patient_image_000585_bdca74e0.jpg,level_1/patient_image_000585_bdca74e0.jpg,roboflow,roboflow,dhash,6,exclude
C:\Pywork\dental\dental\data\raw\brar_bone_resorption\extracted\level_3\patient_image_000905_aa2ae462.jpg,level_3/patient_image_000905_aa2ae462.jpg,roboflow,C:\Pywork\dental\dental\data\raw\brar_bone_resorption\extracted\level_2\patient_image_000742_673fbbc2.jpg,level_2/patient_image_000742_673fbbc2.jpg,roboflow,roboflow,dhash,5,exclude
C:\Pywork\dental\dental\data\raw\brar_bone_resorption\extracted\level_3\patient_image_000906_05b770d1.jpg,level_3/patient_image_000906_05b770d1.jpg,roboflow,C:\Pywork\dental\dental\data\raw\brar_bone_resorption\extracted\level_2\patient_image_000738_5f7ed924.jpg,level_2/patient_image_000738_5f7ed924.jpg,roboflow,roboflow,dhash,6,exclude
C:\Pywork\dental\dental\data\raw\brar_bone_resorption\extracted\level_3\patient_image_000907_ae7c6e8e.jpg,level_3/patient_image_000907_ae7c6e8e.jpg,roboflow,C:\Pywork\dental\dental\data\raw\brar_bone_resorption\extracted\level_1\patient_image_000575_2b2e4cc4.jpg,level_1/patient_image_000575_2b2e4cc4.jpg,roboflow,roboflow,dhash,7,exclude
C:\Pywork\dental\dental\data\raw\brar_bone_resorption\extracted\level_3\patient_image_000913_095ba72f.jpg,level_3/patient_image_000913_095ba72f.jpg,roboflow,C:\Pywork\dental\dental\data\raw\brar_bone_resorption\extracted\level_2\patient_image_000583_dfceb69f.jpg,level_2/patient_image_000583_dfceb69f.jpg,roboflow,roboflow,dhash,8,exclude
C:\Pywork\dental\dental\data\raw\brar_bone_resorption\extracted\level_3\patient_image_000918_7fe4102e.jpg,level_3/patient_image_000918_7fe4102e.jpg,roboflow,C:\Pywork\dental\dental\data\raw\brar_bone_resorption\extracted\level_2\patient_image_000807_f91c023c.jpg,level_2/patient_image_000807_f91c023c.jpg,roboflow,roboflow,dhash,6,exclude
C:\Pywork\dental\dental\data\raw\brar_bone_resorption\extracted\level_3\patient_image_000921_3ef89be2.jpg,level_3/patient_image_000921_3ef89be2.jpg,roboflow,C:\Pywork\dental\dental\data\raw\brar_bone_resorption\extracted\level_3\patient_image_000305_ef876e53.jpg,level_3/patient_image_000305_ef876e53.jpg,roboflow,roboflow,dhash,8,exclude
C:\Pywork\dental\dental\data\raw\brar_bone_resorption\extracted\level_3\patient_image_000923_06d8f7f4.jpg,level_3/patient_image_000923_06d8f7f4.jpg,roboflow,C:\Pywork\dental\dental\data\raw\brar_bone_resorption\extracted\level_2\patient_image_000599_f9a4c92e.jpg,level_2/patient_image_000599_f9a4c92e.jpg,roboflow,roboflow,dhash,8,exclude
C:\Pywork\dental\dental\data\raw\brar_bone_resorption\extracted\level_3\patient_image_000940_198a6c6c.jpg,level_3/patient_image_000940_198a6c6c.jpg,roboflow,C:\Pywork\dental\dental\data\raw\brar_bone_resorption\extracted\level_2\patient_image_000410_9dc54632.jpg,level_2/patient_image_000410_9dc54632.jpg,roboflow,roboflow,dhash,8,exclude
C:\Pywork\dental\dental\data\raw\brar_bone_resorption\extracted\level_3\patient_image_000944_a3249312.jpg,level_3/patient_image_000944_a3249312.jpg,roboflow,C:\Pywork\dental\dental\data\raw\brar_bone_resorption\extracted\level_2\patient_image_000604_85a044c8.jpg,level_2/patient_image_000604_85a044c8.jpg,roboflow,roboflow,dhash,8,exclude
C:\Pywork\dental\dental\data\raw\brar_bone_resorption\extracted\level_3\patient_image_000953_280dea9c.jpg,level_3/patient_image_000953_280dea9c.jpg,roboflow,C:\Pywork\dental\dental\data\raw\brar_bone_resorption\extracted\level_3\patient_image_000887_be059b53.jpg,level_3/patient_image_000887_be059b53.jpg,roboflow,roboflow,dhash,6,exclude
C:\Pywork\dental\dental\data\raw\brar_bone_resorption\extracted\level_3\patient_image_000958_567fd642.jpg,level_3/patient_image_000958_567fd642.jpg,roboflow,C:\Pywork\dental\dental\data\raw\brar_bone_resorption\extracted\level_3\patient_image_000629_37e2f34d.jpg,level_3/patient_image_000629_37e2f34d.jpg,roboflow,roboflow,dhash,8,exclude
C:\Pywork\dental\dental\data\raw\brar_bone_resorption\extracted\level_3\patient_image_000960_c07b9ae8.jpg,level_3/patient_image_000960_c07b9ae8.jpg,roboflow,C:\Pywork\dental\dental\data\raw\brar_bone_resorption\extracted\level_2\patient_image_000685_3ea9fe53.jpg,level_2/patient_image_000685_3ea9fe53.jpg,roboflow,roboflow,dhash,6,exclude
C:\Pywork\dental\dental\data\raw\brar_bone_resorption\extracted\level_3\patient_image_000973_32bcd5ac.jpg,level_3/patient_image_000973_32bcd5ac.jpg,roboflow,C:\Pywork\dental\dental\data\raw\brar_bone_resorption\extracted\level_3\patient_image_000619_6ea1b33e.jpg,level_3/patient_image_000619_6ea1b33e.jpg,roboflow,roboflow,dhash,8,exclude
C:\Pywork\dental\dental\data\raw\brar_bone_resorption\extracted\level_3\patient_image_000975_01461997.jpg,level_3/patient_image_000975_01461997.jpg,roboflow,C:\Pywork\dental\dental\data\raw\brar_bone_resorption\extracted\level_2\patient_image_000807_f91c023c.jpg,level_2/patient_image_000807_f91c023c.jpg,roboflow,roboflow,dhash,8,exclude
C:\Pywork\dental\dental\data\raw\brar_bone_resorption\extracted\level_3\patient_image_000977_47673eae.jpg,level_3/patient_image_000977_47673eae.jpg,roboflow,C:\Pywork\dental\dental\data\raw\brar_bone_resorption\extracted\level_2\patient_image_000544_b0afee2d.jpg,level_2/patient_image_000544_b0afee2d.jpg,roboflow,roboflow,dhash,7,exclude
C:\Pywork\dental\dental\data\raw\brar_bone_resorption\extracted\level_3\patient_image_000979_83788988.jpg,level_3/patient_image_000979_83788988.jpg,roboflow,C:\Pywork\dental\dental\data\raw\brar_bone_resorption\extracted\level_1\patient_image_000703_b50c05bd.jpg,level_1/patient_image_000703_b50c05bd.jpg,roboflow,roboflow,dhash,6,exclude
